target_battery_id,battery_id,discharge_index,cycle_age,energy_age_kwh,energy_frac,capacity_ah,SOH,initial_capacity_ah,mean_temperature_c,split,model_name,model_role,predicted_soh,predicted_capacity_ah
B0005,B0005,0,0,0.0066074473326106,0.007077799031726537,1.8564874208181572,1.0055029091401708,1.846327249719927,32.19674844642139,train,self_only_baseline,baseline,1.0055029091401708,1.8564874208181572
B0005,B0005,1,1,0.0131925017916101,0.014131611151233585,1.846327249719927,1.0,1.846327249719927,32.351773863034964,train,self_only_baseline,baseline,1.0,1.846327249719927
B0005,B0005,2,2,0.0197469834376754,0.021152674129523135,1.835349194223408,0.9940541117517577,1.846327249719927,32.27759476527881,train,self_only_baseline,baseline,0.9940541117517577,1.835349194223408
B0005,B0005,3,3,0.026300744034117397,0.02817296473021076,1.8352625275821128,0.9940071717299885,1.846327249719927,32.1517643691623,train,self_only_baseline,baseline,0.9940071717299885,1.8352625275821128
B0005,B0005,4,4,0.0328516912752719,0.035190241706675986,1.8346455082120416,0.9936729842937337,1.846327249719927,32.01460800103346,train,self_only_baseline,baseline,0.9939481662409377,1.8351535841397955
B0005,B0005,5,5,0.0394080674031568,0.04221333402563424,1.8356616600675493,0.9942233481881418,1.846327249719927,32.053001300044,train,self_only_baseline,baseline,0.9939481662409377,1.8351535841397955
B0005,B0005,6,6,0.0459637888351548,0.04923572504412333,1.8351461429226603,0.9939441359602081,1.846327249719927,32.09594080862238,train,self_only_baseline,baseline,0.9939441359602081,1.8351461429226603
B0005,B0005,7,7,0.052497639158299,0.056234688057018756,1.8257567905665535,0.9888587144253578,1.846327249719927,32.077561478804185,train,self_only_baseline,baseline,0.9888587144253578,1.8257567905665535
B0005,B0005,8,8,0.059025515232285795,0.06322725154332351,1.8247738529891333,0.98832633990856,1.846327249719927,32.01990518527796,train,self_only_baseline,baseline,0.98832633990856,1.8247738529891333
B0005,B0005,9,9,0.06555089485702,0.07021714087042374,1.824613268496936,0.9882393648112572,1.846327249719927,31.946054836821943,train,self_only_baseline,baseline,0.988241066619405,1.8246164105916933
B0005,B0005,10,10,0.0720723099007969,0.0772027833975348,1.8246195526864504,0.9882427684275529,1.846327249719927,31.832340886231897,train,self_only_baseline,baseline,0.988241066619405,1.8246164105916933
B0005,B0005,11,11,0.0785687656138252,0.08416168986181971,1.814201935767392,0.9826004225646303,1.846327249719927,32.06986298806205,train,self_only_baseline,baseline,0.9850919016647848,1.8188020215221148
B0005,B0005,12,12,0.0850596846260131,0.09111466549474502,1.8137521577549052,0.9823568156891129,1.846327249719927,32.0355195694815,train,self_only_baseline,baseline,0.9850919016647848,1.8188020215221148
B0005,B0005,13,13,0.0915458299076543,0.09806252757870955,1.8134404914735824,0.9821880123085801,1.846327249719927,31.868931949261153,train,self_only_baseline,baseline,0.9850919016647848,1.8188020215221148
B0005,B0005,14,14,0.0980016115644404,0.10497786460060685,1.8025980036306504,0.9763155496427245,1.846327249719927,31.767416607060238,train,self_only_baseline,baseline,0.9850919016647848,1.8188020215221148
B0005,B0005,15,15,0.1044517941730836,0.11188720400564402,1.80210690024615,0.9760495602930169,1.846327249719927,31.669594682901987,train,self_only_baseline,baseline,0.9850919016647848,1.8188020215221148
B0005,B0005,16,16,0.11090037878260771,0.11879483165785919,1.802579500826209,0.9763055282315992,1.846327249719927,31.696095921348554,train,self_only_baseline,baseline,0.9850919016647848,1.8188020215221148
B0005,B0005,17,17,0.11734668312128871,0.12570001671795777,1.8030683142834096,0.9765702773205133,1.846327249719927,31.738535762695527,train,self_only_baseline,baseline,0.9850919016647848,1.8188020215221148
B0005,B0005,18,18,0.1237899376091445,0.13260193482334134,1.802777624719604,0.9764128352615014,1.846327249719927,31.736857426166416,train,self_only_baseline,baseline,0.9850919016647848,1.8188020215221148
B0005,B0005,19,19,0.1304000329800489,0.13968257039419235,1.8470259949329195,1.000378451443588,1.846327249719927,32.05935570702357,train,self_only_baseline,baseline,0.9850919016647848,1.8188020215221148
B0005,B0005,20,20,0.1370102969616036,0.1467633865782571,1.847417311283644,1.0005903945597305,1.846327249719927,32.40330181777511,train,self_only_baseline,baseline,0.9850919016647848,1.8188020215221148
B0005,B0005,21,21,0.143584000236904,0.1538050394790901,1.8361774213478947,0.9945026926436947,1.846327249719927,32.03090853601917,train,self_only_baseline,baseline,0.9850919016647848,1.8188020215221148
B0005,B0005,22,22,0.1501225084128337,0.16080899191441686,1.825780747577624,0.9888716899209391,1.846327249719927,31.71451183333948,train,self_only_baseline,baseline,0.9850919016647848,1.8188020215221148
B0005,B0005,23,23,0.156654054416247,0.1678054865743858,1.8251136435078368,0.9885103758202626,1.846327249719927,31.596535758333122,train,self_only_baseline,baseline,0.9850919016647848,1.8188020215221148
B0005,B0005,24,24,0.1631810457428349,0.17479710233247295,1.825581504220376,0.9887637765717329,1.846327249719927,31.557268457631125,train,self_only_baseline,baseline,0.9850919016647848,1.8188020215221148
B0005,B0005,25,25,0.1696754076780975,0.18175376597324422,1.814031127508391,0.9825079101137487,1.846327249719927,31.44985339375452,train,self_only_baseline,baseline,0.9850919016647848,1.8188020215221148
B0005,B0005,26,26,0.1761638173571769,0.18870405364597076,1.8147691941158937,0.9829076586456597,1.846327249719927,31.372173809830258,train,self_only_baseline,baseline,0.9850919016647848,1.8188020215221148
B0005,B0005,27,27,0.1826451539796849,0.1956467647659936,1.813969388710352,0.9824744714056063,1.846327249719927,31.336151488797352,train,self_only_baseline,baseline,0.9850919016647848,1.8188020215221148
B0005,B0005,28,28,0.1890957427002179,0.20255653919202993,1.802765665167823,0.9764063577793634,1.846327249719927,31.345957952637118,train,self_only_baseline,baseline,0.9850919016647848,1.8188020215221148
B0005,B0005,29,29,0.1955442255895934,0.20946405788313907,1.804077040117352,0.9771166191643523,1.846327249719927,31.374301942245577,train,self_only_baseline,baseline,0.9850919016647848,1.8188020215221148
B0005,B0005,30,30,0.2021662233219648,0.2165574430860682,1.8518025516704488,1.0029655100152761,1.846327249719927,31.68276532879063,train,self_only_baseline,baseline,0.9850919016647848,1.8188020215221148
B0005,B0005,31,31,0.2087176299208281,0.22357521211965972,1.8307038456739428,0.9915381176070742,1.846327249719927,31.875046092879703,train,self_only_baseline,baseline,0.9850919016647848,1.8188020215221148
B0005,B0005,32,32,0.215229164822136,0.23055027118552163,1.8199041089501269,0.9856888096225583,1.846327249719927,31.643260306115362,train,self_only_baseline,baseline,0.9850919016647848,1.8188020215221148
B0005,B0005,33,33,0.221699035312031,0.23748069995530832,1.809307963702852,0.9799497699973336,1.846327249719927,31.243844739594632,train,self_only_baseline,baseline,0.9799497699973336,1.809307963702852
B0005,B0005,34,34,0.2281478791044994,0.2443886052404277,1.80460990458052,0.9774052269738557,1.846327249719927,31.19410850780964,train,self_only_baseline,baseline,0.9774052269738557,1.80460990458052
B0005,B0005,35,35,0.2345824999190755,0.25128127508376646,1.7993770651972192,0.9745710385145268,1.846327249719927,31.674902796326272,train,self_only_baseline,baseline,0.9745710385145268,1.7993770651972192
B0005,B0005,36,36,0.24097617430163681,0.25813008371985247,1.7884432335370462,0.9686491025945366,1.846327249719927,31.410120703021587,train,self_only_baseline,baseline,0.9686491025945366,1.7884432335370462
B0005,B0005,37,37,0.24734583567657872,0.26495316998033386,1.7829230484252725,0.9656592831502258,1.846327249719927,31.25563961292828,train,self_only_baseline,baseline,0.9656592831502258,1.7829230484252725
B0005,B0005,38,38,0.25367847299576923,0.2717365966245131,1.7730337158018288,0.9603030644057188,1.846327249719927,31.082369887514425,train,self_only_baseline,baseline,0.9603041582738585,1.7730357354403827
B0005,B0005,39,39,0.2600068844330785,0.2785154965670508,1.773037755078937,0.9603052521419984,1.846327249719927,31.325803623817585,train,self_only_baseline,baseline,0.9603041582738585,1.7730357354403827
B0005,B0005,40,40,0.2663221846604719,0.28528035197708207,1.7678721106662054,0.9575074575400311,1.846327249719927,31.859264098146635,train,self_only_baseline,baseline,0.9575074575400311,1.7678721106662054
B0005,B0005,41,41,0.27261735249177543,0.29202364186469926,1.762315070409309,0.9544976767670184,1.846327249719927,32.0203000911082,train,self_only_baseline,baseline,0.9559335603801049,1.764966181451577
B0005,B0005,42,42,0.27892887499401514,0.29878445063189113,1.7676172924938447,0.9573694439931913,1.846327249719927,31.60247904410288,train,self_only_baseline,baseline,0.9559335603801049,1.764966181451577
B0005,B0005,43,43,0.28521978939690307,0.30552318431042996,1.762668359743147,0.9546890238502029,1.846327249719927,31.508287440790987,train,self_only_baseline,baseline,0.9546890238502029,1.762668359743147
B0005,B0005,44,44,0.29146636414336385,0.312214422010336,1.7517304870664143,0.9487648992518188,1.846327249719927,31.160322267422007,train,self_only_baseline,baseline,0.9544939094142783,1.7623081146432855
B0005,B0005,45,45,0.29767710961173943,0.3188672799219557,1.7418496047960008,0.943413257351981,1.846327249719927,31.072400507974496,train,self_only_baseline,baseline,0.9544939094142783,1.7623081146432855
B0005,B0005,46,46,0.3038636265565414,0.325494184600495,1.7360913511847138,0.9402944962481948,1.846327249719927,31.094864460164775,train,self_only_baseline,baseline,0.9544939094142783,1.7623081146432855
B0005,B0005,47,47,0.3102766172523984,0.332363684583278,1.7936240148573608,0.9714550955847286,1.846327249719927,34.12502721238726,train,self_only_baseline,baseline,0.9544939094142783,1.7623081146432855
B0005,B0005,48,48,0.3166568894659519,0.33919813701581797,1.7831890223273277,0.9658033388164655,1.846327249719927,33.219305833918156,train,self_only_baseline,baseline,0.9544939094142783,1.7623081146432855
B0005,B0005,49,49,0.322972371572732,0.3459631872523355,1.7673642076278957,0.9572323692324807,1.846327249719927,32.44589023191801,train,self_only_baseline,baseline,0.9544939094142783,1.7623081146432855
B0005,B0005,50,50,0.3292433650831969,0.3526805819680336,1.7570177850353066,0.9516285833412425,1.846327249719927,32.054620714561715,train,self_only_baseline,baseline,0.9516285833412425,1.7570177850353066
B0005,B0005,51,51,0.3354750697487467,0.359355891059057,1.7468706179837907,0.9461327173981627,1.846327249719927,31.76224144055184,train,self_only_baseline,baseline,0.9461327173981627,1.7468706179837907
B0005,B0005,52,52,0.3416841456935406,0.3660069606019172,1.7417172507457144,0.9433415723078987,1.846327249719927,31.809308712766093,train,self_only_baseline,baseline,0.9433415723078987,1.7417172507457144
B0005,B0005,53,53,0.3478747787604065,0.37263827440901887,1.7364225056478186,0.9404738547357843,1.846327249719927,32.167135519714066,train,self_only_baseline,baseline,0.9404738547357843,1.7364225056478186
B0005,B0005,54,54,0.3540257627630962,0.3792271167299461,1.7263217239235826,0.9350031118185856,1.846327249719927,31.88536912084644,train,self_only_baseline,baseline,0.9350031118185856,1.7263217239235826
B0005,B0005,55,55,0.3601375706385042,0.3857739941676464,1.7158065389330133,0.9293079215471078,1.846327249719927,31.759484077328825,train,self_only_baseline,baseline,0.9293079215471078,1.7158065389330133
B0005,B0005,56,56,0.3662269240818715,0.3922968187526556,1.710533351135192,0.9264518797491973,1.846327249719927,31.67150358880081,train,self_only_baseline,baseline,0.9264518797491973,1.710533351135192
B0005,B0005,57,57,0.3722995648808711,0.39880174100228943,1.706014499648521,0.9240043984116627,1.846327249719927,31.893457603976668,train,self_only_baseline,baseline,0.9240043984116627,1.706014499648521
B0005,B0005,58,58,0.3783528026850889,0.40528587905331126,1.7003110272642588,0.9209153076856674,1.846327249719927,32.23852743627841,train,self_only_baseline,baseline,0.9209153076856674,1.7003110272642588
B0005,B0005,59,59,0.38438066320797254,0.4117428333390735,1.6945798601797897,0.9178112170726201,1.846327249719927,32.06473136908939,train,self_only_baseline,baseline,0.9178112170726201,1.6945798601797897
B0005,B0005,60,60,0.39037324603449103,0.418161998682661,1.6849029086609286,0.9125700272887782,1.846327249719927,31.956564288076304,train,self_only_baseline,baseline,0.9125700272887782,1.6849029086609286
B0005,B0005,61,61,0.3963270389310251,0.42453961283180625,1.6744741591159715,0.9069216518198363,1.846327249719927,31.77164982648268,train,self_only_baseline,baseline,0.906947402637291,1.6745217035519409
B0005,B0005,62,62,0.402277395241932,0.4309135457616848,1.6745692479879102,0.9069731534547458,1.846327249719927,32.01681373536015,train,self_only_baseline,baseline,0.906947402637291,1.6745217035519409
B0005,B0005,63,63,0.408189185295159,0.4372461670915575,1.663716375981405,0.9010950665618879,1.846327249719927,31.945047980988857,train,self_only_baseline,baseline,0.9010950665618879,1.663716375981405
B0005,B0005,64,64,0.4140862986232459,0.4435630669323655,1.659013868748246,0.8985481143713311,1.846327249719927,32.1803113792475,train,self_only_baseline,baseline,0.8985481143713311,1.659013868748246
B0005,B0005,65,65,0.41995669134380614,0.4498513440569324,1.6538540573335014,0.8957534790132019,1.846327249719927,32.06720016134894,train,self_only_baseline,baseline,0.8957534790132019,1.6538540573335014
B0005,B0005,66,66,0.42578674439623765,0.45609640993067135,1.642653782130131,0.8896872330619117,1.846327249719927,31.937970875433706,train,self_only_baseline,baseline,0.8896872330619117,1.642653782130131
B0005,B0005,67,67,0.4315954938925122,0.4623186557528004,1.6378578430223698,0.8870896766923738,1.846327249719927,31.954933583535425,train,self_only_baseline,baseline,0.8870896766923738,1.6378578430223698
B0005,B0005,68,68,0.43738528337814725,0.46852059189432355,1.6327350407099108,0.8843150860485776,1.846327249719927,32.025085085074444,train,self_only_baseline,baseline,0.8843150860485776,1.6327350407099108
B0005,B0005,69,69,0.44315424071839193,0.4747002129524187,1.6277528915533617,0.8816166753755482,1.846327249719927,32.06431691591281,train,self_only_baseline,baseline,0.8816166753755482,1.6277528915533617
B0005,B0005,70,70,0.44889942236987984,0.48085436584733526,1.622125485521159,0.8785687833872475,1.846327249719927,32.059040448308956,train,self_only_baseline,baseline,0.8785687833872475,1.622125485521159
B0005,B0005,71,71,0.45460835782795483,0.48696969236048476,1.6113256603765849,0.8727194275126525,1.846327249719927,32.015310125500555,train,self_only_baseline,baseline,0.8727194275126525,1.6113256603765849
B0005,B0005,72,72,0.46029600543000104,0.4930622156397675,1.6065631397488385,0.8701399711197141,1.846327249719927,32.03877163503643,train,self_only_baseline,baseline,0.8701399711197141,1.6065631397488385
B0005,B0005,73,73,0.4659617438370701,0.49913127011616926,1.6015142233917594,0.8674053982763328,1.846327249719927,32.03833043508112,train,self_only_baseline,baseline,0.8674053982763328,1.6015142233917594
B0005,B0005,74,74,0.47158938218395474,0.5051595123763689,1.590369231400328,0.8613690945857914,1.846327249719927,31.97882248529433,train,self_only_baseline,baseline,0.8613690945857914,1.590369231400328
B0005,B0005,75,75,0.4771959441826075,0.5111651779666992,1.5857889968242211,0.858888367197512,1.846327249719927,31.948688396054933,train,self_only_baseline,baseline,0.8604936200654985,1.5887528189370757
B0005,B0005,76,76,0.4827943506973054,0.5171621075242573,1.5849430707374117,0.8584302002680374,1.846327249719927,31.837086685610622,train,self_only_baseline,baseline,0.8604936200654985,1.5887528189370757
B0005,B0005,77,77,0.48844087471161624,0.5232105798297217,1.5955263892495937,0.8641622927309458,1.846327249719927,32.387036061427295,train,self_only_baseline,baseline,0.8604936200654985,1.5887528189370757
B0005,B0005,78,78,0.4940041849654621,0.5291699147961204,1.5747301747801037,0.8528987345114348,1.846327249719927,31.82497870794929,train,self_only_baseline,baseline,0.8528987345114348,1.5747301747801037
B0005,B0005,79,79,0.4995272979994489,0.5350861911001531,1.5649019950937946,0.8475756371635513,1.846327249719927,31.547238857400213,train,self_only_baseline,baseline,0.8475756371635513,1.5649019950937946
B0005,B0005,80,80,0.5050303945861981,0.540981026084453,1.5597659473370362,0.8447938725779193,1.846327249719927,31.685347096390768,train,self_only_baseline,baseline,0.8447938725779193,1.5597659473370362
B0005,B0005,81,81,0.510532168242712,0.5468744439656162,1.5594815668184234,0.8446398475974312,1.846327249719927,32.16895442051601,train,self_only_baseline,baseline,0.8446398475974312,1.5594815668184234
B0005,B0005,82,82,0.5160186219356591,0.5527514513303062,1.55468935359061,0.842044309223321,1.846327249719927,32.411973028512534,train,self_only_baseline,baseline,0.842044309223321,1.55468935359061
B0005,B0005,83,83,0.5214791815865687,0.5586007213833787,1.5488741079890418,0.8388946803574466,1.846327249719927,32.306133029672495,train,self_only_baseline,baseline,0.8388946803574466,1.5488741079890418
B0005,B0005,84,84,0.5269001932718368,0.5644076282455193,1.538236598942558,0.8331332374452557,1.846327249719927,32.08092303252349,train,self_only_baseline,baseline,0.8362933094443482,1.5440711259855593
B0005,B0005,85,85,0.5322808642810707,0.5701713227771786,1.527914258251028,0.8275424946919893,1.846327249719927,31.816825985859428,train,self_only_baseline,baseline,0.8362933094443482,1.5440711259855593
B0005,B0005,86,86,0.5376614048484875,0.575934877581509,1.5285252629756445,0.8278734245012684,1.846327249719927,32.10276535417089,train,self_only_baseline,baseline,0.8362933094443482,1.5440711259855593
B0005,B0005,87,87,0.5430263941399992,0.5816817740910393,1.522647325284378,0.8246898406094322,1.846327249719927,32.417563859915916,train,self_only_baseline,baseline,0.8362933094443482,1.5440711259855593
B0005,B0005,88,88,0.5483718666060984,0.5874077644682837,1.5174859938489869,0.8218943819841132,1.846327249719927,32.46673695471915,train,self_only_baseline,baseline,0.8362933094443482,1.5440711259855593
B0005,B0005,89,89,0.5540516789452133,0.5934918947307785,1.605818899130659,0.8697368786461062,1.846327249719927,32.33684568201975,train,self_only_baseline,baseline,0.8362933094443482,1.5440711259855593
B0005,B0005,90,90,0.5595778515367397,0.5994114483872137,1.5638491446744425,0.8470053967473349,1.846327249719927,32.830501311525886,train,self_only_baseline,baseline,0.8362933094443482,1.5440711259855593
B0005,B0005,91,91,0.5650424836324258,0.6052650807823898,1.5480915247767786,0.8384708209292863,1.846327249719927,32.8143243312642,train,self_only_baseline,baseline,0.8362933094443482,1.5440711259855593
B0005,B0005,92,92,0.5704506131102948,0.6110581884161043,1.5323755631868592,0.8299588079086783,1.846327249719927,32.59573866870431,train,self_only_baseline,baseline,0.8299588079086783,1.5323755631868592
B0005,B0005,93,93,0.5758303693756259,0.6168209030877385,1.5269528268489705,0.8270217682594442,1.846327249719927,32.43778338463004,train,self_only_baseline,baseline,0.8270217682594442,1.5269528268489705
B0005,B0005,94,94,0.5811742105039792,0.6225451460003212,1.5169573017136326,0.821608033973253,1.846327249719927,32.34079357547547,train,self_only_baseline,baseline,0.821608033973253,1.5169573017136326
B0005,B0005,95,95,0.5864968768926785,0.6282467068476105,1.511897596014269,0.8188676174516797,1.846327249719927,32.41126223894007,train,self_only_baseline,baseline,0.8188676174516797,1.511897596014269
B0005,B0005,96,96,0.5917991866177716,0.6339264619404673,1.5065638960681105,0.8159788013184792,1.846327249719927,32.441012820588064,train,self_only_baseline,baseline,0.8159788013184792,1.5065638960681105
B0005,B0005,97,97,0.5970806078632216,0.6395838416054849,1.5015453526671363,0.8132606789478456,1.846327249719927,32.473458484336334,train,self_only_baseline,baseline,0.8132606789478456,1.5015453526671363
B0005,B0005,98,98,0.602326006856236,0.6452026347709703,1.4908444050400238,0.8074648766984146,1.846327249719927,32.449885261469966,train,self_only_baseline,baseline,0.8074648766984146,1.4908444050400238
B0005,B0005,99,99,0.6075521520748195,0.6508008035804578,1.485868384561201,0.8047697854140404,1.846327249719927,32.499383694743365,train,self_only_baseline,baseline,0.8047697854140404,1.485868384561201
B0005,B0005,100,100,0.6127566703323462,0.6563758059118303,1.480413677976106,0.8018154301739698,1.846327249719927,32.50858807145891,train,self_only_baseline,baseline,0.8039770163203773,1.4844046733808351
B0005,B0005,101,101,0.6179410359346273,0.6619292210194835,1.4752095869031632,0.7989968122535919,1.846327249719927,32.507182627884674,train,self_only_baseline,baseline,0.8039770163203773,1.4844046733808351
B0005,B0005,102,102,0.6231586972422536,0.6675183019900923,1.4859035988304024,0.8047888580184266,1.846327249719927,32.578767397181764,train,self_only_baseline,baseline,0.8039770163203773,1.4844046733808351
B0005,B0005,103,103,0.6284268729460413,0.6731614932284403,1.4960918298136696,0.8103069648355212,1.846327249719927,33.19588064361052,train,self_only_baseline,baseline,0.8039770163203773,1.4844046733808351
B0005,B0005,104,104,0.6336321389205887,0.6787372965031331,1.4808005946928984,0.8020249903788854,1.846327249719927,33.05608309739205,train,self_only_baseline,baseline,0.8020249903788854,1.4808005946928984
B0005,B0005,105,105,0.6387964535311623,0.6842692332875324,1.4697543268466824,0.7960421572446771,1.846327249719927,32.91046150649584,train,self_only_baseline,baseline,0.7960421572446771,1.4697543268466824
B0005,B0005,106,106,0.6438971108448717,0.6897329813249877,1.4539012274845928,0.7874558682406588,1.846327249719927,32.68489538141394,train,self_only_baseline,baseline,0.7875222105532184,1.4540237171040808
B0005,B0005,107,107,0.6490003252085642,0.6951994684362464,1.454146206723569,0.7875885528657779,1.846327249719927,32.69462702497177,train,self_only_baseline,baseline,0.7875222105532184,1.4540237171040808
B0005,B0005,108,108,0.6541048336023962,0.7006673416932898,1.455023751906683,0.7880638451972144,1.846327249719927,32.99580917526743,test,self_only_baseline,baseline,0.7854355542155183,1.4501710666469845
B0005,B0005,109,109,0.6591875171935483,0.7061118365472223,1.449042163761236,0.7848241225823017,1.846327249719927,33.132366788270886,test,self_only_baseline,baseline,0.783349192078743,1.4463189593810724
B0005,B0005,110,110,0.664232877731003,0.7115163515027125,1.4386709371480566,0.7792069024417483,1.846327249719927,32.86666148232815,test,self_only_baseline,baseline,0.7812671002543915,1.442474736509353
B0005,B0005,111,111,0.6692565643485552,0.7168976496784727,1.433445432156979,0.7763766864050894,1.846327249719927,32.72130308414447,test,self_only_baseline,baseline,0.7791813216912704,1.438623706711381
B0005,B0005,112,112,0.6742779704258381,0.7222765049735109,1.4333958900838095,0.7763498536357757,1.846327249719927,32.99539710968725,test,self_only_baseline,baseline,0.7770825583124678,1.4347487026943835
B0005,B0005,113,113,0.6792833126549077,0.7276381529139375,1.42806487344776,0.7734624908257114,1.846327249719927,33.2355337297749,test,self_only_baseline,baseline,0.7749755246568727,1.4308584290399813
B0005,B0005,114,114,0.6842682781549498,0.7329779736061515,1.4229203181741186,0.7706761184345647,1.846327249719927,33.10609061242157,test,self_only_baseline,baseline,0.7728612253936223,1.4269547406961793
B0005,B0005,115,115,0.689229278324626,0.7382921229939235,1.417429032731308,0.7677019515074158,1.846327249719927,32.92297251831194,test,self_only_baseline,baseline,0.7707405312268052,1.4230392452676628
B0005,B0005,116,116,0.6941689444413516,0.7435834196623753,1.412409228794446,0.7649831464106361,1.846327249719927,32.75833803920444,test,self_only_baseline,baseline,0.7686117680610693,1.4191088518265647
B0005,B0005,117,117,0.69910860954413,0.748874715244702,1.412578792940193,0.7650749850301293,1.846327249719927,33.018634427601675,test,self_only_baseline,baseline,0.7664651419183022,1.4151454774842125
B0005,B0005,118,118,0.704036002398131,0.7541528649771805,1.4075983731469897,0.7623775110076022,1.846327249719927,33.35463797220729,test,self_only_baseline,baseline,0.7643053934074817,1.4111578749561426
B0005,B0005,119,119,0.70905798784319,0.7595323408823391,1.4333920485221476,0.7763477729853046,1.846327249719927,33.23299371016394,test,self_only_baseline,baseline,0.7620845788018596,1.4070575244332064
B0005,B0005,120,120,0.714104228011623,0.7649377980854135,1.4382550176792908,0.7789816338882841,1.846327249719927,33.41180332556292,test,self_only_baseline,baseline,0.7598324875659556,1.4028994270155013
B0005,B0005,121,121,0.7190701713484716,0.7702572425201327,1.4173547174485526,0.7676617011765134,1.846327249719927,33.07979210257749,test,self_only_baseline,baseline,0.7575955484403104,1.398769305351858
B0005,B0005,122,122,0.7239941440308519,0.7755317286157836,1.406981663677643,0.7620434914184746,1.846327249719927,32.77692062656273,test,self_only_baseline,baseline,0.7553567269997108,1.3946357083188217
B0005,B0005,123,123,0.7288933823570348,0.7807797196379919,1.4012037783587623,0.7589140974717855,1.846327249719927,32.702190779500334,test,self_only_baseline,baseline,0.7531081122886155,1.3904840297036054
B0005,B0005,124,124,0.7337741189215179,0.7860078918490236,1.3967008232726328,0.7564752258758576,1.846327249719927,32.69814564290445,test,self_only_baseline,baseline,0.7508466538233907,1.386308637315151
B0005,B0005,125,125,0.7386339781708546,0.7912137005914586,1.391284788852726,0.753541816091255,1.846327249719927,32.67825849818678,test,self_only_baseline,baseline,0.7485732661171152,1.3821112196438763
B0005,B0005,126,126,0.7434730348209291,0.7963972258998373,1.3862287677978349,0.7508033952313246,1.846327249719927,32.648298264364215,test,self_only_baseline,baseline,0.7462877693593603,1.3778914447008868
B0005,B0005,127,127,0.7482894651916892,0.8015565142752885,1.3804366761974138,0.7476663069381742,1.846327249719927,32.543384950819075,test,self_only_baseline,baseline,0.7439909161667488,1.3736507020627622
B0005,B0005,128,128,0.7530873237586021,0.8066959088114596,1.3752364150256224,0.7448497633527505,1.846327249719927,32.49201646472032,test,self_only_baseline,baseline,0.7416806711833343,1.369385233796355
B0005,B0005,129,129,0.75786459141092,0.8118132466670328,1.3705128024895008,0.7422913801967644,1.846327249719927,32.521336731745926,test,self_only_baseline,baseline,0.7393579109842606,1.3650966583462405
B0005,B0005,130,130,0.7626399248565177,0.8169285126292162,1.37050855662704,0.7422890805705951,1.846327249719927,32.56557049853643,test,self_only_baseline,baseline,0.7370133683237045,1.3607678653439248
B0005,B0005,131,131,0.7673938823077509,0.8220208809450622,1.3647355108681518,0.7391623078060355,1.846327249719927,32.49969286200077,test,self_only_baseline,baseline,0.7346564133998263,1.3564161552416072
B0005,B0005,132,132,0.7721935950838615,0.8271622616824702,1.375392016895762,0.7449340397832497,1.846327249719927,33.02355084913852,test,self_only_baseline,baseline,0.732253250050369,1.3519791292639758
B0005,B0005,133,133,0.7770404562846199,0.8323541471091356,1.3861115151535393,0.750739889347244,1.846327249719927,33.18332640252283,test,self_only_baseline,baseline,0.7298021584633282,1.3474536120752632
B0005,B0005,134,134,0.7818233882921628,0.8374775525375412,1.369850003583894,0.7419323978410053,1.846327249719927,33.00563974194595,test,self_only_baseline,baseline,0.7273591139760196,1.3429429524660672
B0005,B0005,135,135,0.7865792115945085,0.8425719195252694,1.3647827949260758,0.7391879175986285,1.846327249719927,32.83888264077196,test,self_only_baseline,baseline,0.7249056898628089,1.3384131286707264
B0005,B0005,136,136,0.7912982178990057,0.8476268486940329,1.3543220466259964,0.7335222110985126,1.846327249719927,32.567574326225596,test,self_only_baseline,baseline,0.7224470854689482,1.3338737403820602
B0005,B0005,137,137,0.7960187836522835,0.8526834483210708,1.3546417018378962,0.733695341410026,1.846327249719927,32.926183554356804,test,self_only_baseline,baseline,0.7199632903531386,1.3292878417770195
B0005,B0005,138,138,0.8007378733957,0.8577384668683601,1.354703921319241,0.733729040463839,1.846327249719927,33.126396017342714,test,self_only_baseline,baseline,0.7174556210785857,1.3246578636621273
B0005,B0005,139,139,0.8054348027698954,0.8627697475586648,1.349314997503458,0.7308103142106245,1.846327249719927,32.9060561286401,test,self_only_baseline,baseline,0.7149349822053211,1.3200039394237155
B0005,B0005,140,140,0.8101088308724913,0.8677764967484074,1.3441891937970554,0.7280340979644633,1.846327249719927,32.635416564321226,test,self_only_baseline,baseline,0.712401863681028,1.3153269736655429
B0005,B0005,141,141,0.8147619142437031,0.872760810254285,1.3389913790695755,0.7252188794119189,1.846327249719927,32.50825968540744,test,self_only_baseline,baseline,0.7098552985976674,1.3106251811589489
B0005,B0005,142,142,0.819416746252242,0.8777469968743862,1.3389145230206971,0.7251772529619545,1.846327249719927,32.80649887275094,test,self_only_baseline,baseline,0.7072827721915655,1.305875455554739
B0005,B0005,143,143,0.8240559502171877,0.8827164429672847,1.3340066759761655,0.7225190854863479,1.846327249719927,32.84269100028271,test,self_only_baseline,baseline,0.7046937574376269,1.3010952870646149
B0005,B0005,144,144,0.8286712851872688,0.8876603209488936,1.3286444309174914,0.7196148088693572,1.846327249719927,32.60360448544099,test,self_only_baseline,baseline,0.7020929385531169,1.2962933242865582
B0005,B0005,145,145,0.8332645549492014,0.8925805630086392,1.323170899227622,0.7166502576552106,1.846327249719927,32.370665487251955,test,self_only_baseline,baseline,0.6994794455257757,1.291467960893225
B0005,B0005,146,146,0.8378403464629335,0.897482082629603,1.3181691588445197,0.7139412360644493,1.846327249719927,32.304838725584574,test,self_only_baseline,baseline,0.6968507708994223,1.2866145672999412
B0005,B0005,147,147,0.8424196355534067,0.9023873488026051,1.3184664436640334,0.7141022502181205,1.846327249719927,32.65551569588786,test,self_only_baseline,baseline,0.6941947628812313,1.2817107073204805
B0005,B0005,148,148,0.846995266303674,0.9072886962161432,1.318293040102702,0.7140083321105055,1.846327249719927,32.635317866759415,test,self_only_baseline,baseline,0.6915153602774696,1.276763653280185
B0005,B0005,149,149,0.8515870866318817,0.9122073856641012,1.323872422244268,0.717030213601131,1.846327249719927,32.247784780351324,test,self_only_baseline,baseline,0.688800624579019,1.2717513627843482
B0005,B0005,150,150,0.856325750834355,0.9172833720799766,1.3601216766554785,0.736663382323907,1.846327249719927,32.744062694309804,test,self_only_baseline,baseline,0.6859716982975227,1.2665282391033725
B0005,B0005,151,151,0.8609870491055583,0.9222764852641987,1.3395306867947354,0.7255109769938842,1.846327249719927,32.72454235952263,test,self_only_baseline,baseline,0.6831616132108564,1.2613399024338292
B0005,B0005,152,152,0.865608679214438,0.9272271065045956,1.3290286565120697,0.7198229115199771,1.846327249719927,32.55881984395385,test,self_only_baseline,baseline,0.6803484574106912,1.2561458962222762
B0005,B0005,153,153,0.8702085612722636,0.9321544315570788,1.3236741274998955,0.716922814035641,1.846327249719927,32.49278119516112,test,self_only_baseline,baseline,0.6775216568902203,1.2509266973918085
B0005,B0005,154,154,0.8747872566313024,0.9370590617338238,1.318633896753293,0.7141929454560773,1.846327249719927,32.44110666221537,test,self_only_baseline,baseline,0.6746810455473108,1.245681999263531
B0005,B0005,155,155,0.8793471755927931,0.9419435789135677,1.3134751321324272,0.7113988770580464,1.846327249719927,32.415733723076286,test,self_only_baseline,baseline,0.671825287055001,1.2404093345405605
B0005,B0005,156,156,0.8839032803290405,0.9468240103521209,1.3132020634442203,0.7112509787435691,1.846327249719927,32.43833197212244,test,self_only_baseline,baseline,0.6689450221570773,1.2350914229731123
B0005,B0005,157,157,0.8884393736723515,0.9516830058850331,1.3077959946944353,0.7083229665233058,1.846327249719927,32.38546945624966,test,self_only_baseline,baseline,0.6660505174567207,1.2297472200704014
B0005,B0005,158,158,0.8929588907728371,0.9565242451938677,1.3030329186405918,0.7057432093028208,1.846327249719927,32.37012523135162,test,self_only_baseline,baseline,0.6631397263867483,1.22437294719967
B0005,B0005,159,159,0.8974771593424863,0.9613641470950923,1.3033573559038203,0.7059189296488633,1.846327249719927,32.44186129670507,test,self_only_baseline,baseline,0.6602027597515066,1.2189503456695048
B0005,B0005,160,160,0.9019928371805351,0.9662012738432677,1.3034100438655642,0.7059474662811163,1.846327249719927,32.50100980130544,test,self_only_baseline,baseline,0.6572403507259983,1.2134807691608926
B0005,B0005,161,161,0.9064910462936975,0.9710196883538931,1.2978870806495706,0.7029561421716815,1.846327249719927,32.52872650452429,test,self_only_baseline,baseline,0.6542622698717224,1.2079822573277739
B0005,B0005,162,162,0.9109858947195615,0.9758345029464096,1.2980735056918902,0.7030571129190654,1.846327249719927,32.466597656919355,test,self_only_baseline,baseline,0.6512591975722186,1.202437603108321
B0005,B0005,163,163,0.915466073391316,0.9806336035171255,1.293463613844243,0.7005603226841022,1.846327249719927,32.457732089811394,test,self_only_baseline,baseline,0.6482386887901211,1.196860755435916
B0005,B0005,164,164,0.9199283981212857,0.9854135792116953,1.288003392619118,0.6976029806278912,1.846327249719927,32.505195163356085,test,self_only_baseline,baseline,0.6452030254579751,1.1912559275047994
B0005,B0005,165,165,0.9243871745385878,0.9901897540066591,1.2874525221379407,0.6973046204746406,1.846327249719927,32.553461055027334,test,self_only_baseline,baseline,0.6421425128912945,1.1856052197548266
B0005,B0005,166,166,0.9289343193545916,0.9950605877122857,1.3090153642307354,0.7089833963233237,1.846327249719927,32.962669274100044,test,self_only_baseline,baseline,0.6389931143870115,1.1797903994761416
B0005,B0005,167,167,0.9335454853962983,1.0,1.3250793286429356,0.7176838931689599,1.846327249719927,33.17942891713078,test,self_only_baseline,baseline,0.6357700955425082,1.1738396519571743
B0005,B0005,0,0,0.0066074473326106,0.007077799031726537,1.8564874208181572,1.0055029091401708,1.846327249719927,32.19674844642139,train,fleet_updated_deterministic_final,final_model,1.0055029091401708,1.8564874208181572
B0005,B0005,1,1,0.0131925017916101,0.014131611151233585,1.846327249719927,1.0,1.846327249719927,32.351773863034964,train,fleet_updated_deterministic_final,final_model,1.0,1.846327249719927
B0005,B0005,2,2,0.0197469834376754,0.021152674129523135,1.835349194223408,0.9940541117517577,1.846327249719927,32.27759476527881,train,fleet_updated_deterministic_final,final_model,0.9940541117517577,1.835349194223408
B0005,B0005,3,3,0.026300744034117397,0.02817296473021076,1.8352625275821128,0.9940071717299885,1.846327249719927,32.1517643691623,train,fleet_updated_deterministic_final,final_model,0.9940071717299885,1.8352625275821128
B0005,B0005,4,4,0.0328516912752719,0.035190241706675986,1.8346455082120416,0.9936729842937337,1.846327249719927,32.01460800103346,train,fleet_updated_deterministic_final,final_model,0.9939481662409377,1.8351535841397955
B0005,B0005,5,5,0.0394080674031568,0.04221333402563424,1.8356616600675493,0.9942233481881418,1.846327249719927,32.053001300044,train,fleet_updated_deterministic_final,final_model,0.9939481662409377,1.8351535841397955
B0005,B0005,6,6,0.0459637888351548,0.04923572504412333,1.8351461429226603,0.9939441359602081,1.846327249719927,32.09594080862238,train,fleet_updated_deterministic_final,final_model,0.9939441359602081,1.8351461429226603
B0005,B0005,7,7,0.052497639158299,0.056234688057018756,1.8257567905665535,0.9888587144253578,1.846327249719927,32.077561478804185,train,fleet_updated_deterministic_final,final_model,0.9888587144253578,1.8257567905665535
B0005,B0005,8,8,0.059025515232285795,0.06322725154332351,1.8247738529891333,0.98832633990856,1.846327249719927,32.01990518527796,train,fleet_updated_deterministic_final,final_model,0.98832633990856,1.8247738529891333
B0005,B0005,9,9,0.06555089485702,0.07021714087042374,1.824613268496936,0.9882393648112572,1.846327249719927,31.946054836821943,train,fleet_updated_deterministic_final,final_model,0.988241066619405,1.8246164105916933
B0005,B0005,10,10,0.0720723099007969,0.0772027833975348,1.8246195526864504,0.9882427684275529,1.846327249719927,31.832340886231897,train,fleet_updated_deterministic_final,final_model,0.988241066619405,1.8246164105916933
B0005,B0005,11,11,0.0785687656138252,0.08416168986181971,1.814201935767392,0.9826004225646303,1.846327249719927,32.06986298806205,train,fleet_updated_deterministic_final,final_model,0.9850919016647848,1.8188020215221148
B0005,B0005,12,12,0.0850596846260131,0.09111466549474502,1.8137521577549052,0.9823568156891129,1.846327249719927,32.0355195694815,train,fleet_updated_deterministic_final,final_model,0.9850919016647848,1.8188020215221148
B0005,B0005,13,13,0.0915458299076543,0.09806252757870955,1.8134404914735824,0.9821880123085801,1.846327249719927,31.868931949261153,train,fleet_updated_deterministic_final,final_model,0.9850919016647848,1.8188020215221148
B0005,B0005,14,14,0.0980016115644404,0.10497786460060685,1.8025980036306504,0.9763155496427245,1.846327249719927,31.767416607060238,train,fleet_updated_deterministic_final,final_model,0.9850919016647848,1.8188020215221148
B0005,B0005,15,15,0.1044517941730836,0.11188720400564402,1.80210690024615,0.9760495602930169,1.846327249719927,31.669594682901987,train,fleet_updated_deterministic_final,final_model,0.9850919016647848,1.8188020215221148
B0005,B0005,16,16,0.11090037878260771,0.11879483165785919,1.802579500826209,0.9763055282315992,1.846327249719927,31.696095921348554,train,fleet_updated_deterministic_final,final_model,0.9850919016647848,1.8188020215221148
B0005,B0005,17,17,0.11734668312128871,0.12570001671795777,1.8030683142834096,0.9765702773205133,1.846327249719927,31.738535762695527,train,fleet_updated_deterministic_final,final_model,0.9850919016647848,1.8188020215221148
B0005,B0005,18,18,0.1237899376091445,0.13260193482334134,1.802777624719604,0.9764128352615014,1.846327249719927,31.736857426166416,train,fleet_updated_deterministic_final,final_model,0.9850919016647848,1.8188020215221148
B0005,B0005,19,19,0.1304000329800489,0.13968257039419235,1.8470259949329195,1.000378451443588,1.846327249719927,32.05935570702357,train,fleet_updated_deterministic_final,final_model,0.9850919016647848,1.8188020215221148
B0005,B0005,20,20,0.1370102969616036,0.1467633865782571,1.847417311283644,1.0005903945597305,1.846327249719927,32.40330181777511,train,fleet_updated_deterministic_final,final_model,0.9850919016647848,1.8188020215221148
B0005,B0005,21,21,0.143584000236904,0.1538050394790901,1.8361774213478947,0.9945026926436947,1.846327249719927,32.03090853601917,train,fleet_updated_deterministic_final,final_model,0.9850919016647848,1.8188020215221148
B0005,B0005,22,22,0.1501225084128337,0.16080899191441686,1.825780747577624,0.9888716899209391,1.846327249719927,31.71451183333948,train,fleet_updated_deterministic_final,final_model,0.9850919016647848,1.8188020215221148
B0005,B0005,23,23,0.156654054416247,0.1678054865743858,1.8251136435078368,0.9885103758202626,1.846327249719927,31.596535758333122,train,fleet_updated_deterministic_final,final_model,0.9850919016647848,1.8188020215221148
B0005,B0005,24,24,0.1631810457428349,0.17479710233247295,1.825581504220376,0.9887637765717329,1.846327249719927,31.557268457631125,train,fleet_updated_deterministic_final,final_model,0.9850919016647848,1.8188020215221148
B0005,B0005,25,25,0.1696754076780975,0.18175376597324422,1.814031127508391,0.9825079101137487,1.846327249719927,31.44985339375452,train,fleet_updated_deterministic_final,final_model,0.9850919016647848,1.8188020215221148
B0005,B0005,26,26,0.1761638173571769,0.18870405364597076,1.8147691941158937,0.9829076586456597,1.846327249719927,31.372173809830258,train,fleet_updated_deterministic_final,final_model,0.9850919016647848,1.8188020215221148
B0005,B0005,27,27,0.1826451539796849,0.1956467647659936,1.813969388710352,0.9824744714056063,1.846327249719927,31.336151488797352,train,fleet_updated_deterministic_final,final_model,0.9850919016647848,1.8188020215221148
B0005,B0005,28,28,0.1890957427002179,0.20255653919202993,1.802765665167823,0.9764063577793634,1.846327249719927,31.345957952637118,train,fleet_updated_deterministic_final,final_model,0.9850919016647848,1.8188020215221148
B0005,B0005,29,29,0.1955442255895934,0.20946405788313907,1.804077040117352,0.9771166191643523,1.846327249719927,31.374301942245577,train,fleet_updated_deterministic_final,final_model,0.9850919016647848,1.8188020215221148
B0005,B0005,30,30,0.2021662233219648,0.2165574430860682,1.8518025516704488,1.0029655100152761,1.846327249719927,31.68276532879063,train,fleet_updated_deterministic_final,final_model,0.9850919016647848,1.8188020215221148
B0005,B0005,31,31,0.2087176299208281,0.22357521211965972,1.8307038456739428,0.9915381176070742,1.846327249719927,31.875046092879703,train,fleet_updated_deterministic_final,final_model,0.9850919016647848,1.8188020215221148
B0005,B0005,32,32,0.215229164822136,0.23055027118552163,1.8199041089501269,0.9856888096225583,1.846327249719927,31.643260306115362,train,fleet_updated_deterministic_final,final_model,0.9850919016647848,1.8188020215221148
B0005,B0005,33,33,0.221699035312031,0.23748069995530832,1.809307963702852,0.9799497699973336,1.846327249719927,31.243844739594632,train,fleet_updated_deterministic_final,final_model,0.9799497699973336,1.809307963702852
B0005,B0005,34,34,0.2281478791044994,0.2443886052404277,1.80460990458052,0.9774052269738557,1.846327249719927,31.19410850780964,train,fleet_updated_deterministic_final,final_model,0.9774052269738557,1.80460990458052
B0005,B0005,35,35,0.2345824999190755,0.25128127508376646,1.7993770651972192,0.9745710385145268,1.846327249719927,31.674902796326272,train,fleet_updated_deterministic_final,final_model,0.9745710385145268,1.7993770651972192
B0005,B0005,36,36,0.24097617430163681,0.25813008371985247,1.7884432335370462,0.9686491025945366,1.846327249719927,31.410120703021587,train,fleet_updated_deterministic_final,final_model,0.9686491025945366,1.7884432335370462
B0005,B0005,37,37,0.24734583567657872,0.26495316998033386,1.7829230484252725,0.9656592831502258,1.846327249719927,31.25563961292828,train,fleet_updated_deterministic_final,final_model,0.9656592831502258,1.7829230484252725
B0005,B0005,38,38,0.25367847299576923,0.2717365966245131,1.7730337158018288,0.9603030644057188,1.846327249719927,31.082369887514425,train,fleet_updated_deterministic_final,final_model,0.9603041582738585,1.7730357354403827
B0005,B0005,39,39,0.2600068844330785,0.2785154965670508,1.773037755078937,0.9603052521419984,1.846327249719927,31.325803623817585,train,fleet_updated_deterministic_final,final_model,0.9603041582738585,1.7730357354403827
B0005,B0005,40,40,0.2663221846604719,0.28528035197708207,1.7678721106662054,0.9575074575400311,1.846327249719927,31.859264098146635,train,fleet_updated_deterministic_final,final_model,0.9575074575400311,1.7678721106662054
B0005,B0005,41,41,0.27261735249177543,0.29202364186469926,1.762315070409309,0.9544976767670184,1.846327249719927,32.0203000911082,train,fleet_updated_deterministic_final,final_model,0.9559335603801049,1.764966181451577
B0005,B0005,42,42,0.27892887499401514,0.29878445063189113,1.7676172924938447,0.9573694439931913,1.846327249719927,31.60247904410288,train,fleet_updated_deterministic_final,final_model,0.9559335603801049,1.764966181451577
B0005,B0005,43,43,0.28521978939690307,0.30552318431042996,1.762668359743147,0.9546890238502029,1.846327249719927,31.508287440790987,train,fleet_updated_deterministic_final,final_model,0.9546890238502029,1.762668359743147
B0005,B0005,44,44,0.29146636414336385,0.312214422010336,1.7517304870664143,0.9487648992518188,1.846327249719927,31.160322267422007,train,fleet_updated_deterministic_final,final_model,0.9544939094142783,1.7623081146432855
B0005,B0005,45,45,0.29767710961173943,0.3188672799219557,1.7418496047960008,0.943413257351981,1.846327249719927,31.072400507974496,train,fleet_updated_deterministic_final,final_model,0.9544939094142783,1.7623081146432855
B0005,B0005,46,46,0.3038636265565414,0.325494184600495,1.7360913511847138,0.9402944962481948,1.846327249719927,31.094864460164775,train,fleet_updated_deterministic_final,final_model,0.9544939094142783,1.7623081146432855
B0005,B0005,47,47,0.3102766172523984,0.332363684583278,1.7936240148573608,0.9714550955847286,1.846327249719927,34.12502721238726,train,fleet_updated_deterministic_final,final_model,0.9544939094142783,1.7623081146432855
B0005,B0005,48,48,0.3166568894659519,0.33919813701581797,1.7831890223273277,0.9658033388164655,1.846327249719927,33.219305833918156,train,fleet_updated_deterministic_final,final_model,0.9544939094142783,1.7623081146432855
B0005,B0005,49,49,0.322972371572732,0.3459631872523355,1.7673642076278957,0.9572323692324807,1.846327249719927,32.44589023191801,train,fleet_updated_deterministic_final,final_model,0.9544939094142783,1.7623081146432855
B0005,B0005,50,50,0.3292433650831969,0.3526805819680336,1.7570177850353066,0.9516285833412425,1.846327249719927,32.054620714561715,train,fleet_updated_deterministic_final,final_model,0.9516285833412425,1.7570177850353066
B0005,B0005,51,51,0.3354750697487467,0.359355891059057,1.7468706179837907,0.9461327173981627,1.846327249719927,31.76224144055184,train,fleet_updated_deterministic_final,final_model,0.9461327173981627,1.7468706179837907
B0005,B0005,52,52,0.3416841456935406,0.3660069606019172,1.7417172507457144,0.9433415723078987,1.846327249719927,31.809308712766093,train,fleet_updated_deterministic_final,final_model,0.9433415723078987,1.7417172507457144
B0005,B0005,53,53,0.3478747787604065,0.37263827440901887,1.7364225056478186,0.9404738547357843,1.846327249719927,32.167135519714066,train,fleet_updated_deterministic_final,final_model,0.9404738547357843,1.7364225056478186
B0005,B0005,54,54,0.3540257627630962,0.3792271167299461,1.7263217239235826,0.9350031118185856,1.846327249719927,31.88536912084644,train,fleet_updated_deterministic_final,final_model,0.9350031118185856,1.7263217239235826
B0005,B0005,55,55,0.3601375706385042,0.3857739941676464,1.7158065389330133,0.9293079215471078,1.846327249719927,31.759484077328825,train,fleet_updated_deterministic_final,final_model,0.9293079215471078,1.7158065389330133
B0005,B0005,56,56,0.3662269240818715,0.3922968187526556,1.710533351135192,0.9264518797491973,1.846327249719927,31.67150358880081,train,fleet_updated_deterministic_final,final_model,0.9264518797491973,1.710533351135192
B0005,B0005,57,57,0.3722995648808711,0.39880174100228943,1.706014499648521,0.9240043984116627,1.846327249719927,31.893457603976668,train,fleet_updated_deterministic_final,final_model,0.9240043984116627,1.706014499648521
B0005,B0005,58,58,0.3783528026850889,0.40528587905331126,1.7003110272642588,0.9209153076856674,1.846327249719927,32.23852743627841,train,fleet_updated_deterministic_final,final_model,0.9209153076856674,1.7003110272642588
B0005,B0005,59,59,0.38438066320797254,0.4117428333390735,1.6945798601797897,0.9178112170726201,1.846327249719927,32.06473136908939,train,fleet_updated_deterministic_final,final_model,0.9178112170726201,1.6945798601797897
B0005,B0005,60,60,0.39037324603449103,0.418161998682661,1.6849029086609286,0.9125700272887782,1.846327249719927,31.956564288076304,train,fleet_updated_deterministic_final,final_model,0.9125700272887782,1.6849029086609286
B0005,B0005,61,61,0.3963270389310251,0.42453961283180625,1.6744741591159715,0.9069216518198363,1.846327249719927,31.77164982648268,train,fleet_updated_deterministic_final,final_model,0.906947402637291,1.6745217035519409
B0005,B0005,62,62,0.402277395241932,0.4309135457616848,1.6745692479879102,0.9069731534547458,1.846327249719927,32.01681373536015,train,fleet_updated_deterministic_final,final_model,0.906947402637291,1.6745217035519409
B0005,B0005,63,63,0.408189185295159,0.4372461670915575,1.663716375981405,0.9010950665618879,1.846327249719927,31.945047980988857,train,fleet_updated_deterministic_final,final_model,0.9010950665618879,1.663716375981405
B0005,B0005,64,64,0.4140862986232459,0.4435630669323655,1.659013868748246,0.8985481143713311,1.846327249719927,32.1803113792475,train,fleet_updated_deterministic_final,final_model,0.8985481143713311,1.659013868748246
B0005,B0005,65,65,0.41995669134380614,0.4498513440569324,1.6538540573335014,0.8957534790132019,1.846327249719927,32.06720016134894,train,fleet_updated_deterministic_final,final_model,0.8957534790132019,1.6538540573335014
B0005,B0005,66,66,0.42578674439623765,0.45609640993067135,1.642653782130131,0.8896872330619117,1.846327249719927,31.937970875433706,train,fleet_updated_deterministic_final,final_model,0.8896872330619117,1.642653782130131
B0005,B0005,67,67,0.4315954938925122,0.4623186557528004,1.6378578430223698,0.8870896766923738,1.846327249719927,31.954933583535425,train,fleet_updated_deterministic_final,final_model,0.8870896766923738,1.6378578430223698
B0005,B0005,68,68,0.43738528337814725,0.46852059189432355,1.6327350407099108,0.8843150860485776,1.846327249719927,32.025085085074444,train,fleet_updated_deterministic_final,final_model,0.8843150860485776,1.6327350407099108
B0005,B0005,69,69,0.44315424071839193,0.4747002129524187,1.6277528915533617,0.8816166753755482,1.846327249719927,32.06431691591281,train,fleet_updated_deterministic_final,final_model,0.8816166753755482,1.6277528915533617
B0005,B0005,70,70,0.44889942236987984,0.48085436584733526,1.622125485521159,0.8785687833872475,1.846327249719927,32.059040448308956,train,fleet_updated_deterministic_final,final_model,0.8785687833872475,1.622125485521159
B0005,B0005,71,71,0.45460835782795483,0.48696969236048476,1.6113256603765849,0.8727194275126525,1.846327249719927,32.015310125500555,train,fleet_updated_deterministic_final,final_model,0.8727194275126525,1.6113256603765849
B0005,B0005,72,72,0.46029600543000104,0.4930622156397675,1.6065631397488385,0.8701399711197141,1.846327249719927,32.03877163503643,train,fleet_updated_deterministic_final,final_model,0.8701399711197141,1.6065631397488385
B0005,B0005,73,73,0.4659617438370701,0.49913127011616926,1.6015142233917594,0.8674053982763328,1.846327249719927,32.03833043508112,train,fleet_updated_deterministic_final,final_model,0.8674053982763328,1.6015142233917594
B0005,B0005,74,74,0.47158938218395474,0.5051595123763689,1.590369231400328,0.8613690945857914,1.846327249719927,31.97882248529433,train,fleet_updated_deterministic_final,final_model,0.8613690945857914,1.590369231400328
B0005,B0005,75,75,0.4771959441826075,0.5111651779666992,1.5857889968242211,0.858888367197512,1.846327249719927,31.948688396054933,train,fleet_updated_deterministic_final,final_model,0.8604936200654985,1.5887528189370757
B0005,B0005,76,76,0.4827943506973054,0.5171621075242573,1.5849430707374117,0.8584302002680374,1.846327249719927,31.837086685610622,train,fleet_updated_deterministic_final,final_model,0.8604936200654985,1.5887528189370757
B0005,B0005,77,77,0.48844087471161624,0.5232105798297217,1.5955263892495937,0.8641622927309458,1.846327249719927,32.387036061427295,train,fleet_updated_deterministic_final,final_model,0.8604936200654985,1.5887528189370757
B0005,B0005,78,78,0.4940041849654621,0.5291699147961204,1.5747301747801037,0.8528987345114348,1.846327249719927,31.82497870794929,train,fleet_updated_deterministic_final,final_model,0.8528987345114348,1.5747301747801037
B0005,B0005,79,79,0.4995272979994489,0.5350861911001531,1.5649019950937946,0.8475756371635513,1.846327249719927,31.547238857400213,train,fleet_updated_deterministic_final,final_model,0.8475756371635513,1.5649019950937946
B0005,B0005,80,80,0.5050303945861981,0.540981026084453,1.5597659473370362,0.8447938725779193,1.846327249719927,31.685347096390768,train,fleet_updated_deterministic_final,final_model,0.8447938725779193,1.5597659473370362
B0005,B0005,81,81,0.510532168242712,0.5468744439656162,1.5594815668184234,0.8446398475974312,1.846327249719927,32.16895442051601,train,fleet_updated_deterministic_final,final_model,0.8446398475974312,1.5594815668184234
B0005,B0005,82,82,0.5160186219356591,0.5527514513303062,1.55468935359061,0.842044309223321,1.846327249719927,32.411973028512534,train,fleet_updated_deterministic_final,final_model,0.842044309223321,1.55468935359061
B0005,B0005,83,83,0.5214791815865687,0.5586007213833787,1.5488741079890418,0.8388946803574466,1.846327249719927,32.306133029672495,train,fleet_updated_deterministic_final,final_model,0.8388946803574466,1.5488741079890418
B0005,B0005,84,84,0.5269001932718368,0.5644076282455193,1.538236598942558,0.8331332374452557,1.846327249719927,32.08092303252349,train,fleet_updated_deterministic_final,final_model,0.8362933094443482,1.5440711259855593
B0005,B0005,85,85,0.5322808642810707,0.5701713227771786,1.527914258251028,0.8275424946919893,1.846327249719927,31.816825985859428,train,fleet_updated_deterministic_final,final_model,0.8362933094443482,1.5440711259855593
B0005,B0005,86,86,0.5376614048484875,0.575934877581509,1.5285252629756445,0.8278734245012684,1.846327249719927,32.10276535417089,train,fleet_updated_deterministic_final,final_model,0.8362933094443482,1.5440711259855593
B0005,B0005,87,87,0.5430263941399992,0.5816817740910393,1.522647325284378,0.8246898406094322,1.846327249719927,32.417563859915916,train,fleet_updated_deterministic_final,final_model,0.8362933094443482,1.5440711259855593
B0005,B0005,88,88,0.5483718666060984,0.5874077644682837,1.5174859938489869,0.8218943819841132,1.846327249719927,32.46673695471915,train,fleet_updated_deterministic_final,final_model,0.8362933094443482,1.5440711259855593
B0005,B0005,89,89,0.5540516789452133,0.5934918947307785,1.605818899130659,0.8697368786461062,1.846327249719927,32.33684568201975,train,fleet_updated_deterministic_final,final_model,0.8362933094443482,1.5440711259855593
B0005,B0005,90,90,0.5595778515367397,0.5994114483872137,1.5638491446744425,0.8470053967473349,1.846327249719927,32.830501311525886,train,fleet_updated_deterministic_final,final_model,0.8362933094443482,1.5440711259855593
B0005,B0005,91,91,0.5650424836324258,0.6052650807823898,1.5480915247767786,0.8384708209292863,1.846327249719927,32.8143243312642,train,fleet_updated_deterministic_final,final_model,0.8362933094443482,1.5440711259855593
B0005,B0005,92,92,0.5704506131102948,0.6110581884161043,1.5323755631868592,0.8299588079086783,1.846327249719927,32.59573866870431,train,fleet_updated_deterministic_final,final_model,0.8299588079086783,1.5323755631868592
B0005,B0005,93,93,0.5758303693756259,0.6168209030877385,1.5269528268489705,0.8270217682594442,1.846327249719927,32.43778338463004,train,fleet_updated_deterministic_final,final_model,0.8270217682594442,1.5269528268489705
B0005,B0005,94,94,0.5811742105039792,0.6225451460003212,1.5169573017136326,0.821608033973253,1.846327249719927,32.34079357547547,train,fleet_updated_deterministic_final,final_model,0.821608033973253,1.5169573017136326
B0005,B0005,95,95,0.5864968768926785,0.6282467068476105,1.511897596014269,0.8188676174516797,1.846327249719927,32.41126223894007,train,fleet_updated_deterministic_final,final_model,0.8188676174516797,1.511897596014269
B0005,B0005,96,96,0.5917991866177716,0.6339264619404673,1.5065638960681105,0.8159788013184792,1.846327249719927,32.441012820588064,train,fleet_updated_deterministic_final,final_model,0.8159788013184792,1.5065638960681105
B0005,B0005,97,97,0.5970806078632216,0.6395838416054849,1.5015453526671363,0.8132606789478456,1.846327249719927,32.473458484336334,train,fleet_updated_deterministic_final,final_model,0.8132606789478456,1.5015453526671363
B0005,B0005,98,98,0.602326006856236,0.6452026347709703,1.4908444050400238,0.8074648766984146,1.846327249719927,32.449885261469966,train,fleet_updated_deterministic_final,final_model,0.8074648766984146,1.4908444050400238
B0005,B0005,99,99,0.6075521520748195,0.6508008035804578,1.485868384561201,0.8047697854140404,1.846327249719927,32.499383694743365,train,fleet_updated_deterministic_final,final_model,0.8047697854140404,1.485868384561201
B0005,B0005,100,100,0.6127566703323462,0.6563758059118303,1.480413677976106,0.8018154301739698,1.846327249719927,32.50858807145891,train,fleet_updated_deterministic_final,final_model,0.8039770163203773,1.4844046733808351
B0005,B0005,101,101,0.6179410359346273,0.6619292210194835,1.4752095869031632,0.7989968122535919,1.846327249719927,32.507182627884674,train,fleet_updated_deterministic_final,final_model,0.8039770163203773,1.4844046733808351
B0005,B0005,102,102,0.6231586972422536,0.6675183019900923,1.4859035988304024,0.8047888580184266,1.846327249719927,32.578767397181764,train,fleet_updated_deterministic_final,final_model,0.8039770163203773,1.4844046733808351
B0005,B0005,103,103,0.6284268729460413,0.6731614932284403,1.4960918298136696,0.8103069648355212,1.846327249719927,33.19588064361052,train,fleet_updated_deterministic_final,final_model,0.8039770163203773,1.4844046733808351
B0005,B0005,104,104,0.6336321389205887,0.6787372965031331,1.4808005946928984,0.8020249903788854,1.846327249719927,33.05608309739205,train,fleet_updated_deterministic_final,final_model,0.8020249903788854,1.4808005946928984
B0005,B0005,105,105,0.6387964535311623,0.6842692332875324,1.4697543268466824,0.7960421572446771,1.846327249719927,32.91046150649584,train,fleet_updated_deterministic_final,final_model,0.7960421572446771,1.4697543268466824
B0005,B0005,106,106,0.6438971108448717,0.6897329813249877,1.4539012274845928,0.7874558682406588,1.846327249719927,32.68489538141394,train,fleet_updated_deterministic_final,final_model,0.7875222105532184,1.4540237171040808
B0005,B0005,107,107,0.6490003252085642,0.6951994684362464,1.454146206723569,0.7875885528657779,1.846327249719927,32.69462702497177,train,fleet_updated_deterministic_final,final_model,0.7875222105532184,1.4540237171040808
B0005,B0005,108,108,0.6541048336023962,0.7006673416932898,1.455023751906683,0.7880638451972144,1.846327249719927,32.99580917526743,test,fleet_updated_deterministic_final,final_model,0.7854355542155183,1.4501710666469845
B0005,B0005,109,109,0.6591875171935483,0.7061118365472223,1.449042163761236,0.7848241225823017,1.846327249719927,33.132366788270886,test,fleet_updated_deterministic_final,final_model,0.783349192078743,1.4463189593810724
B0005,B0005,110,110,0.664232877731003,0.7115163515027125,1.4386709371480566,0.7792069024417483,1.846327249719927,32.86666148232815,test,fleet_updated_deterministic_final,final_model,0.7812671002543915,1.442474736509353
B0005,B0005,111,111,0.6692565643485552,0.7168976496784727,1.433445432156979,0.7763766864050894,1.846327249719927,32.72130308414447,test,fleet_updated_deterministic_final,final_model,0.7791813216912704,1.438623706711381
B0005,B0005,112,112,0.6742779704258381,0.7222765049735109,1.4333958900838095,0.7763498536357757,1.846327249719927,32.99539710968725,test,fleet_updated_deterministic_final,final_model,0.7770825583124678,1.4347487026943835
B0005,B0005,113,113,0.6792833126549077,0.7276381529139375,1.42806487344776,0.7734624908257114,1.846327249719927,33.2355337297749,test,fleet_updated_deterministic_final,final_model,0.7749755246568727,1.4308584290399813
B0005,B0005,114,114,0.6842682781549498,0.7329779736061515,1.4229203181741186,0.7706761184345647,1.846327249719927,33.10609061242157,test,fleet_updated_deterministic_final,final_model,0.7728612253936223,1.4269547406961793
B0005,B0005,115,115,0.689229278324626,0.7382921229939235,1.417429032731308,0.7677019515074158,1.846327249719927,32.92297251831194,test,fleet_updated_deterministic_final,final_model,0.7707405312268052,1.4230392452676628
B0005,B0005,116,116,0.6941689444413516,0.7435834196623753,1.412409228794446,0.7649831464106361,1.846327249719927,32.75833803920444,test,fleet_updated_deterministic_final,final_model,0.7686117680610693,1.4191088518265647
B0005,B0005,117,117,0.69910860954413,0.748874715244702,1.412578792940193,0.7650749850301293,1.846327249719927,33.018634427601675,test,fleet_updated_deterministic_final,final_model,0.7664651419183022,1.4151454774842125
B0005,B0005,118,118,0.704036002398131,0.7541528649771805,1.4075983731469897,0.7623775110076022,1.846327249719927,33.35463797220729,test,fleet_updated_deterministic_final,final_model,0.7643053934074817,1.4111578749561426
B0005,B0005,119,119,0.70905798784319,0.7595323408823391,1.4333920485221476,0.7763477729853046,1.846327249719927,33.23299371016394,test,fleet_updated_deterministic_final,final_model,0.7620845788018596,1.4070575244332064
B0005,B0005,120,120,0.714104228011623,0.7649377980854135,1.4382550176792908,0.7789816338882841,1.846327249719927,33.41180332556292,test,fleet_updated_deterministic_final,final_model,0.7598324875659556,1.4028994270155013
B0005,B0005,121,121,0.7190701713484716,0.7702572425201327,1.4173547174485526,0.7676617011765134,1.846327249719927,33.07979210257749,test,fleet_updated_deterministic_final,final_model,0.7575955484403104,1.398769305351858
B0005,B0005,122,122,0.7239941440308519,0.7755317286157836,1.406981663677643,0.7620434914184746,1.846327249719927,32.77692062656273,test,fleet_updated_deterministic_final,final_model,0.7553567269997108,1.3946357083188217
B0005,B0005,123,123,0.7288933823570348,0.7807797196379919,1.4012037783587623,0.7589140974717855,1.846327249719927,32.702190779500334,test,fleet_updated_deterministic_final,final_model,0.7531081122886155,1.3904840297036054
B0005,B0005,124,124,0.7337741189215179,0.7860078918490236,1.3967008232726328,0.7564752258758576,1.846327249719927,32.69814564290445,test,fleet_updated_deterministic_final,final_model,0.7508466538233907,1.386308637315151
B0005,B0005,125,125,0.7386339781708546,0.7912137005914586,1.391284788852726,0.753541816091255,1.846327249719927,32.67825849818678,test,fleet_updated_deterministic_final,final_model,0.7485732661171152,1.3821112196438763
B0005,B0005,126,126,0.7434730348209291,0.7963972258998373,1.3862287677978349,0.7508033952313246,1.846327249719927,32.648298264364215,test,fleet_updated_deterministic_final,final_model,0.7462877693593603,1.3778914447008868
B0005,B0005,127,127,0.7482894651916892,0.8015565142752885,1.3804366761974138,0.7476663069381742,1.846327249719927,32.543384950819075,test,fleet_updated_deterministic_final,final_model,0.7439909161667488,1.3736507020627622
B0005,B0005,128,128,0.7530873237586021,0.8066959088114596,1.3752364150256224,0.7448497633527505,1.846327249719927,32.49201646472032,test,fleet_updated_deterministic_final,final_model,0.7416806711833343,1.369385233796355
B0005,B0005,129,129,0.75786459141092,0.8118132466670328,1.3705128024895008,0.7422913801967644,1.846327249719927,32.521336731745926,test,fleet_updated_deterministic_final,final_model,0.7393579109842606,1.3650966583462405
B0005,B0005,130,130,0.7626399248565177,0.8169285126292162,1.37050855662704,0.7422890805705951,1.846327249719927,32.56557049853643,test,fleet_updated_deterministic_final,final_model,0.7370133683237045,1.3607678653439248
B0005,B0005,131,131,0.7673938823077509,0.8220208809450622,1.3647355108681518,0.7391623078060355,1.846327249719927,32.49969286200077,test,fleet_updated_deterministic_final,final_model,0.7346564133998263,1.3564161552416072
B0005,B0005,132,132,0.7721935950838615,0.8271622616824702,1.375392016895762,0.7449340397832497,1.846327249719927,33.02355084913852,test,fleet_updated_deterministic_final,final_model,0.732253250050369,1.3519791292639758
B0005,B0005,133,133,0.7770404562846199,0.8323541471091356,1.3861115151535393,0.750739889347244,1.846327249719927,33.18332640252283,test,fleet_updated_deterministic_final,final_model,0.7298021584633282,1.3474536120752632
B0005,B0005,134,134,0.7818233882921628,0.8374775525375412,1.369850003583894,0.7419323978410053,1.846327249719927,33.00563974194595,test,fleet_updated_deterministic_final,final_model,0.7273591139760196,1.3429429524660672
B0005,B0005,135,135,0.7865792115945085,0.8425719195252694,1.3647827949260758,0.7391879175986285,1.846327249719927,32.83888264077196,test,fleet_updated_deterministic_final,final_model,0.7249056898628089,1.3384131286707264
B0005,B0005,136,136,0.7912982178990057,0.8476268486940329,1.3543220466259964,0.7335222110985126,1.846327249719927,32.567574326225596,test,fleet_updated_deterministic_final,final_model,0.7224470854689482,1.3338737403820602
B0005,B0005,137,137,0.7960187836522835,0.8526834483210708,1.3546417018378962,0.733695341410026,1.846327249719927,32.926183554356804,test,fleet_updated_deterministic_final,final_model,0.7199632903531386,1.3292878417770195
B0005,B0005,138,138,0.8007378733957,0.8577384668683601,1.354703921319241,0.733729040463839,1.846327249719927,33.126396017342714,test,fleet_updated_deterministic_final,final_model,0.7174556210785857,1.3246578636621273
B0005,B0005,139,139,0.8054348027698954,0.8627697475586648,1.349314997503458,0.7308103142106245,1.846327249719927,32.9060561286401,test,fleet_updated_deterministic_final,final_model,0.7149349822053211,1.3200039394237155
B0005,B0005,140,140,0.8101088308724913,0.8677764967484074,1.3441891937970554,0.7280340979644633,1.846327249719927,32.635416564321226,test,fleet_updated_deterministic_final,final_model,0.712401863681028,1.3153269736655429
B0005,B0005,141,141,0.8147619142437031,0.872760810254285,1.3389913790695755,0.7252188794119189,1.846327249719927,32.50825968540744,test,fleet_updated_deterministic_final,final_model,0.7098552985976674,1.3106251811589489
B0005,B0005,142,142,0.819416746252242,0.8777469968743862,1.3389145230206971,0.7251772529619545,1.846327249719927,32.80649887275094,test,fleet_updated_deterministic_final,final_model,0.7072827721915655,1.305875455554739
B0005,B0005,143,143,0.8240559502171877,0.8827164429672847,1.3340066759761655,0.7225190854863479,1.846327249719927,32.84269100028271,test,fleet_updated_deterministic_final,final_model,0.7046937574376269,1.3010952870646149
B0005,B0005,144,144,0.8286712851872688,0.8876603209488936,1.3286444309174914,0.7196148088693572,1.846327249719927,32.60360448544099,test,fleet_updated_deterministic_final,final_model,0.7020929385531169,1.2962933242865582
B0005,B0005,145,145,0.8332645549492014,0.8925805630086392,1.323170899227622,0.7166502576552106,1.846327249719927,32.370665487251955,test,fleet_updated_deterministic_final,final_model,0.6994794455257757,1.291467960893225
B0005,B0005,146,146,0.8378403464629335,0.897482082629603,1.3181691588445197,0.7139412360644493,1.846327249719927,32.304838725584574,test,fleet_updated_deterministic_final,final_model,0.6968507708994223,1.2866145672999412
B0005,B0005,147,147,0.8424196355534067,0.9023873488026051,1.3184664436640334,0.7141022502181205,1.846327249719927,32.65551569588786,test,fleet_updated_deterministic_final,final_model,0.6941947628812313,1.2817107073204805
B0005,B0005,148,148,0.846995266303674,0.9072886962161432,1.318293040102702,0.7140083321105055,1.846327249719927,32.635317866759415,test,fleet_updated_deterministic_final,final_model,0.6915153602774696,1.276763653280185
B0005,B0005,149,149,0.8515870866318817,0.9122073856641012,1.323872422244268,0.717030213601131,1.846327249719927,32.247784780351324,test,fleet_updated_deterministic_final,final_model,0.688800624579019,1.2717513627843482
B0005,B0005,150,150,0.856325750834355,0.9172833720799766,1.3601216766554785,0.736663382323907,1.846327249719927,32.744062694309804,test,fleet_updated_deterministic_final,final_model,0.6859716982975227,1.2665282391033725
B0005,B0005,151,151,0.8609870491055583,0.9222764852641987,1.3395306867947354,0.7255109769938842,1.846327249719927,32.72454235952263,test,fleet_updated_deterministic_final,final_model,0.6831616132108564,1.2613399024338292
B0005,B0005,152,152,0.865608679214438,0.9272271065045956,1.3290286565120697,0.7198229115199771,1.846327249719927,32.55881984395385,test,fleet_updated_deterministic_final,final_model,0.6803484574106912,1.2561458962222762
B0005,B0005,153,153,0.8702085612722636,0.9321544315570788,1.3236741274998955,0.716922814035641,1.846327249719927,32.49278119516112,test,fleet_updated_deterministic_final,final_model,0.6775216568902203,1.2509266973918085
B0005,B0005,154,154,0.8747872566313024,0.9370590617338238,1.318633896753293,0.7141929454560773,1.846327249719927,32.44110666221537,test,fleet_updated_deterministic_final,final_model,0.6746810455473108,1.245681999263531
B0005,B0005,155,155,0.8793471755927931,0.9419435789135677,1.3134751321324272,0.7113988770580464,1.846327249719927,32.415733723076286,test,fleet_updated_deterministic_final,final_model,0.671825287055001,1.2404093345405605
B0005,B0005,156,156,0.8839032803290405,0.9468240103521209,1.3132020634442203,0.7112509787435691,1.846327249719927,32.43833197212244,test,fleet_updated_deterministic_final,final_model,0.6689450221570773,1.2350914229731123
B0005,B0005,157,157,0.8884393736723515,0.9516830058850331,1.3077959946944353,0.7083229665233058,1.846327249719927,32.38546945624966,test,fleet_updated_deterministic_final,final_model,0.6660505174567207,1.2297472200704014
B0005,B0005,158,158,0.8929588907728371,0.9565242451938677,1.3030329186405918,0.7057432093028208,1.846327249719927,32.37012523135162,test,fleet_updated_deterministic_final,final_model,0.6631397263867483,1.22437294719967
B0005,B0005,159,159,0.8974771593424863,0.9613641470950923,1.3033573559038203,0.7059189296488633,1.846327249719927,32.44186129670507,test,fleet_updated_deterministic_final,final_model,0.6602027597515066,1.2189503456695048
B0005,B0005,160,160,0.9019928371805351,0.9662012738432677,1.3034100438655642,0.7059474662811163,1.846327249719927,32.50100980130544,test,fleet_updated_deterministic_final,final_model,0.6572403507259983,1.2134807691608926
B0005,B0005,161,161,0.9064910462936975,0.9710196883538931,1.2978870806495706,0.7029561421716815,1.846327249719927,32.52872650452429,test,fleet_updated_deterministic_final,final_model,0.6542622698717224,1.2079822573277739
B0005,B0005,162,162,0.9109858947195615,0.9758345029464096,1.2980735056918902,0.7030571129190654,1.846327249719927,32.466597656919355,test,fleet_updated_deterministic_final,final_model,0.6512591975722186,1.202437603108321
B0005,B0005,163,163,0.915466073391316,0.9806336035171255,1.293463613844243,0.7005603226841022,1.846327249719927,32.457732089811394,test,fleet_updated_deterministic_final,final_model,0.6482386887901211,1.196860755435916
B0005,B0005,164,164,0.9199283981212857,0.9854135792116953,1.288003392619118,0.6976029806278912,1.846327249719927,32.505195163356085,test,fleet_updated_deterministic_final,final_model,0.6452030254579751,1.1912559275047994
B0005,B0005,165,165,0.9243871745385878,0.9901897540066591,1.2874525221379407,0.6973046204746406,1.846327249719927,32.553461055027334,test,fleet_updated_deterministic_final,final_model,0.6421425128912945,1.1856052197548266
B0005,B0005,166,166,0.9289343193545916,0.9950605877122857,1.3090153642307354,0.7089833963233237,1.846327249719927,32.962669274100044,test,fleet_updated_deterministic_final,final_model,0.6389931143870115,1.1797903994761416
B0005,B0005,167,167,0.9335454853962983,1.0,1.3250793286429356,0.7176838931689599,1.846327249719927,33.17942891713078,test,fleet_updated_deterministic_final,final_model,0.6357700955425082,1.1738396519571743
B0005,B0005,0,0,0.0066074473326106,0.007077799031726537,1.8564874208181572,1.0055029091401708,1.846327249719927,32.19674844642139,train,uniform_fleet_prior_diagnostic_only,diagnostic_prior,0.9724813182178943,1.795518757669254
B0005,B0005,1,1,0.0131925017916101,0.014131611151233585,1.846327249719927,1.0,1.846327249719927,32.351773863034964,train,uniform_fleet_prior_diagnostic_only,diagnostic_prior,0.9698070443892973,1.7905811730263026
B0005,B0005,2,2,0.0197469834376754,0.021152674129523135,1.835349194223408,0.9940541117517577,1.846327249719927,32.27759476527881,train,uniform_fleet_prior_diagnostic_only,diagnostic_prior,0.9680625544316565,1.7873602736806473
B0005,B0005,3,3,0.026300744034117397,0.02817296473021076,1.8352625275821128,0.9940071717299885,1.846327249719927,32.1517643691623,train,uniform_fleet_prior_diagnostic_only,diagnostic_prior,0.9674991667992939,1.7863200757428612
B0005,B0005,4,4,0.0328516912752719,0.035190241706675986,1.8346455082120416,0.9936729842937337,1.846327249719927,32.01460800103346,train,uniform_fleet_prior_diagnostic_only,diagnostic_prior,0.9665481891648869,1.7845642598225815
B0005,B0005,5,5,0.0394080674031568,0.04221333402563424,1.8356616600675493,0.9942233481881418,1.846327249719927,32.053001300044,train,uniform_fleet_prior_diagnostic_only,diagnostic_prior,0.9662829830337333,1.7840746025158396
B0005,B0005,6,6,0.0459637888351548,0.04923572504412333,1.8351461429226603,0.9939441359602081,1.846327249719927,32.09594080862238,train,uniform_fleet_prior_diagnostic_only,diagnostic_prior,0.9661881738947099,1.7838995538189384
B0005,B0005,7,7,0.052497639158299,0.056234688057018756,1.8257567905665535,0.9888587144253578,1.846327249719927,32.077561478804185,train,uniform_fleet_prior_diagnostic_only,diagnostic_prior,0.9655923667619738,1.7827994988741902
B0005,B0005,8,8,0.059025515232285795,0.06322725154332351,1.8247738529891333,0.98832633990856,1.846327249719927,32.01990518527796,train,uniform_fleet_prior_diagnostic_only,diagnostic_prior,0.9600356348246372,1.7725399532788966
B0005,B0005,9,9,0.06555089485702,0.07021714087042374,1.824613268496936,0.9882393648112572,1.846327249719927,31.946054836821943,train,uniform_fleet_prior_diagnostic_only,diagnostic_prior,0.9594147482450796,1.7713935934680738
B0005,B0005,10,10,0.0720723099007969,0.0772027833975348,1.8246195526864504,0.9882427684275529,1.846327249719927,31.832340886231897,train,uniform_fleet_prior_diagnostic_only,diagnostic_prior,0.9582600850033988,1.7692617072607086
B0005,B0005,11,11,0.0785687656138252,0.08416168986181971,1.814201935767392,0.9826004225646303,1.846327249719927,32.06986298806205,train,uniform_fleet_prior_diagnostic_only,diagnostic_prior,0.9566039313230212,1.7662039055909038
B0005,B0005,12,12,0.0850596846260131,0.09111466549474502,1.8137521577549052,0.9823568156891129,1.846327249719927,32.0355195694815,train,uniform_fleet_prior_diagnostic_only,diagnostic_prior,0.9542205178447877,1.7618033443386913
B0005,B0005,13,13,0.0915458299076543,0.09806252757870955,1.8134404914735824,0.9821880123085801,1.846327249719927,31.868931949261153,train,uniform_fleet_prior_diagnostic_only,diagnostic_prior,0.9508417668958407,1.7555650643916334
B0005,B0005,14,14,0.0980016115644404,0.10497786460060685,1.8025980036306504,0.9763155496427245,1.846327249719927,31.767416607060238,train,uniform_fleet_prior_diagnostic_only,diagnostic_prior,0.9480204579482918,1.7503560048018953
B0005,B0005,15,15,0.1044517941730836,0.11188720400564402,1.80210690024615,0.9760495602930169,1.846327249719927,31.669594682901987,train,uniform_fleet_prior_diagnostic_only,diagnostic_prior,0.946654461089605,1.74783392757867
B0005,B0005,16,16,0.11090037878260771,0.11879483165785919,1.802579500826209,0.9763055282315992,1.846327249719927,31.696095921348554,train,uniform_fleet_prior_diagnostic_only,diagnostic_prior,0.9442064139596994,1.7433140314541267
B0005,B0005,17,17,0.11734668312128871,0.12570001671795777,1.8030683142834096,0.9765702773205133,1.846327249719927,31.738535762695527,train,uniform_fleet_prior_diagnostic_only,diagnostic_prior,0.9421889500162378,1.7395891327999862
B0005,B0005,18,18,0.1237899376091445,0.13260193482334134,1.802777624719604,0.9764128352615014,1.846327249719927,31.736857426166416,train,uniform_fleet_prior_diagnostic_only,diagnostic_prior,0.9419944475932902,1.7392300176763613
B0005,B0005,19,19,0.1304000329800489,0.13968257039419235,1.8470259949329195,1.000378451443588,1.846327249719927,32.05935570702357,train,uniform_fleet_prior_diagnostic_only,diagnostic_prior,0.9400271394696957,1.7355977230791735
B0005,B0005,20,20,0.1370102969616036,0.1467633865782571,1.847417311283644,1.0005903945597305,1.846327249719927,32.40330181777511,train,uniform_fleet_prior_diagnostic_only,diagnostic_prior,0.9387654509075611,1.7332682331062446
B0005,B0005,21,21,0.143584000236904,0.1538050394790901,1.8361774213478947,0.9945026926436947,1.846327249719927,32.03090853601917,train,uniform_fleet_prior_diagnostic_only,diagnostic_prior,0.9382761167160516,1.7323647620542408
B0005,B0005,22,22,0.1501225084128337,0.16080899191441686,1.825780747577624,0.9888716899209391,1.846327249719927,31.71451183333948,train,uniform_fleet_prior_diagnostic_only,diagnostic_prior,0.9368805704188222,1.7297881268974205
B0005,B0005,23,23,0.156654054416247,0.1678054865743858,1.8251136435078368,0.9885103758202626,1.846327249719927,31.596535758333122,train,uniform_fleet_prior_diagnostic_only,diagnostic_prior,0.9362477260565013,1.7286196891064356
B0005,B0005,24,24,0.1631810457428349,0.17479710233247295,1.825581504220376,0.9887637765717329,1.846327249719927,31.557268457631125,train,uniform_fleet_prior_diagnostic_only,diagnostic_prior,0.9352042222227652,1.7266930395430216
B0005,B0005,25,25,0.1696754076780975,0.18175376597324422,1.814031127508391,0.9825079101137487,1.846327249719927,31.44985339375452,train,uniform_fleet_prior_diagnostic_only,diagnostic_prior,0.9345037757802317,1.7253997861892025
B0005,B0005,26,26,0.1761638173571769,0.18870405364597076,1.8147691941158937,0.9829076586456597,1.846327249719927,31.372173809830258,train,uniform_fleet_prior_diagnostic_only,diagnostic_prior,0.93317786692398,1.72295172453726
B0005,B0005,27,27,0.1826451539796849,0.1956467647659936,1.813969388710352,0.9824744714056063,1.846327249719927,31.336151488797352,train,uniform_fleet_prior_diagnostic_only,diagnostic_prior,0.9306116416504561,1.7182136328858328
B0005,B0005,28,28,0.1890957427002179,0.20255653919202993,1.802765665167823,0.9764063577793634,1.846327249719927,31.345957952637118,train,uniform_fleet_prior_diagnostic_only,diagnostic_prior,0.9291628567568242,1.7155387018577377
B0005,B0005,29,29,0.1955442255895934,0.20946405788313907,1.804077040117352,0.9771166191643523,1.846327249719927,31.374301942245577,train,uniform_fleet_prior_diagnostic_only,diagnostic_prior,0.9289153624405109,1.7150817463573775
B0005,B0005,30,30,0.2021662233219648,0.2165574430860682,1.8518025516704488,1.0029655100152761,1.846327249719927,31.68276532879063,train,uniform_fleet_prior_diagnostic_only,diagnostic_prior,0.9289153624405109,1.7150817463573775
B0005,B0005,31,31,0.2087176299208281,0.22357521211965972,1.8307038456739428,0.9915381176070742,1.846327249719927,31.875046092879703,train,uniform_fleet_prior_diagnostic_only,diagnostic_prior,0.9281730730995027,1.7137112373198975
B0005,B0005,32,32,0.215229164822136,0.23055027118552163,1.8199041089501269,0.9856888096225583,1.846327249719927,31.643260306115362,train,uniform_fleet_prior_diagnostic_only,diagnostic_prior,0.9275733741252041,1.712603996762021
B0005,B0005,33,33,0.221699035312031,0.23748069995530832,1.809307963702852,0.9799497699973336,1.846327249719927,31.243844739594632,train,uniform_fleet_prior_diagnostic_only,diagnostic_prior,0.9263979998133774,1.7104338711414746
B0005,B0005,34,34,0.2281478791044994,0.2443886052404277,1.80460990458052,0.9774052269738557,1.846327249719927,31.19410850780964,train,uniform_fleet_prior_diagnostic_only,diagnostic_prior,0.9253063437781525,1.7084183168563176
B0005,B0005,35,35,0.2345824999190755,0.25128127508376646,1.7993770651972192,0.9745710385145268,1.846327249719927,31.674902796326272,train,uniform_fleet_prior_diagnostic_only,diagnostic_prior,0.9215791506270573,1.701536698576481
B0005,B0005,36,36,0.24097617430163681,0.25813008371985247,1.7884432335370462,0.9686491025945366,1.846327249719927,31.410120703021587,train,uniform_fleet_prior_diagnostic_only,diagnostic_prior,0.9181511232382242,1.6952074381956923
B0005,B0005,37,37,0.24734583567657872,0.26495316998033386,1.7829230484252725,0.9656592831502258,1.846327249719927,31.25563961292828,train,uniform_fleet_prior_diagnostic_only,diagnostic_prior,0.9139247569462507,1.687404182943524
B0005,B0005,38,38,0.25367847299576923,0.2717365966245131,1.7730337158018288,0.9603030644057188,1.846327249719927,31.082369887514425,train,uniform_fleet_prior_diagnostic_only,diagnostic_prior,0.9104877280646,1.6810583028612578
B0005,B0005,39,39,0.2600068844330785,0.2785154965670508,1.773037755078937,0.9603052521419984,1.846327249719927,31.325803623817585,train,uniform_fleet_prior_diagnostic_only,diagnostic_prior,0.9074876054966754,1.6755190948115988
B0005,B0005,40,40,0.2663221846604719,0.28528035197708207,1.7678721106662054,0.9575074575400311,1.846327249719927,31.859264098146635,train,uniform_fleet_prior_diagnostic_only,diagnostic_prior,0.9042070263832971,1.6694620721997064
B0005,B0005,41,41,0.27261735249177543,0.29202364186469926,1.762315070409309,0.9544976767670184,1.846327249719927,32.0203000911082,train,uniform_fleet_prior_diagnostic_only,diagnostic_prior,0.9023636718000061,1.66605863640168
B0005,B0005,42,42,0.27892887499401514,0.29878445063189113,1.7676172924938447,0.9573694439931913,1.846327249719927,31.60247904410288,train,uniform_fleet_prior_diagnostic_only,diagnostic_prior,0.9000046940684212,1.6617031915343725
B0005,B0005,43,43,0.28521978939690307,0.30552318431042996,1.762668359743147,0.9546890238502029,1.846327249719927,31.508287440790987,train,uniform_fleet_prior_diagnostic_only,diagnostic_prior,0.8980560866252096,1.6581054245129638
B0005,B0005,44,44,0.29146636414336385,0.312214422010336,1.7517304870664143,0.9487648992518188,1.846327249719927,31.160322267422007,train,uniform_fleet_prior_diagnostic_only,diagnostic_prior,0.8965313262353674,1.6552902178559044
B0005,B0005,45,45,0.29767710961173943,0.3188672799219557,1.7418496047960008,0.943413257351981,1.846327249719927,31.072400507974496,train,uniform_fleet_prior_diagnostic_only,diagnostic_prior,0.8957325866425939,1.6538154831803367
B0005,B0005,46,46,0.3038636265565414,0.325494184600495,1.7360913511847138,0.9402944962481948,1.846327249719927,31.094864460164775,train,uniform_fleet_prior_diagnostic_only,diagnostic_prior,0.8953698184003653,1.653145694289377
B0005,B0005,47,47,0.3102766172523984,0.332363684583278,1.7936240148573608,0.9714550955847286,1.846327249719927,34.12502721238726,train,uniform_fleet_prior_diagnostic_only,diagnostic_prior,0.8953698184003653,1.653145694289377
B0005,B0005,48,48,0.3166568894659519,0.33919813701581797,1.7831890223273277,0.9658033388164655,1.846327249719927,33.219305833918156,train,uniform_fleet_prior_diagnostic_only,diagnostic_prior,0.8950191443484277,1.6524982352315147
B0005,B0005,49,49,0.322972371572732,0.3459631872523355,1.7673642076278957,0.9572323692324807,1.846327249719927,32.44589023191801,train,uniform_fleet_prior_diagnostic_only,diagnostic_prior,0.8936097173486449,1.649895971755325
B0005,B0005,50,50,0.3292433650831969,0.3526805819680336,1.7570177850353066,0.9516285833412425,1.846327249719927,32.054620714561715,train,uniform_fleet_prior_diagnostic_only,diagnostic_prior,0.8927153482588475,1.6482446737335246
B0005,B0005,51,51,0.3354750697487467,0.359355891059057,1.7468706179837907,0.9461327173981627,1.846327249719927,31.76224144055184,train,uniform_fleet_prior_diagnostic_only,diagnostic_prior,0.8922071148314348,1.647306308507274
B0005,B0005,52,52,0.3416841456935406,0.3660069606019172,1.7417172507457144,0.9433415723078987,1.846327249719927,31.809308712766093,train,uniform_fleet_prior_diagnostic_only,diagnostic_prior,0.8914098300891401,1.6458342599617894
B0005,B0005,53,53,0.3478747787604065,0.37263827440901887,1.7364225056478186,0.9404738547357843,1.846327249719927,32.167135519714066,train,uniform_fleet_prior_diagnostic_only,diagnostic_prior,0.8892670884914609,1.6418780577608858
B0005,B0005,54,54,0.3540257627630962,0.3792271167299461,1.7263217239235826,0.9350031118185856,1.846327249719927,31.88536912084644,train,uniform_fleet_prior_diagnostic_only,diagnostic_prior,0.8874220045867804,1.6384714290696547
B0005,B0005,55,55,0.3601375706385042,0.3857739941676464,1.7158065389330133,0.9293079215471078,1.846327249719927,31.759484077328825,train,uniform_fleet_prior_diagnostic_only,diagnostic_prior,0.8853096519971168,1.6345713349223423
B0005,B0005,56,56,0.3662269240818715,0.3922968187526556,1.710533351135192,0.9264518797491973,1.846327249719927,31.67150358880081,train,uniform_fleet_prior_diagnostic_only,diagnostic_prior,0.8829562200836595,1.6302261294501657
B0005,B0005,57,57,0.3722995648808711,0.39880174100228943,1.706014499648521,0.9240043984116627,1.846327249719927,31.893457603976668,train,uniform_fleet_prior_diagnostic_only,diagnostic_prior,0.8801072458227043,1.6249659906384133
B0005,B0005,58,58,0.3783528026850889,0.40528587905331126,1.7003110272642588,0.9209153076856674,1.846327249719927,32.23852743627841,train,uniform_fleet_prior_diagnostic_only,diagnostic_prior,0.8771803894389567,1.6195620559410835
B0005,B0005,59,59,0.38438066320797254,0.4117428333390735,1.6945798601797897,0.9178112170726201,1.846327249719927,32.06473136908939,train,uniform_fleet_prior_diagnostic_only,diagnostic_prior,0.8750697172339857,1.615665064333819
B0005,B0005,60,60,0.39037324603449103,0.418161998682661,1.6849029086609286,0.9125700272887782,1.846327249719927,31.956564288076304,train,uniform_fleet_prior_diagnostic_only,diagnostic_prior,0.8737062544043683,1.6131476657575163
B0005,B0005,61,61,0.3963270389310251,0.42453961283180625,1.6744741591159715,0.9069216518198363,1.846327249719927,31.77164982648268,train,uniform_fleet_prior_diagnostic_only,diagnostic_prior,0.8715531218837004,1.6091722785123488
B0005,B0005,62,62,0.402277395241932,0.4309135457616848,1.6745692479879102,0.9069731534547458,1.846327249719927,32.01681373536015,train,uniform_fleet_prior_diagnostic_only,diagnostic_prior,0.8703600500385607,1.6069694774537937
B0005,B0005,63,63,0.408189185295159,0.4372461670915575,1.663716375981405,0.9010950665618879,1.846327249719927,31.945047980988857,train,uniform_fleet_prior_diagnostic_only,diagnostic_prior,0.8674738287827823,1.6016405685005293
B0005,B0005,64,64,0.4140862986232459,0.4435630669323655,1.659013868748246,0.8985481143713311,1.846327249719927,32.1803113792475,train,uniform_fleet_prior_diagnostic_only,diagnostic_prior,0.864216826247973,1.5956270759681042
B0005,B0005,65,65,0.41995669134380614,0.4498513440569324,1.6538540573335014,0.8957534790132019,1.846327249719927,32.06720016134894,train,uniform_fleet_prior_diagnostic_only,diagnostic_prior,0.862674630564912,1.5927796780540682
B0005,B0005,66,66,0.42578674439623765,0.45609640993067135,1.642653782130131,0.8896872330619117,1.846327249719927,31.937970875433706,train,uniform_fleet_prior_diagnostic_only,diagnostic_prior,0.8612849696348592,1.5902139092110406
B0005,B0005,67,67,0.4315954938925122,0.4623186557528004,1.6378578430223698,0.8870896766923738,1.846327249719927,31.954933583535425,train,uniform_fleet_prior_diagnostic_only,diagnostic_prior,0.8600017995762164,1.5878447573657435
B0005,B0005,68,68,0.43738528337814725,0.46852059189432355,1.6327350407099108,0.8843150860485776,1.846327249719927,32.025085085074444,train,uniform_fleet_prior_diagnostic_only,diagnostic_prior,0.8582659762497862,1.584639859457456
B0005,B0005,69,69,0.44315424071839193,0.4747002129524187,1.6277528915533617,0.8816166753755482,1.846327249719927,32.06431691591281,train,uniform_fleet_prior_diagnostic_only,diagnostic_prior,0.8566817055521216,1.5817147772974252
B0005,B0005,70,70,0.44889942236987984,0.48085436584733526,1.622125485521159,0.8785687833872475,1.846327249719927,32.059040448308956,train,uniform_fleet_prior_diagnostic_only,diagnostic_prior,0.8551436541056516,1.5788750310003363
B0005,B0005,71,71,0.45460835782795483,0.48696969236048476,1.6113256603765849,0.8727194275126525,1.846327249719927,32.015310125500555,train,uniform_fleet_prior_diagnostic_only,diagnostic_prior,0.851730765977436,1.5725737226489662
B0005,B0005,72,72,0.46029600543000104,0.4930622156397675,1.6065631397488385,0.8701399711197141,1.846327249719927,32.03877163503643,train,uniform_fleet_prior_diagnostic_only,diagnostic_prior,0.8477253820106045,1.565178473085414
B0005,B0005,73,73,0.4659617438370701,0.49913127011616926,1.6015142233917594,0.8674053982763328,1.846327249719927,32.03833043508112,train,uniform_fleet_prior_diagnostic_only,diagnostic_prior,0.8458963555481398,1.5618014916873064
B0005,B0005,74,74,0.47158938218395474,0.5051595123763689,1.590369231400328,0.8613690945857914,1.846327249719927,31.97882248529433,train,uniform_fleet_prior_diagnostic_only,diagnostic_prior,0.8452649146753342,1.5606356451972585
B0005,B0005,75,75,0.4771959441826075,0.5111651779666992,1.5857889968242211,0.858888367197512,1.846327249719927,31.948688396054933,train,uniform_fleet_prior_diagnostic_only,diagnostic_prior,0.8436686239495086,1.5576883701316915
B0005,B0005,76,76,0.4827943506973054,0.5171621075242573,1.5849430707374117,0.8584302002680374,1.846327249719927,31.837086685610622,train,uniform_fleet_prior_diagnostic_only,diagnostic_prior,0.8407966687296671,1.5523858009493228
B0005,B0005,77,77,0.48844087471161624,0.5232105798297217,1.5955263892495937,0.8641622927309458,1.846327249719927,32.387036061427295,train,uniform_fleet_prior_diagnostic_only,diagnostic_prior,0.838360004854918,1.5478869220389655
B0005,B0005,78,78,0.4940041849654621,0.5291699147961204,1.5747301747801037,0.8528987345114348,1.846327249719927,31.82497870794929,train,uniform_fleet_prior_diagnostic_only,diagnostic_prior,0.836483679763081,1.5444226118925735
B0005,B0005,79,79,0.4995272979994489,0.5350861911001531,1.5649019950937946,0.8475756371635513,1.846327249719927,31.547238857400213,train,uniform_fleet_prior_diagnostic_only,diagnostic_prior,0.8345250782321902,1.5408063925147468
B0005,B0005,80,80,0.5050303945861981,0.540981026084453,1.5597659473370362,0.8447938725779193,1.846327249719927,31.685347096390768,train,uniform_fleet_prior_diagnostic_only,diagnostic_prior,0.8324810488500896,1.537032445367346
B0005,B0005,81,81,0.510532168242712,0.5468744439656162,1.5594815668184234,0.8446398475974312,1.846327249719927,32.16895442051601,train,uniform_fleet_prior_diagnostic_only,diagnostic_prior,0.8310562574186842,1.5344018141223748
B0005,B0005,82,82,0.5160186219356591,0.5527514513303062,1.55468935359061,0.842044309223321,1.846327249719927,32.411973028512534,train,uniform_fleet_prior_diagnostic_only,diagnostic_prior,0.8282601957764821,1.5292393693204807
B0005,B0005,83,83,0.5214791815865687,0.5586007213833787,1.5488741079890418,0.8388946803574466,1.846327249719927,32.306133029672495,train,uniform_fleet_prior_diagnostic_only,diagnostic_prior,0.8267341758545337,1.5264218371549716
B0005,B0005,84,84,0.5269001932718368,0.5644076282455193,1.538236598942558,0.8331332374452557,1.846327249719927,32.08092303252349,train,uniform_fleet_prior_diagnostic_only,diagnostic_prior,0.8262938800892401,1.5256089070855738
B0005,B0005,85,85,0.5322808642810707,0.5701713227771786,1.527914258251028,0.8275424946919893,1.846327249719927,31.816825985859428,train,uniform_fleet_prior_diagnostic_only,diagnostic_prior,0.8262701783620918,1.5255651459408746
B0005,B0005,86,86,0.5376614048484875,0.575934877581509,1.5285252629756445,0.8278734245012684,1.846327249719927,32.10276535417089,train,uniform_fleet_prior_diagnostic_only,diagnostic_prior,0.8258046701125723,1.5247056653748172
B0005,B0005,87,87,0.5430263941399992,0.5816817740910393,1.522647325284378,0.8246898406094322,1.846327249719927,32.417563859915916,train,uniform_fleet_prior_diagnostic_only,diagnostic_prior,0.8245649450938053,1.5224167272905083
B0005,B0005,88,88,0.5483718666060984,0.5874077644682837,1.5174859938489869,0.8218943819841132,1.846327249719927,32.46673695471915,train,uniform_fleet_prior_diagnostic_only,diagnostic_prior,0.8245460112448888,1.5223817692093116
B0005,B0005,89,89,0.5540516789452133,0.5934918947307785,1.605818899130659,0.8697368786461062,1.846327249719927,32.33684568201975,train,uniform_fleet_prior_diagnostic_only,diagnostic_prior,0.8242845141580071,1.5218989600120794
B0005,B0005,90,90,0.5595778515367397,0.5994114483872137,1.5638491446744425,0.8470053967473349,1.846327249719927,32.830501311525886,train,uniform_fleet_prior_diagnostic_only,diagnostic_prior,0.8181975496243192,1.5106604315254528
B0005,B0005,91,91,0.5650424836324258,0.6052650807823898,1.5480915247767786,0.8384708209292863,1.846327249719927,32.8143243312642,train,uniform_fleet_prior_diagnostic_only,diagnostic_prior,0.8147149835408453,1.5042304748665845
B0005,B0005,92,92,0.5704506131102948,0.6110581884161043,1.5323755631868592,0.8299588079086783,1.846327249719927,32.59573866870431,train,uniform_fleet_prior_diagnostic_only,diagnostic_prior,0.8125668982770682,1.500264406509351
B0005,B0005,93,93,0.5758303693756259,0.6168209030877385,1.5269528268489705,0.8270217682594442,1.846327249719927,32.43778338463004,train,uniform_fleet_prior_diagnostic_only,diagnostic_prior,0.8110864565357142,1.4975310265806663
B0005,B0005,94,94,0.5811742105039792,0.6225451460003212,1.5169573017136326,0.821608033973253,1.846327249719927,32.34079357547547,train,uniform_fleet_prior_diagnostic_only,diagnostic_prior,0.8097106788703616,1.4949908907875697
B0005,B0005,95,95,0.5864968768926785,0.6282467068476105,1.511897596014269,0.8188676174516797,1.846327249719927,32.41126223894007,train,uniform_fleet_prior_diagnostic_only,diagnostic_prior,0.8081680750547018,1.492142739327195
B0005,B0005,96,96,0.5917991866177716,0.6339264619404673,1.5065638960681105,0.8159788013184792,1.846327249719927,32.441012820588064,train,uniform_fleet_prior_diagnostic_only,diagnostic_prior,0.8066189322520465,1.489282514756945
B0005,B0005,97,97,0.5970806078632216,0.6395838416054849,1.5015453526671363,0.8132606789478456,1.846327249719927,32.473458484336334,train,uniform_fleet_prior_diagnostic_only,diagnostic_prior,0.8045711715822872,1.4855016784314639
B0005,B0005,98,98,0.602326006856236,0.6452026347709703,1.4908444050400238,0.8074648766984146,1.846327249719927,32.449885261469966,train,uniform_fleet_prior_diagnostic_only,diagnostic_prior,0.8022938862305771,1.4812970644312133
B0005,B0005,99,99,0.6075521520748195,0.6508008035804578,1.485868384561201,0.8047697854140404,1.846327249719927,32.499383694743365,train,uniform_fleet_prior_diagnostic_only,diagnostic_prior,0.8010744252498367,1.4790455403925022
B0005,B0005,100,100,0.6127566703323462,0.6563758059118303,1.480413677976106,0.8018154301739698,1.846327249719927,32.50858807145891,train,uniform_fleet_prior_diagnostic_only,diagnostic_prior,0.800595391220601,1.4781610868107813
B0005,B0005,101,101,0.6179410359346273,0.6619292210194835,1.4752095869031632,0.7989968122535919,1.846327249719927,32.507182627884674,train,uniform_fleet_prior_diagnostic_only,diagnostic_prior,0.7990458933467572,1.4753002066629204
B0005,B0005,102,102,0.6231586972422536,0.6675183019900923,1.4859035988304024,0.8047888580184266,1.846327249719927,32.578767397181764,train,uniform_fleet_prior_diagnostic_only,diagnostic_prior,0.798221166255173,1.4737774905601462
B0005,B0005,103,103,0.6284268729460413,0.6731614932284403,1.4960918298136696,0.8103069648355212,1.846327249719927,33.19588064361052,train,uniform_fleet_prior_diagnostic_only,diagnostic_prior,0.7974625208076818,1.4723767827975671
B0005,B0005,104,104,0.6336321389205887,0.6787372965031331,1.4808005946928984,0.8020249903788854,1.846327249719927,33.05608309739205,train,uniform_fleet_prior_diagnostic_only,diagnostic_prior,0.7964479427228413,1.4705035396325574
B0005,B0005,105,105,0.6387964535311623,0.6842692332875324,1.4697543268466824,0.7960421572446771,1.846327249719927,32.91046150649584,train,uniform_fleet_prior_diagnostic_only,diagnostic_prior,0.7960421572446772,1.4697543268466826
B0005,B0005,106,106,0.6438971108448717,0.6897329813249877,1.4539012274845928,0.7874558682406588,1.846327249719927,32.68489538141394,train,uniform_fleet_prior_diagnostic_only,diagnostic_prior,0.7960421572446772,1.4697543268466826
B0005,B0005,107,107,0.6490003252085642,0.6951994684362464,1.454146206723569,0.7875885528657779,1.846327249719927,32.69462702497177,train,uniform_fleet_prior_diagnostic_only,diagnostic_prior,0.795245796340404,1.4682839840085113
B0005,B0005,108,108,0.6541048336023962,0.7006673416932898,1.455023751906683,0.7880638451972144,1.846327249719927,32.99580917526743,test,uniform_fleet_prior_diagnostic_only,diagnostic_prior,0.7930102616807253,1.4641564554486532
B0005,B0005,109,109,0.6591875171935483,0.7061118365472223,1.449042163761236,0.7848241225823017,1.846327249719927,33.132366788270886,test,uniform_fleet_prior_diagnostic_only,diagnostic_prior,0.791995510487473,1.4622828926688656
B0005,B0005,110,110,0.664232877731003,0.7115163515027125,1.4386709371480566,0.7792069024417483,1.846327249719927,32.86666148232815,test,uniform_fleet_prior_diagnostic_only,diagnostic_prior,0.7900920720893977,1.458768522486336
B0005,B0005,111,111,0.6692565643485552,0.7168976496784727,1.433445432156979,0.7763766864050894,1.846327249719927,32.72130308414447,test,uniform_fleet_prior_diagnostic_only,diagnostic_prior,0.7893488686049598,1.4573963256409315
B0005,B0005,112,112,0.6742779704258381,0.7222765049735109,1.4333958900838095,0.7763498536357757,1.846327249719927,32.99539710968725,test,uniform_fleet_prior_diagnostic_only,diagnostic_prior,0.7881877800011443,1.4552525761123676
B0005,B0005,113,113,0.6792833126549077,0.7276381529139375,1.42806487344776,0.7734624908257114,1.846327249719927,33.2355337297749,test,uniform_fleet_prior_diagnostic_only,diagnostic_prior,0.7872366028023409,1.4534963917309045
B0005,B0005,114,114,0.6842682781549498,0.7329779736061515,1.4229203181741186,0.7706761184345647,1.846327249719927,33.10609061242157,test,uniform_fleet_prior_diagnostic_only,diagnostic_prior,0.7851565377807047,1.4496559110002685
B0005,B0005,115,115,0.689229278324626,0.7382921229939235,1.417429032731308,0.7677019515074158,1.846327249719927,32.92297251831194,test,uniform_fleet_prior_diagnostic_only,diagnostic_prior,0.7833834732200861,1.4463822535864856
B0005,B0005,116,116,0.6941689444413516,0.7435834196623753,1.412409228794446,0.7649831464106361,1.846327249719927,32.75833803920444,test,uniform_fleet_prior_diagnostic_only,diagnostic_prior,0.782817477214963,1.4453372397389943
B0005,B0005,117,117,0.69910860954413,0.748874715244702,1.412578792940193,0.7650749850301293,1.846327249719927,33.018634427601675,test,uniform_fleet_prior_diagnostic_only,diagnostic_prior,0.7820947470063419,1.4440028432606213
B0005,B0005,118,118,0.704036002398131,0.7541528649771805,1.4075983731469897,0.7623775110076022,1.846327249719927,33.35463797220729,test,uniform_fleet_prior_diagnostic_only,diagnostic_prior,0.7815813952351434,1.4430550278967655
B0005,B0005,119,119,0.70905798784319,0.7595323408823391,1.4333920485221476,0.7763477729853046,1.846327249719927,33.23299371016394,test,uniform_fleet_prior_diagnostic_only,diagnostic_prior,0.7815813952351434,1.4430550278967655
B0005,B0005,120,120,0.714104228011623,0.7649377980854135,1.4382550176792908,0.7789816338882841,1.846327249719927,33.41180332556292,test,uniform_fleet_prior_diagnostic_only,diagnostic_prior,0.7802079195972393,1.4405191423996768
B0005,B0005,121,121,0.7190701713484716,0.7702572425201327,1.4173547174485526,0.7676617011765134,1.846327249719927,33.07979210257749,test,uniform_fleet_prior_diagnostic_only,diagnostic_prior,0.7794742093857914,1.4391644732428828
B0005,B0005,122,122,0.7239941440308519,0.7755317286157836,1.406981663677643,0.7620434914184746,1.846327249719927,32.77692062656273,test,uniform_fleet_prior_diagnostic_only,diagnostic_prior,0.7789927480737427,1.4382755381027614
B0005,B0005,123,123,0.7288933823570348,0.7807797196379919,1.4012037783587623,0.7589140974717855,1.846327249719927,32.702190779500334,test,uniform_fleet_prior_diagnostic_only,diagnostic_prior,0.7784477839223782,1.4372693559399765
B0005,B0005,124,124,0.7337741189215179,0.7860078918490236,1.3967008232726328,0.7564752258758576,1.846327249719927,32.69814564290445,test,uniform_fleet_prior_diagnostic_only,diagnostic_prior,0.7774651341551956,1.4354550628978964
B0005,B0005,125,125,0.7386339781708546,0.7912137005914586,1.391284788852726,0.753541816091255,1.846327249719927,32.67825849818678,test,uniform_fleet_prior_diagnostic_only,diagnostic_prior,0.7762915755893822,1.433288289738693
B0005,B0005,126,126,0.7434730348209291,0.7963972258998373,1.3862287677978349,0.7508033952313246,1.846327249719927,32.648298264364215,test,uniform_fleet_prior_diagnostic_only,diagnostic_prior,0.775404784601774,1.4316509833734659
B0005,B0005,127,127,0.7482894651916892,0.8015565142752885,1.3804366761974138,0.7476663069381742,1.846327249719927,32.543384950819075,test,uniform_fleet_prior_diagnostic_only,diagnostic_prior,0.7744733570681428,1.4299312633369832
B0005,B0005,128,128,0.7530873237586021,0.8066959088114596,1.3752364150256224,0.7448497633527505,1.846327249719927,32.49201646472032,test,uniform_fleet_prior_diagnostic_only,diagnostic_prior,0.7733872952360127,1.4279260377814404
B0005,B0005,129,129,0.75786459141092,0.8118132466670328,1.3705128024895008,0.7422913801967644,1.846327249719927,32.521336731745926,test,uniform_fleet_prior_diagnostic_only,diagnostic_prior,0.772798227274674,1.4268384255524837
B0005,B0005,130,130,0.7626399248565177,0.8169285126292162,1.37050855662704,0.7422890805705951,1.846327249719927,32.56557049853643,test,uniform_fleet_prior_diagnostic_only,diagnostic_prior,0.7722612708321611,1.4258470282407598
B0005,B0005,131,131,0.7673938823077509,0.8220208809450622,1.3647355108681518,0.7391623078060355,1.846327249719927,32.49969286200077,test,uniform_fleet_prior_diagnostic_only,diagnostic_prior,0.7722156487699064,1.4257627949840306
B0005,B0005,132,132,0.7721935950838615,0.8271622616824702,1.375392016895762,0.7449340397832497,1.846327249719927,33.02355084913852,test,uniform_fleet_prior_diagnostic_only,diagnostic_prior,0.7721394150618642,1.425622042611525
B0005,B0005,133,133,0.7770404562846199,0.8323541471091356,1.3861115151535393,0.750739889347244,1.846327249719927,33.18332640252283,test,uniform_fleet_prior_diagnostic_only,diagnostic_prior,0.7717501916476422,1.4249034088156178
B0005,B0005,134,134,0.7818233882921628,0.8374775525375412,1.369850003583894,0.7419323978410053,1.846327249719927,33.00563974194595,test,uniform_fleet_prior_diagnostic_only,diagnostic_prior,0.7711615962265634,1.4238166690506198
B0005,B0005,135,135,0.7865792115945085,0.8425719195252694,1.3647827949260758,0.7391879175986285,1.846327249719927,32.83888264077196,test,uniform_fleet_prior_diagnostic_only,diagnostic_prior,0.7709022742730895,1.4233378758614703
B0005,B0005,136,136,0.7912982178990057,0.8476268486940329,1.3543220466259964,0.7335222110985126,1.846327249719927,32.567574326225596,test,uniform_fleet_prior_diagnostic_only,diagnostic_prior,0.7706471264561867,1.422866789494416
B0005,B0005,137,137,0.7960187836522835,0.8526834483210708,1.3546417018378962,0.733695341410026,1.846327249719927,32.926183554356804,test,uniform_fleet_prior_diagnostic_only,diagnostic_prior,0.7684867995789089,1.4188781191125956
B0005,B0005,138,138,0.8007378733957,0.8577384668683601,1.354703921319241,0.733729040463839,1.846327249719927,33.126396017342714,test,uniform_fleet_prior_diagnostic_only,diagnostic_prior,0.7674700723760144,1.41700090797236
B0005,B0005,139,139,0.8054348027698954,0.8627697475586648,1.349314997503458,0.7308103142106245,1.846327249719927,32.9060561286401,test,uniform_fleet_prior_diagnostic_only,diagnostic_prior,0.766529619957405,1.4152645250448164
B0005,B0005,140,140,0.8101088308724913,0.8677764967484074,1.3441891937970554,0.7280340979644633,1.846327249719927,32.635416564321226,test,uniform_fleet_prior_diagnostic_only,diagnostic_prior,0.7655209264665784,1.4134021467660882
B0005,B0005,141,141,0.8147619142437031,0.872760810254285,1.3389913790695755,0.7252188794119189,1.846327249719927,32.50825968540744,test,uniform_fleet_prior_diagnostic_only,diagnostic_prior,0.7628358661088379,1.4084446466604492
B0005,B0005,142,142,0.819416746252242,0.8777469968743862,1.3389145230206971,0.7251772529619545,1.846327249719927,32.80649887275094,test,uniform_fleet_prior_diagnostic_only,diagnostic_prior,0.7612249752492426,1.4054704149700536
B0005,B0005,143,143,0.8240559502171877,0.8827164429672847,1.3340066759761655,0.7225190854863479,1.846327249719927,32.84269100028271,test,uniform_fleet_prior_diagnostic_only,diagnostic_prior,0.7606818794015981,1.4044676823073379
B0005,B0005,144,144,0.8286712851872688,0.8876603209488936,1.3286444309174914,0.7196148088693572,1.846327249719927,32.60360448544099,test,uniform_fleet_prior_diagnostic_only,diagnostic_prior,0.7599204416761078,1.4030618190858004
B0005,B0005,145,145,0.8332645549492014,0.8925805630086392,1.323170899227622,0.7166502576552106,1.846327249719927,32.370665487251955,test,uniform_fleet_prior_diagnostic_only,diagnostic_prior,0.759473324439225,1.4022362943475242
B0005,B0005,146,146,0.8378403464629335,0.897482082629603,1.3181691588445197,0.7139412360644493,1.846327249719927,32.304838725584574,test,uniform_fleet_prior_diagnostic_only,diagnostic_prior,0.7581143616960117,1.3997272044033753
B0005,B0005,147,147,0.8424196355534067,0.9023873488026051,1.3184664436640334,0.7141022502181205,1.846327249719927,32.65551569588786,test,uniform_fleet_prior_diagnostic_only,diagnostic_prior,0.7577156219705523,1.3989910003827137
B0005,B0005,148,148,0.846995266303674,0.9072886962161432,1.318293040102702,0.7140083321105055,1.846327249719927,32.635317866759415,test,uniform_fleet_prior_diagnostic_only,diagnostic_prior,0.7575232906187771,1.3986358937669556
B0005,B0005,149,149,0.8515870866318817,0.9122073856641012,1.323872422244268,0.717030213601131,1.846327249719927,32.247784780351324,test,uniform_fleet_prior_diagnostic_only,diagnostic_prior,0.7567491505057273,1.3972065777811307
B0005,B0005,150,150,0.856325750834355,0.9172833720799766,1.3601216766554785,0.736663382323907,1.846327249719927,32.744062694309804,test,uniform_fleet_prior_diagnostic_only,diagnostic_prior,0.7559824196495869,1.3957909417082375
B0005,B0005,151,151,0.8609870491055583,0.9222764852641987,1.3395306867947354,0.7255109769938842,1.846327249719927,32.72454235952263,test,uniform_fleet_prior_diagnostic_only,diagnostic_prior,0.7552707470954527,1.3944769612786618
B0005,B0005,152,152,0.865608679214438,0.9272271065045956,1.3290286565120697,0.7198229115199771,1.846327249719927,32.55881984395385,test,uniform_fleet_prior_diagnostic_only,diagnostic_prior,0.7547394335238358,1.3934959825532394
B0005,B0005,153,153,0.8702085612722636,0.9321544315570788,1.3236741274998955,0.716922814035641,1.846327249719927,32.49278119516112,test,uniform_fleet_prior_diagnostic_only,diagnostic_prior,0.7514572588043398,1.3874360139302921
B0005,B0005,154,154,0.8747872566313024,0.9370590617338238,1.318633896753293,0.7141929454560773,1.846327249719927,32.44110666221537,test,uniform_fleet_prior_diagnostic_only,diagnostic_prior,0.7490508017999733,1.3829929067878508
B0005,B0005,155,155,0.8793471755927931,0.9419435789135677,1.3134751321324272,0.7113988770580464,1.846327249719927,32.415733723076286,test,uniform_fleet_prior_diagnostic_only,diagnostic_prior,0.7477244851197057,1.3805440921593146
B0005,B0005,156,156,0.8839032803290405,0.9468240103521209,1.3132020634442203,0.7112509787435691,1.846327249719927,32.43833197212244,test,uniform_fleet_prior_diagnostic_only,diagnostic_prior,0.7460680113115339,1.3774856994288398
B0005,B0005,157,157,0.8884393736723515,0.9516830058850331,1.3077959946944353,0.7083229665233058,1.846327249719927,32.38546945624966,test,uniform_fleet_prior_diagnostic_only,diagnostic_prior,0.7439687580495704,1.3736097909272131
B0005,B0005,158,158,0.8929588907728371,0.9565242451938677,1.3030329186405918,0.7057432093028208,1.846327249719927,32.37012523135162,test,uniform_fleet_prior_diagnostic_only,diagnostic_prior,0.7423746222705143,1.3706664945985885
B0005,B0005,159,159,0.8974771593424863,0.9613641470950923,1.3033573559038203,0.7059189296488633,1.846327249719927,32.44186129670507,test,uniform_fleet_prior_diagnostic_only,diagnostic_prior,0.7408022051480898,1.3677632980175298
B0005,B0005,160,160,0.9019928371805351,0.9662012738432677,1.3034100438655642,0.7059474662811163,1.846327249719927,32.50100980130544,test,uniform_fleet_prior_diagnostic_only,diagnostic_prior,0.7385052084459587,1.3635222904138684
B0005,B0005,161,161,0.9064910462936975,0.9710196883538931,1.2978870806495706,0.7029561421716815,1.846327249719927,32.52872650452429,test,uniform_fleet_prior_diagnostic_only,diagnostic_prior,0.7365398500409843,1.359893595635298
B0005,B0005,162,162,0.9109858947195615,0.9758345029464096,1.2980735056918902,0.7030571129190654,1.846327249719927,32.466597656919355,test,uniform_fleet_prior_diagnostic_only,diagnostic_prior,0.7357715871784105,1.35847513097718
B0005,B0005,163,163,0.915466073391316,0.9806336035171255,1.293463613844243,0.7005603226841022,1.846327249719927,32.457732089811394,test,uniform_fleet_prior_diagnostic_only,diagnostic_prior,0.7350117692765734,1.3570722584801933
B0005,B0005,164,164,0.9199283981212857,0.9854135792116953,1.288003392619118,0.6976029806278912,1.846327249719927,32.505195163356085,test,uniform_fleet_prior_diagnostic_only,diagnostic_prior,0.7339095441916739,1.3550371902706184
B0005,B0005,165,165,0.9243871745385878,0.9901897540066591,1.2874525221379407,0.6973046204746406,1.846327249719927,32.553461055027334,test,uniform_fleet_prior_diagnostic_only,diagnostic_prior,0.7334476024264247,1.3541842946016551
B0005,B0005,166,166,0.9289343193545916,0.9950605877122857,1.3090153642307354,0.7089833963233237,1.846327249719927,32.962669274100044,test,uniform_fleet_prior_diagnostic_only,diagnostic_prior,0.7308790248922896,1.3494418599073632
B0005,B0005,167,167,0.9335454853962983,1.0,1.3250793286429356,0.7176838931689599,1.846327249719927,33.17942891713078,test,uniform_fleet_prior_diagnostic_only,diagnostic_prior,0.7275762846696798,1.3433439206356126
B0005,B0005,0,0,0.0066074473326106,0.007077799031726537,1.8564874208181572,1.0055029091401708,1.846327249719927,32.19674844642139,train,similarity_weighted_prior_diagnostic_only,diagnostic_prior,0.9915746992597623,1.8307713873761406
B0005,B0005,1,1,0.0131925017916101,0.014131611151233585,1.846327249719927,1.0,1.846327249719927,32.351773863034964,train,similarity_weighted_prior_diagnostic_only,diagnostic_prior,0.9881545719875974,1.8244567131960323
B0005,B0005,2,2,0.0197469834376754,0.021152674129523135,1.835349194223408,0.9940541117517577,1.846327249719927,32.27759476527881,train,similarity_weighted_prior_diagnostic_only,diagnostic_prior,0.986125134379596,1.820709707238773
B0005,B0005,3,3,0.026300744034117397,0.02817296473021076,1.8352625275821128,0.9940071717299885,1.846327249719927,32.1517643691623,train,similarity_weighted_prior_diagnostic_only,diagnostic_prior,0.9853697532322423,1.819315026442489
B0005,B0005,4,4,0.0328516912752719,0.035190241706675986,1.8346455082120416,0.9936729842937337,1.846327249719927,32.01460800103346,train,similarity_weighted_prior_diagnostic_only,diagnostic_prior,0.9839230184170511,1.816643880530083
B0005,B0005,5,5,0.0394080674031568,0.04221333402563424,1.8356616600675493,0.9942233481881418,1.846327249719927,32.053001300044,train,similarity_weighted_prior_diagnostic_only,diagnostic_prior,0.9836640142626812,1.8161656741020793
B0005,B0005,6,6,0.0459637888351548,0.04923572504412333,1.8351461429226603,0.9939441359602081,1.846327249719927,32.09594080862238,train,similarity_weighted_prior_diagnostic_only,diagnostic_prior,0.9835064131331657,1.815874690842068
B0005,B0005,7,7,0.052497639158299,0.056234688057018756,1.8257567905665535,0.9888587144253578,1.846327249719927,32.077561478804185,train,similarity_weighted_prior_diagnostic_only,diagnostic_prior,0.9826269044667355,1.8142508300248732
B0005,B0005,8,8,0.059025515232285795,0.06322725154332351,1.8247738529891333,0.98832633990856,1.846327249719927,32.01990518527796,train,similarity_weighted_prior_diagnostic_only,diagnostic_prior,0.976723562025636,1.803351328011443
B0005,B0005,9,9,0.06555089485702,0.07021714087042374,1.824613268496936,0.9882393648112572,1.846327249719927,31.946054836821943,train,similarity_weighted_prior_diagnostic_only,diagnostic_prior,0.9757331413478855,1.8015226873254262
B0005,B0005,10,10,0.0720723099007969,0.0772027833975348,1.8246195526864504,0.9882427684275529,1.846327249719927,31.832340886231897,train,similarity_weighted_prior_diagnostic_only,diagnostic_prior,0.974483515172693,1.7992154684662052
B0005,B0005,11,11,0.0785687656138252,0.08416168986181971,1.814201935767392,0.9826004225646303,1.846327249719927,32.06986298806205,train,similarity_weighted_prior_diagnostic_only,diagnostic_prior,0.9727939999763071,1.796096070520302
B0005,B0005,12,12,0.0850596846260131,0.09111466549474502,1.8137521577549052,0.9823568156891129,1.846327249719927,32.0355195694815,train,similarity_weighted_prior_diagnostic_only,diagnostic_prior,0.9710251049280633,1.7928301113908347
B0005,B0005,13,13,0.0915458299076543,0.09806252757870955,1.8134404914735824,0.9821880123085801,1.846327249719927,31.868931949261153,train,similarity_weighted_prior_diagnostic_only,diagnostic_prior,0.9684865465410041,1.788143101865802
B0005,B0005,14,14,0.0980016115644404,0.10497786460060685,1.8025980036306504,0.9763155496427245,1.846327249719927,31.767416607060238,train,similarity_weighted_prior_diagnostic_only,diagnostic_prior,0.9659166438603481,1.7833982205173788
B0005,B0005,15,15,0.1044517941730836,0.11188720400564402,1.80210690024615,0.9760495602930169,1.846327249719927,31.669594682901987,train,similarity_weighted_prior_diagnostic_only,diagnostic_prior,0.9638893304376548,1.779655136501337
B0005,B0005,16,16,0.11090037878260771,0.11879483165785919,1.802579500826209,0.9763055282315992,1.846327249719927,31.696095921348554,train,similarity_weighted_prior_diagnostic_only,diagnostic_prior,0.9612914580150054,1.7748586138561036
B0005,B0005,17,17,0.11734668312128871,0.12570001671795777,1.8030683142834096,0.9765702773205133,1.846327249719927,31.738535762695527,train,similarity_weighted_prior_diagnostic_only,diagnostic_prior,0.959483282750196,1.7715201305924164
B0005,B0005,18,18,0.1237899376091445,0.13260193482334134,1.802777624719604,0.9764128352615014,1.846327249719927,31.736857426166416,train,similarity_weighted_prior_diagnostic_only,diagnostic_prior,0.9591599615823657,1.77092317390984
B0005,B0005,19,19,0.1304000329800489,0.13968257039419235,1.8470259949329195,1.000378451443588,1.846327249719927,32.05935570702357,train,similarity_weighted_prior_diagnostic_only,diagnostic_prior,0.9571154712236167,1.7671483756486923
B0005,B0005,20,20,0.1370102969616036,0.1467633865782571,1.847417311283644,1.0005903945597305,1.846327249719927,32.40330181777511,train,similarity_weighted_prior_diagnostic_only,diagnostic_prior,0.9558811492260448,1.7648694133096465
B0005,B0005,21,21,0.143584000236904,0.1538050394790901,1.8361774213478947,0.9945026926436947,1.846327249719927,32.03090853601917,train,similarity_weighted_prior_diagnostic_only,diagnostic_prior,0.9550677295274081,1.7633675743545947
B0005,B0005,22,22,0.1501225084128337,0.16080899191441686,1.825780747577624,0.9888716899209391,1.846327249719927,31.71451183333948,train,similarity_weighted_prior_diagnostic_only,diagnostic_prior,0.9527479144230846,1.7590844365131701
B0005,B0005,23,23,0.156654054416247,0.1678054865743858,1.8251136435078368,0.9885103758202626,1.846327249719927,31.596535758333122,train,similarity_weighted_prior_diagnostic_only,diagnostic_prior,0.9516959379223316,1.757142143633765
B0005,B0005,24,24,0.1631810457428349,0.17479710233247295,1.825581504220376,0.9887637765717329,1.846327249719927,31.557268457631125,train,similarity_weighted_prior_diagnostic_only,diagnostic_prior,0.9500803778089829,1.7541592909729287
B0005,B0005,25,25,0.1696754076780975,0.18175376597324422,1.814031127508391,0.9825079101137487,1.846327249719927,31.44985339375452,train,similarity_weighted_prior_diagnostic_only,diagnostic_prior,0.9489659633714402,1.7521017172294122
B0005,B0005,26,26,0.1761638173571769,0.18870405364597076,1.8147691941158937,0.9829076586456597,1.846327249719927,31.372173809830258,train,similarity_weighted_prior_diagnostic_only,diagnostic_prior,0.9471796547325391,1.7488036069129989
B0005,B0005,27,27,0.1826451539796849,0.1956467647659936,1.813969388710352,0.9824744714056063,1.846327249719927,31.336151488797352,train,similarity_weighted_prior_diagnostic_only,diagnostic_prior,0.9443938971486928,1.7436601867748296
B0005,B0005,28,28,0.1890957427002179,0.20255653919202993,1.802765665167823,0.9764063577793634,1.846327249719927,31.345957952637118,train,similarity_weighted_prior_diagnostic_only,diagnostic_prior,0.9430615234464879,1.7412001889016384
B0005,B0005,29,29,0.1955442255895934,0.20946405788313907,1.804077040117352,0.9771166191643523,1.846327249719927,31.374301942245577,train,similarity_weighted_prior_diagnostic_only,diagnostic_prior,0.9428339155248768,1.7407799501937158
B0005,B0005,30,30,0.2021662233219648,0.2165574430860682,1.8518025516704488,1.0029655100152761,1.846327249719927,31.68276532879063,train,similarity_weighted_prior_diagnostic_only,diagnostic_prior,0.9428339155248768,1.7407799501937158
B0005,B0005,31,31,0.2087176299208281,0.22357521211965972,1.8307038456739428,0.9915381176070742,1.846327249719927,31.875046092879703,train,similarity_weighted_prior_diagnostic_only,diagnostic_prior,0.9419244564036495,1.7391007910356875
B0005,B0005,32,32,0.215229164822136,0.23055027118552163,1.8199041089501269,0.9856888096225583,1.846327249719927,31.643260306115362,train,similarity_weighted_prior_diagnostic_only,diagnostic_prior,0.9411897001946682,1.7377441906251443
B0005,B0005,33,33,0.221699035312031,0.23748069995530832,1.809307963702852,0.9799497699973336,1.846327249719927,31.243844739594632,train,similarity_weighted_prior_diagnostic_only,diagnostic_prior,0.9397266325338871,1.7350428889348604
B0005,B0005,34,34,0.2281478791044994,0.2443886052404277,1.80460990458052,0.9774052269738557,1.846327249719927,31.19410850780964,train,similarity_weighted_prior_diagnostic_only,diagnostic_prior,0.9379500960146185,1.7317628211492122
B0005,B0005,35,35,0.2345824999190755,0.25128127508376646,1.7993770651972192,0.9745710385145268,1.846327249719927,31.674902796326272,train,similarity_weighted_prior_diagnostic_only,diagnostic_prior,0.9335578871602147,1.7236533662548652
B0005,B0005,36,36,0.24097617430163681,0.25813008371985247,1.7884432335370462,0.9686491025945366,1.846327249719927,31.410120703021587,train,similarity_weighted_prior_diagnostic_only,diagnostic_prior,0.9297378991284173,1.7166004182581536
B0005,B0005,37,37,0.24734583567657872,0.26495316998033386,1.7829230484252725,0.9656592831502258,1.846327249719927,31.25563961292828,train,similarity_weighted_prior_diagnostic_only,diagnostic_prior,0.9253545968312437,1.708507407783122
B0005,B0005,38,38,0.25367847299576923,0.2717365966245131,1.7730337158018288,0.9603030644057188,1.846327249719927,31.082369887514425,train,similarity_weighted_prior_diagnostic_only,diagnostic_prior,0.9218643083997679,1.702063193142706
B0005,B0005,39,39,0.2600068844330785,0.2785154965670508,1.773037755078937,0.9603052521419984,1.846327249719927,31.325803623817585,train,similarity_weighted_prior_diagnostic_only,diagnostic_prior,0.9191063727664319,1.6969711414299042
B0005,B0005,40,40,0.2663221846604719,0.28528035197708207,1.7678721106662054,0.9575074575400311,1.846327249719927,31.859264098146635,train,similarity_weighted_prior_diagnostic_only,diagnostic_prior,0.9153633241625961,1.6900602487956162
B0005,B0005,41,41,0.27261735249177543,0.29202364186469926,1.762315070409309,0.9544976767670184,1.846327249719927,32.0203000911082,train,similarity_weighted_prior_diagnostic_only,diagnostic_prior,0.9130871922436589,1.685857764409725
B0005,B0005,42,42,0.27892887499401514,0.29878445063189113,1.7676172924938447,0.9573694439931913,1.846327249719927,31.60247904410288,train,similarity_weighted_prior_diagnostic_only,diagnostic_prior,0.9103404868359725,1.6807864473685605
B0005,B0005,43,43,0.28521978939690307,0.30552318431042996,1.762668359743147,0.9546890238502029,1.846327249719927,31.508287440790987,train,similarity_weighted_prior_diagnostic_only,diagnostic_prior,0.9084481720040545,1.677292614929341
B0005,B0005,44,44,0.29146636414336385,0.312214422010336,1.7517304870664143,0.9487648992518188,1.846327249719927,31.160322267422007,train,similarity_weighted_prior_diagnostic_only,diagnostic_prior,0.9075336870074714,1.6756041763606897
B0005,B0005,45,45,0.29767710961173943,0.3188672799219557,1.7418496047960008,0.943413257351981,1.846327249719927,31.072400507974496,train,similarity_weighted_prior_diagnostic_only,diagnostic_prior,0.9070506774149909,1.6747123825882169
B0005,B0005,46,46,0.3038636265565414,0.325494184600495,1.7360913511847138,0.9402944962481948,1.846327249719927,31.094864460164775,train,similarity_weighted_prior_diagnostic_only,diagnostic_prior,0.9068290109037029,1.6743031136680755
B0005,B0005,47,47,0.3102766172523984,0.332363684583278,1.7936240148573608,0.9714550955847286,1.846327249719927,34.12502721238726,train,similarity_weighted_prior_diagnostic_only,diagnostic_prior,0.9068290109037029,1.6743031136680755
B0005,B0005,48,48,0.3166568894659519,0.33919813701581797,1.7831890223273277,0.9658033388164655,1.846327249719927,33.219305833918156,train,similarity_weighted_prior_diagnostic_only,diagnostic_prior,0.9065114558818188,1.6737168031778855
B0005,B0005,49,49,0.322972371572732,0.3459631872523355,1.7673642076278957,0.9572323692324807,1.846327249719927,32.44589023191801,train,similarity_weighted_prior_diagnostic_only,diagnostic_prior,0.9049413509960035,1.6708178757422862
B0005,B0005,50,50,0.3292433650831969,0.3526805819680336,1.7570177850353066,0.9516285833412425,1.846327249719927,32.054620714561715,train,similarity_weighted_prior_diagnostic_only,diagnostic_prior,0.9038455624920824,1.6687946915675669
B0005,B0005,51,51,0.3354750697487467,0.359355891059057,1.7468706179837907,0.9461327173981627,1.846327249719927,31.76224144055184,train,similarity_weighted_prior_diagnostic_only,diagnostic_prior,0.9032228706376563,1.6676449986285613
B0005,B0005,52,52,0.3416841456935406,0.3660069606019172,1.7417172507457144,0.9433415723078987,1.846327249719927,31.809308712766093,train,similarity_weighted_prior_diagnostic_only,diagnostic_prior,0.9022460306898935,1.665841432414392
B0005,B0005,53,53,0.3478747787604065,0.37263827440901887,1.7364225056478186,0.9404738547357843,1.846327249719927,32.167135519714066,train,similarity_weighted_prior_diagnostic_only,diagnostic_prior,0.8999740138488068,1.661646545808871
B0005,B0005,54,54,0.3540257627630962,0.3792271167299461,1.7263217239235826,0.9350031118185856,1.846327249719927,31.88536912084644,train,similarity_weighted_prior_diagnostic_only,diagnostic_prior,0.8981730223358328,1.658321326101953
B0005,B0005,55,55,0.3601375706385042,0.3857739941676464,1.7158065389330133,0.9293079215471078,1.846327249719927,31.759484077328825,train,similarity_weighted_prior_diagnostic_only,diagnostic_prior,0.8961573675989359,1.654599767835193
B0005,B0005,56,56,0.3662269240818715,0.3922968187526556,1.710533351135192,0.9264518797491973,1.846327249719927,31.67150358880081,train,similarity_weighted_prior_diagnostic_only,diagnostic_prior,0.8939038105565502,1.650438964059038
B0005,B0005,57,57,0.3722995648808711,0.39880174100228943,1.706014499648521,0.9240043984116627,1.846327249719927,31.893457603976668,train,similarity_weighted_prior_diagnostic_only,diagnostic_prior,0.8911470112672183,1.645349010409136
B0005,B0005,58,58,0.3783528026850889,0.40528587905331126,1.7003110272642588,0.9209153076856674,1.846327249719927,32.23852743627841,train,similarity_weighted_prior_diagnostic_only,diagnostic_prior,0.8885486671140466,1.6405516167949845
B0005,B0005,59,59,0.38438066320797254,0.4117428333390735,1.6945798601797897,0.9178112170726201,1.846327249719927,32.06473136908939,train,similarity_weighted_prior_diagnostic_only,diagnostic_prior,0.8862890763071043,1.6363796727149105
B0005,B0005,60,60,0.39037324603449103,0.418161998682661,1.6849029086609286,0.9125700272887782,1.846327249719927,31.956564288076304,train,similarity_weighted_prior_diagnostic_only,diagnostic_prior,0.8850550515544182,1.6341012591871973
B0005,B0005,61,61,0.3963270389310251,0.42453961283180625,1.6744741591159715,0.9069216518198363,1.846327249719927,31.77164982648268,train,similarity_weighted_prior_diagnostic_only,diagnostic_prior,0.8828520193604281,1.630033740815423
B0005,B0005,62,62,0.402277395241932,0.4309135457616848,1.6745692479879102,0.9069731534547458,1.846327249719927,32.01681373536015,train,similarity_weighted_prior_diagnostic_only,diagnostic_prior,0.8817175187506763,1.6279390814248142
B0005,B0005,63,63,0.408189185295159,0.4372461670915575,1.663716375981405,0.9010950665618879,1.846327249719927,31.945047980988857,train,similarity_weighted_prior_diagnostic_only,diagnostic_prior,0.8785345218188736,1.622062227453852
B0005,B0005,64,64,0.4140862986232459,0.4435630669323655,1.659013868748246,0.8985481143713311,1.846327249719927,32.1803113792475,train,similarity_weighted_prior_diagnostic_only,diagnostic_prior,0.8744035419452856,1.614435086745202
B0005,B0005,65,65,0.41995669134380614,0.4498513440569324,1.6538540573335014,0.8957534790132019,1.846327249719927,32.06720016134894,train,similarity_weighted_prior_diagnostic_only,diagnostic_prior,0.8723827222724747,1.6107039923165212
B0005,B0005,66,66,0.42578674439623765,0.45609640993067135,1.642653782130131,0.8896872330619117,1.846327249719927,31.937970875433706,train,similarity_weighted_prior_diagnostic_only,diagnostic_prior,0.8709338178420538,1.6080288405843952
B0005,B0005,67,67,0.4315954938925122,0.4623186557528004,1.6378578430223698,0.8870896766923738,1.846327249719927,31.954933583535425,train,similarity_weighted_prior_diagnostic_only,diagnostic_prior,0.8695963507290354,1.605559438608025
B0005,B0005,68,68,0.43738528337814725,0.46852059189432355,1.6327350407099108,0.8843150860485776,1.846327249719927,32.025085085074444,train,similarity_weighted_prior_diagnostic_only,diagnostic_prior,0.8678081854023016,1.6022579002382722
B0005,B0005,69,69,0.44315424071839193,0.4747002129524187,1.6277528915533617,0.8816166753755482,1.846327249719927,32.06431691591281,train,similarity_weighted_prior_diagnostic_only,diagnostic_prior,0.8661786670852953,1.5992492761656656
B0005,B0005,70,70,0.44889942236987984,0.48085436584733526,1.622125485521159,0.8785687833872475,1.846327249719927,32.059040448308956,train,similarity_weighted_prior_diagnostic_only,diagnostic_prior,0.864464475308141,1.5960843171762598
B0005,B0005,71,71,0.45460835782795483,0.48696969236048476,1.6113256603765849,0.8727194275126525,1.846327249719927,32.015310125500555,train,similarity_weighted_prior_diagnostic_only,diagnostic_prior,0.8598136146601939,1.587497306427305
B0005,B0005,72,72,0.46029600543000104,0.4930622156397675,1.6065631397488385,0.8701399711197141,1.846327249719927,32.03877163503643,train,similarity_weighted_prior_diagnostic_only,diagnostic_prior,0.854483551909019,1.5776562663270937
B0005,B0005,73,73,0.4659617438370701,0.49913127011616926,1.6015142233917594,0.8674053982763328,1.846327249719927,32.03833043508112,train,similarity_weighted_prior_diagnostic_only,diagnostic_prior,0.8520157695977135,1.5730999325993533
B0005,B0005,74,74,0.47158938218395474,0.5051595123763689,1.590369231400328,0.8613690945857914,1.846327249719927,31.97882248529433,train,similarity_weighted_prior_diagnostic_only,diagnostic_prior,0.8511053834419843,1.5714190618322628
B0005,B0005,75,75,0.4771959441826075,0.5111651779666992,1.5857889968242211,0.858888367197512,1.846327249719927,31.948688396054933,train,similarity_weighted_prior_diagnostic_only,diagnostic_prior,0.8491385547740773,1.5677876524671757
B0005,B0005,76,76,0.4827943506973054,0.5171621075242573,1.5849430707374117,0.8584302002680374,1.846327249719927,31.837086685610622,train,similarity_weighted_prior_diagnostic_only,diagnostic_prior,0.8451746922556591,1.5604690650852768
B0005,B0005,77,77,0.48844087471161624,0.5232105798297217,1.5955263892495937,0.8641622927309458,1.846327249719927,32.387036061427295,train,similarity_weighted_prior_diagnostic_only,diagnostic_prior,0.8420467041511317,1.554693775411088
B0005,B0005,78,78,0.4940041849654621,0.5291699147961204,1.5747301747801037,0.8528987345114348,1.846327249719927,31.82497870794929,train,similarity_weighted_prior_diagnostic_only,diagnostic_prior,0.839442350011518,1.5498852853951983
B0005,B0005,79,79,0.4995272979994489,0.5350861911001531,1.5649019950937946,0.8475756371635513,1.846327249719927,31.547238857400213,train,similarity_weighted_prior_diagnostic_only,diagnostic_prior,0.8370228857553289,1.5454181626092731
B0005,B0005,80,80,0.5050303945861981,0.540981026084453,1.5597659473370362,0.8447938725779193,1.846327249719927,31.685347096390768,train,similarity_weighted_prior_diagnostic_only,diagnostic_prior,0.8351980292715909,1.5420488803565195
B0005,B0005,81,81,0.510532168242712,0.5468744439656162,1.5594815668184234,0.8446398475974312,1.846327249719927,32.16895442051601,train,similarity_weighted_prior_diagnostic_only,diagnostic_prior,0.8341236150871484,1.5400651601702977
B0005,B0005,82,82,0.5160186219356591,0.5527514513303062,1.55468935359061,0.842044309223321,1.846327249719927,32.411973028512534,train,similarity_weighted_prior_diagnostic_only,diagnostic_prior,0.8312855549871511,1.5348251724713298
B0005,B0005,83,83,0.5214791815865687,0.5586007213833787,1.5488741079890418,0.8388946803574466,1.846327249719927,32.306133029672495,train,similarity_weighted_prior_diagnostic_only,diagnostic_prior,0.8291211294124238,1.5308289345527202
B0005,B0005,84,84,0.5269001932718368,0.5644076282455193,1.538236598942558,0.8331332374452557,1.846327249719927,32.08092303252349,train,similarity_weighted_prior_diagnostic_only,diagnostic_prior,0.8283901293040892,1.5294792691331536
B0005,B0005,85,85,0.5322808642810707,0.5701713227771786,1.527914258251028,0.8275424946919893,1.846327249719927,31.816825985859428,train,similarity_weighted_prior_diagnostic_only,diagnostic_prior,0.8283756465612333,1.5294525292503682
B0005,B0005,86,86,0.5376614048484875,0.575934877581509,1.5285252629756445,0.8278734245012684,1.846327249719927,32.10276535417089,train,similarity_weighted_prior_diagnostic_only,diagnostic_prior,0.8280912016246733,1.5289273508129526
B0005,B0005,87,87,0.5430263941399992,0.5816817740910393,1.522647325284378,0.8246898406094322,1.846327249719927,32.417563859915916,train,similarity_weighted_prior_diagnostic_only,diagnostic_prior,0.8273336779831929,1.5275287142713803
B0005,B0005,88,88,0.5483718666060984,0.5874077644682837,1.5174859938489869,0.8218943819841132,1.846327249719927,32.46673695471915,train,similarity_weighted_prior_diagnostic_only,diagnostic_prior,0.8273221086125974,1.5275073534271877
B0005,B0005,89,89,0.5540516789452133,0.5934918947307785,1.605818899130659,0.8697368786461062,1.846327249719927,32.33684568201975,train,similarity_weighted_prior_diagnostic_only,diagnostic_prior,0.8269982517271375,1.5269094076345535
B0005,B0005,90,90,0.5595778515367397,0.5994114483872137,1.5638491446744425,0.8470053967473349,1.846327249719927,32.830501311525886,train,similarity_weighted_prior_diagnostic_only,diagnostic_prior,0.8215405774476982,1.5168327548923293
B0005,B0005,91,91,0.5650424836324258,0.6052650807823898,1.5480915247767786,0.8384708209292863,1.846327249719927,32.8143243312642,train,similarity_weighted_prior_diagnostic_only,diagnostic_prior,0.8180276374076525,1.5103467179697607
B0005,B0005,92,92,0.5704506131102948,0.6110581884161043,1.5323755631868592,0.8299588079086783,1.846327249719927,32.59573866870431,train,similarity_weighted_prior_diagnostic_only,diagnostic_prior,0.8155372499149924,1.5057486476797008
B0005,B0005,93,93,0.5758303693756259,0.6168209030877385,1.5269528268489705,0.8270217682594442,1.846327249719927,32.43778338463004,train,similarity_weighted_prior_diagnostic_only,diagnostic_prior,0.8138865036385003,1.5027008298470397
B0005,B0005,94,94,0.5811742105039792,0.6225451460003212,1.5169573017136326,0.821608033973253,1.846327249719927,32.34079357547547,train,similarity_weighted_prior_diagnostic_only,diagnostic_prior,0.8123993009399104,1.4999549669787762
B0005,B0005,95,95,0.5864968768926785,0.6282467068476105,1.511897596014269,0.8188676174516797,1.846327249719927,32.41126223894007,train,similarity_weighted_prior_diagnostic_only,diagnostic_prior,0.81041692684379,1.49629485566597
B0005,B0005,96,96,0.5917991866177716,0.6339264619404673,1.5065638960681105,0.8159788013184792,1.846327249719927,32.441012820588064,train,similarity_weighted_prior_diagnostic_only,diagnostic_prior,0.8086864501609375,1.4930998294114146
B0005,B0005,97,97,0.5970806078632216,0.6395838416054849,1.5015453526671363,0.8132606789478456,1.846327249719927,32.473458484336334,train,similarity_weighted_prior_diagnostic_only,diagnostic_prior,0.8061960492474121,1.4885017343420452
B0005,B0005,98,98,0.602326006856236,0.6452026347709703,1.4908444050400238,0.8074648766984146,1.846327249719927,32.449885261469966,train,similarity_weighted_prior_diagnostic_only,diagnostic_prior,0.8033553196886872,1.4832568179486867
B0005,B0005,99,99,0.6075521520748195,0.6508008035804578,1.485868384561201,0.8047697854140404,1.846327249719927,32.499383694743365,train,similarity_weighted_prior_diagnostic_only,diagnostic_prior,0.8019691902747047,1.4806975694400124
B0005,B0005,100,100,0.6127566703323462,0.6563758059118303,1.480413677976106,0.8018154301739698,1.846327249719927,32.50858807145891,train,similarity_weighted_prior_diagnostic_only,diagnostic_prior,0.8015256371476313,1.4798786252147982
B0005,B0005,101,101,0.6179410359346273,0.6619292210194835,1.4752095869031632,0.7989968122535919,1.846327249719927,32.507182627884674,train,similarity_weighted_prior_diagnostic_only,diagnostic_prior,0.7995484630701742,1.4762281148381495
B0005,B0005,102,102,0.6231586972422536,0.6675183019900923,1.4859035988304024,0.8047888580184266,1.846327249719927,32.578767397181764,train,similarity_weighted_prior_diagnostic_only,diagnostic_prior,0.7987017028025494,1.4746647182820536
B0005,B0005,103,103,0.6284268729460413,0.6731614932284403,1.4960918298136696,0.8103069648355212,1.846327249719927,33.19588064361052,train,similarity_weighted_prior_diagnostic_only,diagnostic_prior,0.797782398585175,1.4729673818547326
B0005,B0005,104,104,0.6336321389205887,0.6787372965031331,1.4808005946928984,0.8020249903788854,1.846327249719927,33.05608309739205,train,similarity_weighted_prior_diagnostic_only,diagnostic_prior,0.7965393290131368,1.470672268630581
B0005,B0005,105,105,0.6387964535311623,0.6842692332875324,1.4697543268466824,0.7960421572446771,1.846327249719927,32.91046150649584,train,similarity_weighted_prior_diagnostic_only,diagnostic_prior,0.796042157244677,1.4697543268466822
B0005,B0005,106,106,0.6438971108448717,0.6897329813249877,1.4539012274845928,0.7874558682406588,1.846327249719927,32.68489538141394,train,similarity_weighted_prior_diagnostic_only,diagnostic_prior,0.796042157244677,1.4697543268466822
B0005,B0005,107,107,0.6490003252085642,0.6951994684362464,1.454146206723569,0.7875885528657779,1.846327249719927,32.69462702497177,train,similarity_weighted_prior_diagnostic_only,diagnostic_prior,0.7952890072199938,1.4683637654329824
B0005,B0005,108,108,0.6541048336023962,0.7006673416932898,1.455023751906683,0.7880638451972144,1.846327249719927,32.99580917526743,test,similarity_weighted_prior_diagnostic_only,diagnostic_prior,0.7928829450912699,1.4639213873602002
B0005,B0005,109,109,0.6591875171935483,0.7061118365472223,1.449042163761236,0.7848241225823017,1.846327249719927,33.132366788270886,test,similarity_weighted_prior_diagnostic_only,diagnostic_prior,0.7917293617822376,1.461791495061912
B0005,B0005,110,110,0.664232877731003,0.7115163515027125,1.4386709371480566,0.7792069024417483,1.846327249719927,32.86666148232815,test,similarity_weighted_prior_diagnostic_only,diagnostic_prior,0.7892592171244914,1.457230799669565
B0005,B0005,111,111,0.6692565643485552,0.7168976496784727,1.433445432156979,0.7763766864050894,1.846327249719927,32.72130308414447,test,similarity_weighted_prior_diagnostic_only,diagnostic_prior,0.7887014928268171,1.456201058100938
B0005,B0005,112,112,0.6742779704258381,0.7222765049735109,1.4333958900838095,0.7763498536357757,1.846327249719927,32.99539710968725,test,similarity_weighted_prior_diagnostic_only,diagnostic_prior,0.7875703857307279,1.454112664247077
B0005,B0005,113,113,0.6792833126549077,0.7276381529139375,1.42806487344776,0.7734624908257114,1.846327249719927,33.2355337297749,test,similarity_weighted_prior_diagnostic_only,diagnostic_prior,0.7866579567062599,1.4524280216757663
B0005,B0005,114,114,0.6842682781549498,0.7329779736061515,1.4229203181741186,0.7706761184345647,1.846327249719927,33.10609061242157,test,similarity_weighted_prior_diagnostic_only,diagnostic_prior,0.784633664184095,1.4486905152306888
B0005,B0005,115,115,0.689229278324626,0.7382921229939235,1.417429032731308,0.7677019515074158,1.846327249719927,32.92297251831194,test,similarity_weighted_prior_diagnostic_only,diagnostic_prior,0.7827197653384858,1.445156831638833
B0005,B0005,116,116,0.6941689444413516,0.7435834196623753,1.412409228794446,0.7649831464106361,1.846327249719927,32.75833803920444,test,similarity_weighted_prior_diagnostic_only,diagnostic_prior,0.7819204657469252,1.4436810630222447
B0005,B0005,117,117,0.69910860954413,0.748874715244702,1.412578792940193,0.7650749850301293,1.846327249719927,33.018634427601675,test,similarity_weighted_prior_diagnostic_only,diagnostic_prior,0.7808155995793342,1.441641118509728
B0005,B0005,118,118,0.704036002398131,0.7541528649771805,1.4075983731469897,0.7623775110076022,1.846327249719927,33.35463797220729,test,similarity_weighted_prior_diagnostic_only,diagnostic_prior,0.7799672102636679,1.440074714197842
B0005,B0005,119,119,0.70905798784319,0.7595323408823391,1.4333920485221476,0.7763477729853046,1.846327249719927,33.23299371016394,test,similarity_weighted_prior_diagnostic_only,diagnostic_prior,0.7799672102636679,1.440074714197842
B0005,B0005,120,120,0.714104228011623,0.7649377980854135,1.4382550176792908,0.7789816338882841,1.846327249719927,33.41180332556292,test,similarity_weighted_prior_diagnostic_only,diagnostic_prior,0.7780400440930835,1.4365165347823536
B0005,B0005,121,121,0.7190701713484716,0.7702572425201327,1.4173547174485526,0.7676617011765134,1.846327249719927,33.07979210257749,test,similarity_weighted_prior_diagnostic_only,diagnostic_prior,0.7771051952203885,1.4347904978343269
B0005,B0005,122,122,0.7239941440308519,0.7755317286157836,1.406981663677643,0.7620434914184746,1.846327249719927,32.77692062656273,test,similarity_weighted_prior_diagnostic_only,diagnostic_prior,0.7765153047860653,1.433701367051087
B0005,B0005,123,123,0.7288933823570348,0.7807797196379919,1.4012037783587623,0.7589140974717855,1.846327249719927,32.702190779500334,test,similarity_weighted_prior_diagnostic_only,diagnostic_prior,0.7758476101408383,1.432468584233112
B0005,B0005,124,124,0.7337741189215179,0.7860078918490236,1.3967008232726328,0.7564752258758576,1.846327249719927,32.69814564290445,test,similarity_weighted_prior_diagnostic_only,diagnostic_prior,0.7747655203970645,1.43047069245254
B0005,B0005,125,125,0.7386339781708546,0.7912137005914586,1.391284788852726,0.753541816091255,1.846327249719927,32.67825849818678,test,similarity_weighted_prior_diagnostic_only,diagnostic_prior,0.7736576504242587,1.4284252019326023
B0005,B0005,126,126,0.7434730348209291,0.7963972258998373,1.3862287677978349,0.7508033952313246,1.846327249719927,32.648298264364215,test,similarity_weighted_prior_diagnostic_only,diagnostic_prior,0.7727271347686671,1.4267071655213925
B0005,B0005,127,127,0.7482894651916892,0.8015565142752885,1.3804366761974138,0.7476663069381742,1.846327249719927,32.543384950819075,test,similarity_weighted_prior_diagnostic_only,diagnostic_prior,0.7717384564962371,1.4248817418857989
B0005,B0005,128,128,0.7530873237586021,0.8066959088114596,1.3752364150256224,0.7448497633527505,1.846327249719927,32.49201646472032,test,similarity_weighted_prior_diagnostic_only,diagnostic_prior,0.7707236365777708,1.423008052216776
B0005,B0005,129,129,0.75786459141092,0.8118132466670328,1.3705128024895008,0.7422913801967644,1.846327249719927,32.521336731745926,test,similarity_weighted_prior_diagnostic_only,diagnostic_prior,0.770181900765954,1.4220078306252697
B0005,B0005,130,130,0.7626399248565177,0.8169285126292162,1.37050855662704,0.7422890805705951,1.846327249719927,32.56557049853643,test,similarity_weighted_prior_diagnostic_only,diagnostic_prior,0.7696880892647586,1.4210960929943874
B0005,B0005,131,131,0.7673938823077509,0.8220208809450622,1.3647355108681518,0.7391623078060355,1.846327249719927,32.49969286200077,test,similarity_weighted_prior_diagnostic_only,diagnostic_prior,0.7696461329769373,1.421018627956886
B0005,B0005,132,132,0.7721935950838615,0.8271622616824702,1.375392016895762,0.7449340397832497,1.846327249719927,33.02355084913852,test,similarity_weighted_prior_diagnostic_only,diagnostic_prior,0.7695527307989809,1.4208461769705418
B0005,B0005,133,133,0.7770404562846199,0.8323541471091356,1.3861115151535393,0.750739889347244,1.846327249719927,33.18332640252283,test,similarity_weighted_prior_diagnostic_only,diagnostic_prior,0.7690758510100584,1.4199657008214135
B0005,B0005,134,134,0.7818233882921628,0.8374775525375412,1.369850003583894,0.7419323978410053,1.846327249719927,33.00563974194595,test,similarity_weighted_prior_diagnostic_only,diagnostic_prior,0.7683546989675332,1.418634218154108
B0005,B0005,135,135,0.7865792115945085,0.8425719195252694,1.3647827949260758,0.7391879175986285,1.846327249719927,32.83888264077196,test,similarity_weighted_prior_diagnostic_only,diagnostic_prior,0.7680401456427781,1.4180534497791226
B0005,B0005,136,136,0.7912982178990057,0.8476268486940329,1.3543220466259964,0.7335222110985126,1.846327249719927,32.567574326225596,test,similarity_weighted_prior_diagnostic_only,diagnostic_prior,0.767797062490096,1.417604638730378
B0005,B0005,137,137,0.7960187836522835,0.8526834483210708,1.3546417018378962,0.733695341410026,1.846327249719927,32.926183554356804,test,similarity_weighted_prior_diagnostic_only,diagnostic_prior,0.7656238579920616,1.413592192046443
B0005,B0005,138,138,0.8007378733957,0.8577384668683601,1.354703921319241,0.733729040463839,1.846327249719927,33.126396017342714,test,similarity_weighted_prior_diagnostic_only,diagnostic_prior,0.7645257486320491,1.4115647228118795
B0005,B0005,139,139,0.8054348027698954,0.8627697475586648,1.349314997503458,0.7308103142106245,1.846327249719927,32.9060561286401,test,similarity_weighted_prior_diagnostic_only,diagnostic_prior,0.7634715776606993,1.4096183782216125
B0005,B0005,140,140,0.8101088308724913,0.8677764967484074,1.3441891937970554,0.7280340979644633,1.846327249719927,32.635416564321226,test,similarity_weighted_prior_diagnostic_only,diagnostic_prior,0.7623366905675889,1.4075230052562475
B0005,B0005,141,141,0.8147619142437031,0.872760810254285,1.3389913790695755,0.7252188794119189,1.846327249719927,32.50825968540744,test,similarity_weighted_prior_diagnostic_only,diagnostic_prior,0.7600222182331327,1.4032497319164179
B0005,B0005,142,142,0.819416746252242,0.8777469968743862,1.3389145230206971,0.7251772529619545,1.846327249719927,32.80649887275094,test,similarity_weighted_prior_diagnostic_only,diagnostic_prior,0.7581221454740787,1.3997415758049263
B0005,B0005,143,143,0.8240559502171877,0.8827164429672847,1.3340066759761655,0.7225190854863479,1.846327249719927,32.84269100028271,test,similarity_weighted_prior_diagnostic_only,diagnostic_prior,0.7573377888991524,1.3982933968871427
B0005,B0005,144,144,0.8286712851872688,0.8876603209488936,1.3286444309174914,0.7196148088693572,1.846327249719927,32.60360448544099,test,similarity_weighted_prior_diagnostic_only,diagnostic_prior,0.7564224377718938,1.3966033591578233
B0005,B0005,145,145,0.8332645549492014,0.8925805630086392,1.323170899227622,0.7166502576552106,1.846327249719927,32.370665487251955,test,similarity_weighted_prior_diagnostic_only,diagnostic_prior,0.7560470699540758,1.395910307327118
B0005,B0005,146,146,0.8378403464629335,0.897482082629603,1.3181691588445197,0.7139412360644493,1.846327249719927,32.304838725584574,test,similarity_weighted_prior_diagnostic_only,diagnostic_prior,0.7547043053454537,1.3934311244402595
B0005,B0005,147,147,0.8424196355534067,0.9023873488026051,1.3184664436640334,0.7141022502181205,1.846327249719927,32.65551569588786,test,similarity_weighted_prior_diagnostic_only,diagnostic_prior,0.75414242747332,1.3923937140139246
B0005,B0005,148,148,0.846995266303674,0.9072886962161432,1.318293040102702,0.7140083321105055,1.846327249719927,32.635317866759415,test,similarity_weighted_prior_diagnostic_only,diagnostic_prior,0.754030528718443,1.3921871122935854
B0005,B0005,149,149,0.8515870866318817,0.9122073856641012,1.323872422244268,0.717030213601131,1.846327249719927,32.247784780351324,test,similarity_weighted_prior_diagnostic_only,diagnostic_prior,0.7535801324936406,1.3913555334705616
B0005,B0005,150,150,0.856325750834355,0.9172833720799766,1.3601216766554785,0.736663382323907,1.846327249719927,32.744062694309804,test,similarity_weighted_prior_diagnostic_only,diagnostic_prior,0.7531340469889319,1.390531913647513
B0005,B0005,151,151,0.8609870491055583,0.9222764852641987,1.3395306867947354,0.7255109769938842,1.846327249719927,32.72454235952263,test,similarity_weighted_prior_diagnostic_only,diagnostic_prior,0.7527199945115132,1.3897674372756406
B0005,B0005,152,152,0.865608679214438,0.9272271065045956,1.3290286565120697,0.7198229115199771,1.846327249719927,32.55881984395385,test,similarity_weighted_prior_diagnostic_only,diagnostic_prior,0.7522962416502483,1.3889850508207406
B0005,B0005,153,153,0.8702085612722636,0.9321544315570788,1.3236741274998955,0.716922814035641,1.846327249719927,32.49278119516112,test,similarity_weighted_prior_diagnostic_only,diagnostic_prior,0.7494380040678283,1.383707808886145
B0005,B0005,154,154,0.8747872566313024,0.9370590617338238,1.318633896753293,0.7141929454560773,1.846327249719927,32.44110666221537,test,similarity_weighted_prior_diagnostic_only,diagnostic_prior,0.7472611794402594,1.379688678258403
B0005,B0005,155,155,0.8793471755927931,0.9419435789135677,1.3134751321324272,0.7113988770580464,1.846327249719927,32.415733723076286,test,similarity_weighted_prior_diagnostic_only,diagnostic_prior,0.7460845656925641,1.377516264233638
B0005,B0005,156,156,0.8839032803290405,0.9468240103521209,1.3132020634442203,0.7112509787435691,1.846327249719927,32.43833197212244,test,similarity_weighted_prior_diagnostic_only,diagnostic_prior,0.7447568981231079,1.3750649554215817
B0005,B0005,157,157,0.8884393736723515,0.9516830058850331,1.3077959946944353,0.7083229665233058,1.846327249719927,32.38546945624966,test,similarity_weighted_prior_diagnostic_only,diagnostic_prior,0.7424401172452453,1.370787419755154
B0005,B0005,158,158,0.8929588907728371,0.9565242451938677,1.3030329186405918,0.7057432093028208,1.846327249719927,32.37012523135162,test,similarity_weighted_prior_diagnostic_only,diagnostic_prior,0.7406429868834898,1.3674693289969457
B0005,B0005,159,159,0.8974771593424863,0.9613641470950923,1.3033573559038203,0.7059189296488633,1.846327249719927,32.44186129670507,test,similarity_weighted_prior_diagnostic_only,diagnostic_prior,0.7393584438813419,1.365097642248643
B0005,B0005,160,160,0.9019928371805351,0.9662012738432677,1.3034100438655642,0.7059474662811163,1.846327249719927,32.50100980130544,test,similarity_weighted_prior_diagnostic_only,diagnostic_prior,0.7370317348625506,1.3608017759850795
B0005,B0005,161,161,0.9064910462936975,0.9710196883538931,1.2978870806495706,0.7029561421716815,1.846327249719927,32.52872650452429,test,similarity_weighted_prior_diagnostic_only,diagnostic_prior,0.734884981741979,1.3568381672001468
B0005,B0005,162,162,0.9109858947195615,0.9758345029464096,1.2980735056918902,0.7030571129190654,1.846327249719927,32.466597656919355,test,similarity_weighted_prior_diagnostic_only,diagnostic_prior,0.7340437573035831,1.355284991596406
B0005,B0005,163,163,0.915466073391316,0.9806336035171255,1.293463613844243,0.7005603226841022,1.846327249719927,32.457732089811394,test,similarity_weighted_prior_diagnostic_only,diagnostic_prior,0.7333445396439845,1.3539940069780039
B0005,B0005,164,164,0.9199283981212857,0.9854135792116953,1.288003392619118,0.6976029806278912,1.846327249719927,32.505195163356085,test,similarity_weighted_prior_diagnostic_only,diagnostic_prior,0.7316675137365145,1.3508976683465557
B0005,B0005,165,165,0.9243871745385878,0.9901897540066591,1.2874525221379407,0.6973046204746406,1.846327249719927,32.553461055027334,test,similarity_weighted_prior_diagnostic_only,diagnostic_prior,0.7312225810146891,1.3500761769379575
B0005,B0005,166,166,0.9289343193545916,0.9950605877122857,1.3090153642307354,0.7089833963233237,1.846327249719927,32.962669274100044,test,similarity_weighted_prior_diagnostic_only,diagnostic_prior,0.7296001377601553,1.3470806157459874
B0005,B0005,167,167,0.9335454853962983,1.0,1.3250793286429356,0.7176838931689599,1.846327249719927,33.17942891713078,test,similarity_weighted_prior_diagnostic_only,diagnostic_prior,0.7263024797884913,1.340992059972648
B0006,B0006,0,0,0.0072723050571911,0.008001716649183657,2.035337591005598,1.0050353771765532,2.025140246031412,32.14277785992152,train,self_only_baseline,baseline,1.0050353771765532,2.035337591005598
B0006,B0006,1,1,0.014517946265978101,0.015974095068187408,2.025140246031412,1.0,2.025140246031412,32.29307515705474,train,self_only_baseline,baseline,1.0,2.025140246031412
B0006,B0006,2,2,0.021732989707941103,0.023912806766901232,2.013326371345464,0.9941663918293563,2.025140246031412,32.24414709253608,train,self_only_baseline,baseline,0.9941663918293563,2.013326371345464
B0006,B0006,3,3,0.028911724120646902,0.03181156764374521,2.0132846655407413,0.9941457977965211,2.025140246031412,32.14711742429942,train,self_only_baseline,baseline,0.9941457977965211,2.0132846655407413
B0006,B0006,4,4,0.036075269855564904,0.039693616419683365,2.000528337624771,0.9878468128541358,2.025140246031412,32.06687277315468,train,self_only_baseline,baseline,0.9921170531369063,2.009176173081634
B0006,B0006,5,5,0.0433055240750195,0.047649064535605266,2.0138990759931645,0.9944491893535391,2.025140246031412,32.03447836207717,train,self_only_baseline,baseline,0.9921170531369063,2.009176173081634
B0006,B0006,6,6,0.0505274056006037,0.05559530017715839,2.013101105626967,0.9940551572030443,2.025140246031412,32.11157496697372,train,self_only_baseline,baseline,0.9921170531369063,2.009176173081634
B0006,B0006,7,7,0.0575870080988324,0.06336298021841807,1.96878982627284,0.9721745593328661,2.025140246031412,32.11257624247177,train,self_only_baseline,baseline,0.9721745593328661,1.96878982627284
B0006,B0006,8,8,0.06460644004595101,0.07108646060563453,1.9681661764334244,0.9718666054315805,2.025140246031412,32.03566207329278,train,self_only_baseline,baseline,0.9718666054315805,1.9681661764334244
B0006,B0006,9,9,0.07161458972723761,0.07879752711669503,1.9572307917560536,0.9664667894441198,2.025140246031412,31.99527968872302,train,self_only_baseline,baseline,0.9664667894441198,1.9572307917560536
B0006,B0006,10,10,0.07858867215243451,0.0864711094287153,1.9455991514129352,0.9607231673093504,2.025140246031412,31.87412757184136,train,self_only_baseline,baseline,0.9607231673093504,1.9455991514129352
B0006,B0006,11,11,0.08548836584501891,0.0940628418244331,1.934750504484113,0.9553661818116388,2.025140246031412,32.120959708576166,train,self_only_baseline,baseline,0.9553661818116388,1.934750504484113
B0006,B0006,12,12,0.09234855547879521,0.10161110790753211,1.9232799539368028,0.9497021046842455,2.025140246031412,32.11021168908644,train,self_only_baseline,baseline,0.9497021046842455,1.9232799539368028
B0006,B0006,13,13,0.09920136535383361,0.109151254042706,1.911889930948487,0.9440777914987086,2.025140246031412,31.989061278918147,train,self_only_baseline,baseline,0.9457846301493387,1.9153465185933598
B0006,B0006,14,14,0.10600645395362421,0.11663889246269636,1.9010667141979305,0.9387333632440402,2.025140246031412,31.878814448635442,train,self_only_baseline,baseline,0.9457846301493387,1.9153465185933598
B0006,B0006,15,15,0.1127629944992993,0.1240731134627839,1.8891989948061456,0.9328731669366281,2.025140246031412,31.767450711024402,train,self_only_baseline,baseline,0.9457846301493387,1.9153465185933598
B0006,B0006,16,16,0.1194907290948944,0.1314756392783958,1.878278372248849,0.9274806403801601,2.025140246031412,31.789916349636584,train,self_only_baseline,baseline,0.9457846301493387,1.9153465185933598
B0006,B0006,17,17,0.12617330516517541,0.138828477172363,1.8675697161520208,0.9221927813699935,2.025140246031412,31.82883467218067,train,self_only_baseline,baseline,0.9457846301493387,1.9153465185933598
B0006,B0006,18,18,0.13282140326275033,0.1461433789558311,1.8675892574453767,0.9222024307231157,2.025140246031412,31.85243967652691,train,self_only_baseline,baseline,0.9457846301493387,1.9153465185933598
B0006,B0006,19,19,0.13991428580139773,0.15394767702279372,1.979626548250818,0.9775256563737817,2.025140246031412,31.51177053595285,train,self_only_baseline,baseline,0.9457846301493387,1.9153465185933598
B0006,B0006,20,20,0.14693942808957353,0.16167744049780017,1.9575499080884025,0.9666243668430057,2.025140246031412,31.874488497680712,train,self_only_baseline,baseline,0.9457846301493387,1.9153465185933598
B0006,B0006,21,21,0.15391431356406082,0.16935190640488781,1.9458150170787551,0.9608297602558107,2.025140246031412,31.539114536389718,train,self_only_baseline,baseline,0.9457846301493387,1.9153465185933598
B0006,B0006,22,22,0.16081319804841954,0.17694274842886223,1.9242461121680092,0.9501791868187297,2.025140246031412,31.220866832188786,train,self_only_baseline,baseline,0.9457846301493387,1.9153465185933598
B0006,B0006,23,23,0.16775685297025064,0.1845828513614615,1.945981133142164,0.9609117871987517,2.025140246031412,31.119005145018033,train,self_only_baseline,baseline,0.9457846301493387,1.9153465185933598
B0006,B0006,24,24,0.17453437885649054,0.19204016253002595,1.901407930553079,0.9389018534786386,2.025140246031412,31.033244078156734,train,self_only_baseline,baseline,0.9389018534786386,1.901407930553079
B0006,B0006,25,25,0.18125178289306823,0.19943132163241079,1.878674213680085,0.9276761040928643,2.025140246031412,30.965650701900586,train,self_only_baseline,baseline,0.9276761040928643,1.878674213680085
B0006,B0006,26,26,0.18793874839494354,0.20678898921759584,1.8683061328264217,0.9225564187407109,2.025140246031412,30.886708233618933,train,self_only_baseline,baseline,0.9245258520110159,1.8722945114039895
B0006,B0006,27,27,0.19457775898366375,0.21409389201582746,1.8560244070083,0.9164917889738641,2.025140246031412,30.860218887218178,train,self_only_baseline,baseline,0.9245258520110159,1.8722945114039895
B0006,B0006,28,28,0.20114049169421566,0.22131486627105876,1.8451997961855775,0.9111466723361719,2.025140246031412,30.876821709247142,train,self_only_baseline,baseline,0.9245258520110159,1.8722945114039895
B0006,B0006,29,29,0.20778444074611915,0.2286252028599199,1.857228890885317,0.9170865546348484,2.025140246031412,30.93172713281064,train,self_only_baseline,baseline,0.9245258520110159,1.8722945114039895
B0006,B0006,30,30,0.21465038161508634,0.2361797970266208,1.9247760889090637,0.9504408856033413,2.025140246031412,31.10097217303459,train,self_only_baseline,baseline,0.9245258520110159,1.8722945114039895
B0006,B0006,31,31,0.22136817549048185,0.24357138506862444,1.8822317526092551,0.9294327917771577,2.025140246031412,31.27427401856461,train,self_only_baseline,baseline,0.9245258520110159,1.8722945114039895
B0006,B0006,32,32,0.22799976837427216,0.25086812616673904,1.855276687885587,0.9161225705337198,2.025140246031412,31.064382945653396,train,self_only_baseline,baseline,0.9161225705337198,1.855276687885587
B0006,B0006,33,33,0.23456691914989317,0.25809396161859816,1.839250891718188,0.9082091451801898,2.025140246031412,30.728199036710542,train,self_only_baseline,baseline,0.9082091451801898,1.839250891718188
B0006,B0006,34,34,0.24105046786822595,0.2652278097337809,1.8185396073994429,0.8979820587552707,2.025140246031412,30.628998682624704,train,self_only_baseline,baseline,0.8979820587552707,1.8185396073994429
B0006,B0006,35,35,0.24751900081145686,0.2723451359928688,1.8134770059567056,0.8954821817948191,2.025140246031412,31.152846537043352,train,self_only_baseline,baseline,0.8954821817948191,1.8134770059567056
B0006,B0006,36,36,0.2539232446452975,0.27939172495024506,1.7971018450305436,0.8873962425823365,2.025140246031412,30.881993222524667,train,self_only_baseline,baseline,0.8873962425823365,1.7971018450305436
B0006,B0006,37,37,0.2602623625187196,0.28636665581879295,1.7810046294120476,0.8794475508065244,2.025140246031412,30.767969351603366,train,self_only_baseline,baseline,0.8794475508065244,1.7810046294120476
B0006,B0006,38,38,0.2665603183906398,0.2932962961405141,1.7710130422682329,0.8745137753984287,2.025140246031412,30.60669294411954,train,self_only_baseline,baseline,0.8745137753984287,1.7710130422682329
B0006,B0006,39,39,0.27281952413724064,0.30018329970257135,1.7604712448170945,0.8693083100131069,2.025140246031412,30.84313568962643,train,self_only_baseline,baseline,0.8693083100131069,1.7604712448170945
B0006,B0006,40,40,0.27904514103824335,0.3070333454606124,1.7502913788006589,0.8642815638228691,2.025140246031412,31.42941259977967,train,self_only_baseline,baseline,0.8674723176943202,1.756753102880915
B0006,B0006,41,41,0.2852267301231847,0.31383494741630547,1.7394925037732578,0.8589491553397712,2.025140246031412,31.595140926159456,train,self_only_baseline,baseline,0.8674723176943202,1.756753102880915
B0006,B0006,42,42,0.29145467855819723,0.3206875585610235,1.7546766553637203,0.8664469825249345,2.025140246031412,31.289084817806767,train,self_only_baseline,baseline,0.8674723176943202,1.756753102880915
B0006,B0006,43,43,0.2977323603487154,0.3275948913126653,1.7659390941842177,0.8720082955463747,2.025140246031412,31.208672013341292,train,self_only_baseline,baseline,0.8674723176943202,1.756753102880915
B0006,B0006,44,44,0.3038830013058147,0.3343624410458693,1.7337887419624838,0.8561326779022448,2.025140246031412,30.878133179196,train,self_only_baseline,baseline,0.8674723176943202,1.756753102880915
B0006,B0006,45,45,0.3099546609395495,0.34104308763554875,1.713325912040734,0.8460282765098721,2.025140246031412,30.84580326466527,train,self_only_baseline,baseline,0.8674723176943202,1.756753102880915
B0006,B0006,46,46,0.31598240106320447,0.34767540959194254,1.7024077813673466,0.84063698042814,2.025140246031412,30.876403359868632,train,self_only_baseline,baseline,0.8674723176943202,1.756753102880915
B0006,B0006,47,47,0.322487095929274,0.3548325248117202,1.82371946178183,0.9005398343920632,2.025140246031412,33.561397444219104,train,self_only_baseline,baseline,0.8674723176943202,1.756753102880915
B0006,B0006,48,48,0.3289344501113226,0.36192654808164176,1.8081284050314708,0.8928410803028527,2.025140246031412,32.751844964559524,train,self_only_baseline,baseline,0.8674723176943202,1.756753102880915
B0006,B0006,49,49,0.33525299487933113,0.36887884236401536,1.7757610945034283,0.8768583301740794,2.025140246031412,32.05250990346377,train,self_only_baseline,baseline,0.8674723176943202,1.756753102880915
B0006,B0006,50,50,0.34144775633908714,0.37569493788262065,1.7447409841836798,0.8615408180261986,2.025140246031412,31.738377473225654,train,self_only_baseline,baseline,0.8615408180261986,1.7447409841836798
B0006,B0006,51,51,0.3475840398003102,0.38244669006430704,1.729207034132373,0.8538702628230476,2.025140246031412,31.4877908577111,train,self_only_baseline,baseline,0.8538702628230476,1.729207034132373
B0006,B0006,52,52,0.35363866982460973,0.38910859897614214,1.7081086552553244,0.8434520318297155,2.025140246031412,31.567987325153577,train,self_only_baseline,baseline,0.8434520318297155,1.7081086552553244
B0006,B0006,53,53,0.35965249748313083,0.395725613048307,1.6975954237461768,0.8382606721054939,2.025140246031412,31.907314789096798,train,self_only_baseline,baseline,0.8382606721054939,1.6975954237461768
B0006,B0006,54,54,0.3656043216936321,0.402274404731776,1.6820634524029463,0.8305910939744643,2.025140246031412,31.709303134972124,train,self_only_baseline,baseline,0.8305910939744643,1.6820634524029463
B0006,B0006,55,55,0.3715115064543414,0.408774079632354,1.6714768322295086,0.8253634954443457,2.025140246031412,31.64453828537969,train,self_only_baseline,baseline,0.8253634954443457,1.6714768322295086
B0006,B0006,56,56,0.3773717700915246,0.4152221272246213,1.6607591387047655,0.8200711738158827,2.025140246031412,31.575826838438385,train,self_only_baseline,baseline,0.8200711738158827,1.6607591387047655
B0006,B0006,57,57,0.3831928045616516,0.42162701096764155,1.651121015038069,0.8153119361850154,2.025140246031412,31.793434637562633,train,self_only_baseline,baseline,0.8153119361850154,1.651121015038069
B0006,B0006,58,58,0.38897547452106673,0.42798968224271844,1.640134925619093,0.8098870825530237,2.025140246031412,32.11906759335304,train,self_only_baseline,baseline,0.8098870825530237,1.640134925619093
B0006,B0006,59,59,0.39471243914526916,0.43430206394126464,1.629199941616544,0.8044874644159697,2.025140246031412,32.01916168135042,train,self_only_baseline,baseline,0.8044874644159697,1.629199941616544
B0006,B0006,60,60,0.40037259651159435,0.4405299346203609,1.6088496302961666,0.7944386239170181,2.025140246031412,31.93206533899992,train,self_only_baseline,baseline,0.7944386239170181,1.6088496302961666
B0006,B0006,61,61,0.40600195471301453,0.44672391698087544,1.6035244898969248,0.7918091070676655,2.025140246031412,31.77950969723696,train,self_only_baseline,baseline,0.7918091070676655,1.6035244898969248
B0006,B0006,62,62,0.41161512724547894,0.45290009025118505,1.5989712144027983,0.7895607316758627,2.025140246031412,32.07576106468614,train,self_only_baseline,baseline,0.7895607316758627,1.5989712144027983
B0006,B0006,63,63,0.4171811765859149,0.4590244138772276,1.5876273123575604,0.7839591926874059,2.025140246031412,31.75203647327995,train,self_only_baseline,baseline,0.7839591926874059,1.5876273123575604
B0006,B0006,64,64,0.4227353538003291,0.46513567460399646,1.5829719744686166,0.7816604196033854,2.025140246031412,31.952071957890308,train,self_only_baseline,baseline,0.7816604196033854,1.5829719744686166
B0006,B0006,65,65,0.42822016599985163,0.471170613010653,1.567137636713563,0.7738415350663349,2.025140246031412,31.850561427095545,train,self_only_baseline,baseline,0.7738415350663349,1.567137636713563
B0006,B0006,66,66,0.4336795741946142,0.47717759939298643,1.5613446139713882,0.7709809812091256,2.025140246031412,31.751300831948473,train,self_only_baseline,baseline,0.7709809812091256,1.5613446139713882
B0006,B0006,67,67,0.4391005467041732,0.48314229499408917,1.551171189279042,0.7659574156993875,2.025140246031412,31.78571994829551,train,self_only_baseline,baseline,0.7659574156993875,1.551171189279042
B0006,B0006,68,68,0.4444970990764168,0.4890801211201362,1.5406741606295171,0.7607740568332074,2.025140246031412,31.888197566292188,train,self_only_baseline,baseline,0.7607740568332074,1.5406741606295171
B0006,B0006,69,69,0.44983321427559764,0.49495144822969217,1.5253138744624433,0.7531892556337968,2.025140246031412,31.91808784241306,train,self_only_baseline,baseline,0.7543850141383721,1.5277354531345932
B0006,B0006,70,70,0.45516891578575186,0.5008223201572466,1.5301570318067428,0.7555807726429473,2.025140246031412,31.92397443418174,train,self_only_baseline,baseline,0.7543850141383721,1.5277354531345932
B0006,B0006,71,71,0.46047988404560175,0.5066659780915497,1.524656683447409,0.7528647393360627,2.025140246031412,31.935884164165987,train,self_only_baseline,baseline,0.7528647393360627,1.524656683447409
B0006,B0006,72,72,0.46575527125262695,0.5124704861963909,1.5145492986655429,0.7478737838693126,2.025140246031412,31.95316349550248,train,self_only_baseline,baseline,0.7478737838693126,1.5145492986655429
B0006,B0006,73,73,0.47100734430405344,0.5182493417377673,1.509391504602082,0.7453269014627394,2.025140246031412,31.972811933188073,train,self_only_baseline,baseline,0.7453269014627394,1.509391504602082
B0006,B0006,74,74,0.47623492294459996,0.524001246080891,1.5039974333050703,0.7426633470212224,2.025140246031412,31.946383092696554,train,self_only_baseline,baseline,0.7426633470212224,1.5039974333050703
B0006,B0006,75,75,0.4814233769808989,0.5297101016252173,1.4935201918040188,0.7374897589096913,2.025140246031412,31.905286109962418,train,self_only_baseline,baseline,0.7426048808617469,1.5038790311324857
B0006,B0006,76,76,0.4866000943058364,0.5354060432670094,1.4876323024497422,0.7345823605871232,2.025140246031412,32.01000339812731,train,self_only_baseline,baseline,0.7426048808617469,1.5038790311324857
B0006,B0006,77,77,0.491947820104875,0.5412901455186225,1.5302876214401704,0.7556452568848083,2.025140246031412,32.60230513312795,train,self_only_baseline,baseline,0.7426048808617469,1.5038790311324857
B0006,B0006,78,78,0.49717142545554127,0.5470376780512217,1.5040760088360112,0.742702147065365,2.025140246031412,32.092634845392524,train,self_only_baseline,baseline,0.7426048808617469,1.5038790311324857
B0006,B0006,79,79,0.5023476011253983,0.5527330237099738,1.4887593608730894,0.735138894104027,2.025140246031412,31.886482042039205,train,self_only_baseline,baseline,0.735138894104027,1.4887593608730894
B0006,B0006,80,80,0.5074701482960237,0.5583693619354846,1.4782779285546637,0.7299632365963725,2.025140246031412,31.996316333054377,train,self_only_baseline,baseline,0.7327264558967432,1.4838738351684553
B0006,B0006,81,81,0.5125947880227189,0.5640080026002648,1.478459982215684,0.730053133412841,2.025140246031412,32.48867717699209,train,self_only_baseline,baseline,0.7327264558967432,1.4838738351684553
B0006,B0006,82,82,0.5177022545703264,0.5696277476175242,1.473214844899973,0.7274631215230521,2.025140246031412,32.755826133788084,train,self_only_baseline,baseline,0.7327264558967432,1.4838738351684553
B0006,B0006,83,83,0.5227822696568055,0.5752172877943886,1.4675164935067897,0.7246493157116521,2.025140246031412,32.679110980643635,train,self_only_baseline,baseline,0.7327264558967432,1.4838738351684553
B0006,B0006,84,84,0.5278172623862768,0.5807572898755844,1.4516292657521337,0.7168043144650523,2.025140246031412,32.45884316239656,train,self_only_baseline,baseline,0.7327264558967432,1.4838738351684553
B0006,B0006,85,85,0.5328298829997136,0.5862726759193693,1.4519237720967175,0.7169497396251917,2.025140246031412,32.23766231305826,train,self_only_baseline,baseline,0.7327264558967432,1.4838738351684553
B0006,B0006,86,86,0.5378301974945592,0.5917745215418926,1.4471484694777743,0.714591728801842,2.025140246031412,32.5100407877973,train,self_only_baseline,baseline,0.7327264558967432,1.4838738351684553
B0006,B0006,87,87,0.5428294058431555,0.5972751500717898,1.4468538105659885,0.7144462283050921,2.025140246031412,32.837763287679486,train,self_only_baseline,baseline,0.7327264558967432,1.4838738351684553
B0006,B0006,88,88,0.5478104430986561,0.6027557849494661,1.4416741930284678,0.7118885696206276,2.025140246031412,32.88370115284785,train,self_only_baseline,baseline,0.7327264558967432,1.4838738351684553
B0006,B0006,89,89,0.5533633541912378,0.608865652562488,1.5935866593100128,0.786901876269015,2.025140246031412,32.68601346515812,train,self_only_baseline,baseline,0.7327264558967432,1.4838738351684553
B0006,B0006,90,90,0.5587545305373989,0.6147975634474838,1.5463902376915637,0.763596615455134,2.025140246031412,32.86187284474059,train,self_only_baseline,baseline,0.7327264558967432,1.4838738351684553
B0006,B0006,91,91,0.5640216176072311,0.6205929389120626,1.51470559175661,0.7479509602976481,2.025140246031412,32.866728046853275,train,self_only_baseline,baseline,0.7327264558967432,1.4838738351684553
B0006,B0006,92,92,0.5692237369207293,0.6263168303597537,1.4989786083335404,0.7401850865741422,2.025140246031412,32.690440753416475,train,self_only_baseline,baseline,0.7327264558967432,1.4838738351684553
B0006,B0006,93,93,0.5743651037331432,0.6319738758355582,1.4831110745410492,0.7323498100674478,2.025140246031412,32.53195589133864,train,self_only_baseline,baseline,0.7323498100674478,1.4831110745410492
B0006,B0006,94,94,0.5794632900266251,0.6375834097899755,1.4729664825468278,0.7273404819411112,2.025140246031412,32.47570461521663,train,self_only_baseline,baseline,0.7273404819411112,1.4729664825468278
B0006,B0006,95,95,0.5845240591193898,0.6431517736015577,1.4627604396099307,0.7223008097717899,2.025140246031412,32.54787074449699,train,self_only_baseline,baseline,0.7223008097717899,1.4627604396099307
B0006,B0006,96,96,0.5895596313495653,0.6486924133073302,1.4518364681062514,0.7169066295291688,2.025140246031412,32.60884933802198,train,self_only_baseline,baseline,0.7169066295291688,1.4518364681062514
B0006,B0006,97,97,0.594556565409096,0.6541905394371577,1.4468670644030392,0.7144527729565435,2.025140246031412,32.63710295662962,train,self_only_baseline,baseline,0.7144527729565435,1.4468670644030392
B0006,B0006,98,98,0.5995322855063532,0.6596653238460612,1.441380399427779,0.7117434964084071,2.025140246031412,32.651819580614344,train,self_only_baseline,baseline,0.7117434964084071,1.441380399427779
B0006,B0006,99,99,0.6044871341970758,0.6651171434480919,1.431210744960774,0.7067217926094065,2.025140246031412,32.71454209899352,train,self_only_baseline,baseline,0.7067217926094065,1.431210744960774
B0006,B0006,100,100,0.6094207434197151,0.6705455932651582,1.4260247179525716,0.704160968973431,2.025140246031412,32.73153975622613,train,self_only_baseline,baseline,0.70622530385945,1.4302052856115355
B0006,B0006,101,101,0.6143173513377231,0.6759333305498181,1.420487649966195,0.7014268037731554,2.025140246031412,32.71647654558839,train,self_only_baseline,baseline,0.70622530385945,1.4302052856115355
B0006,B0006,102,102,0.6192293238132818,0.6813379734558722,1.4207006230355006,0.7015319683758159,2.025140246031412,33.01886085264653,train,self_only_baseline,baseline,0.70622530385945,1.4302052856115355
B0006,B0006,103,103,0.6242568324776775,0.6868697408208881,1.452255804330839,0.7171136948054673,2.025140246031412,33.443380413154635,train,self_only_baseline,baseline,0.70622530385945,1.4302052856115355
B0006,B0006,104,104,0.6292011230916551,0.6923099433719551,1.431557632772571,0.7068930833693806,2.025140246031412,33.326423263239164,train,self_only_baseline,baseline,0.70622530385945,1.4302052856115355
B0006,B0006,105,105,0.634095248153482,0.6976949487701655,1.415015751158943,0.698724818654853,2.025140246031412,33.21069809702531,train,self_only_baseline,baseline,0.698724818654853,1.415015751158943
B0006,B0006,106,106,0.6389508950519246,0.7030376166484066,1.4097311506517451,0.6961153201188609,2.025140246031412,33.01761050942984,test,self_only_baseline,baseline,0.6973271492279267,1.4121852745518266
B0006,B0006,107,107,0.6437873388608737,0.7083591553688762,1.404917318129309,0.6937382835003504,2.025140246031412,33.03614178285593,test,self_only_baseline,baseline,0.6959342329796904,1.4093644237981722
B0006,B0006,108,108,0.6485921297303159,0.7136458663626406,1.395164296571563,0.6889223100995655,2.025140246031412,33.306733871935904,test,self_only_baseline,baseline,0.6945488315817894,1.4065587916703748
B0006,B0006,109,109,0.6533933473929554,0.7189286457572575,1.3945343832614077,0.6886112633405128,2.025140246031412,33.46556106074692,test,self_only_baseline,baseline,0.6931620003168291,1.403750263861249
B0006,B0006,110,110,0.6581687130115234,0.724182980149934,1.3893171179312644,0.6860350144410269,2.025140246031412,33.25942275781228,test,self_only_baseline,baseline,0.6917793184683205,1.400950139202377
B0006,B0006,111,111,0.6629216215421068,0.7294126050105701,1.3838379472327809,0.683329438514016,2.025140246031412,33.1125731731603,test,self_only_baseline,baseline,0.6903989687800289,1.398154737495021
B0006,B0006,112,112,0.6676550457844738,0.7346207913105033,1.3736814238195123,0.6783142187369304,2.025140246031412,33.35849770640451,test,self_only_baseline,baseline,0.6890192560145132,1.3953606256456117
B0006,B0006,113,113,0.6723917404124574,0.7398325760154583,1.3786059891863676,0.6807459344546472,2.025140246031412,33.61799056999555,test,self_only_baseline,baseline,0.6876326778485912,1.3925526103975345
B0006,B0006,114,114,0.677108688475686,0.7450226335768567,1.3737600299108574,0.6783530338715855,2.025140246031412,33.48601560177548,test,self_only_baseline,baseline,0.6862451046846809,1.3897425801389869
B0006,B0006,115,115,0.6818019708326756,0.75018665176365,1.3682580583942712,0.6756361990610739,2.025140246031412,33.3050173300787,test,self_only_baseline,baseline,0.6848568867521977,1.3869312441336525
B0006,B0006,116,116,0.6864744396649491,0.7553277688309304,1.3633024037317505,0.6731891316679725,2.025140246031412,33.14417336164995,test,self_only_baseline,baseline,0.6834663966549156,1.3841153066759384
B0006,B0006,117,117,0.6911331204125434,0.7604537148697857,1.35809661401726,0.6706185493467273,2.025140246031412,33.37364707544407,test,self_only_baseline,baseline,0.6820707480129039,1.3812889224416816
B0006,B0006,118,118,0.6957926558065078,0.7655806012759712,1.353269090999531,0.6682347524579986,2.025140246031412,33.74154645508761,test,self_only_baseline,baseline,0.6806647003291597,1.3784414786894919
B0006,B0006,119,119,0.7005491061002702,0.7708141231383383,1.3841605738237488,0.6834887492539018,2.025140246031412,33.54140288322981,test,self_only_baseline,baseline,0.6792180130401967,1.3755117340371907
B0006,B0006,120,120,0.7053921307059055,0.7761429027088539,1.4051467790651473,0.6938515896954586,2.025140246031412,33.73406768655218,test,self_only_baseline,baseline,0.6777321790702805,1.3725027118657929
B0006,B0006,121,121,0.7101467430672794,0.781374402294367,1.378719022627353,0.6808017495722455,2.025140246031412,33.456819107176564,test,self_only_baseline,baseline,0.676259910859635,1.369521162259462
B0006,B0006,122,122,0.714841876915647,0.7865404576769696,1.3682657783199066,0.6756400111060177,2.025140246031412,33.15638270986697,test,self_only_baseline,baseline,0.6747919226944658,1.36654828034548
B0006,B0006,123,123,0.7195102147501165,0.7916770294077099,1.3573151296618016,0.6702326578723024,2.025140246031412,33.09888218239453,test,self_only_baseline,baseline,0.6733174505430912,1.363562267450079
B0006,B0006,124,124,0.7241440931978876,0.796775685478134,1.3524934638801596,0.6678517532455286,2.025140246031412,33.07745013977818,test,self_only_baseline,baseline,0.6718382892537726,1.3605667583927081
B0006,B0006,125,125,0.7287573476243138,0.8018516489395887,1.3474099151661236,0.6653415326699422,2.025140246031412,33.066209604970844,test,self_only_baseline,baseline,0.6703493930638375,1.3575515347963076
B0006,B0006,126,126,0.7333495076781666,0.8069044022646567,1.3370075130842318,0.6602048997368518,2.025140246031412,33.04584100418226,test,self_only_baseline,baseline,0.6688502376273501,1.35451553478682
B0006,B0006,127,127,0.73791880355708,0.8119319981399415,1.3312352966718526,0.657354619898855,2.025140246031412,32.943940849355755,test,self_only_baseline,baseline,0.6673407575219955,1.3514586258748829
B0006,B0006,128,128,0.742451045195645,0.816918823237655,1.3259303781727645,0.654735088481471,2.025140246031412,32.873407535148246,test,self_only_baseline,baseline,0.6658251162824405,1.3483892398021151
B0006,B0006,129,129,0.7469825227165596,0.8219048075767813,1.321578743867529,0.6525862820895368,2.025140246031412,32.91796336854363,test,self_only_baseline,baseline,0.6642905396465851,1.345281506896225
B0006,B0006,130,130,0.7514965109268087,0.8268715484288379,1.321225074066109,0.6524116424308202,2.025140246031412,32.94750978699508,test,self_only_baseline,baseline,0.6627419446300251,1.3421453848033855
B0006,B0006,131,131,0.7559904370221351,0.8318162149375148,1.3156485301862682,0.6496579843121941,2.025140246031412,32.884129868829,test,self_only_baseline,baseline,0.6611796064309388,1.3389814308385035
B0006,B0006,132,132,0.7605064604531668,0.8367851951428291,1.3209025697502388,0.652252392069517,2.025140246031412,33.24884963980361,test,self_only_baseline,baseline,0.6595879921650685,1.3357581887325318
B0006,B0006,133,133,0.7651282729973571,0.8418705751005474,1.3474328767273906,0.6653528709272861,2.025140246031412,33.12577940031775,test,self_only_baseline,baseline,0.657935776052966,1.3324122193887717
B0006,B0006,134,134,0.7696703870247845,0.8468682627869045,1.3260128072353616,0.6547757913724231,2.025140246031412,32.901761857989634,test,self_only_baseline,baseline,0.6562881723180303,1.3290755907556415
B0006,B0006,135,135,0.7741652157893197,0.8518139225024368,1.3101186784831065,0.6469273824617799,2.025140246031412,32.75128529177779,test,self_only_baseline,baseline,0.6546335416376952,1.3257247315725766
B0006,B0006,136,136,0.778622695181642,0.8567184867068315,1.30521620229393,0.6445065742245314,2.025140246031412,32.478184588900916,test,self_only_baseline,baseline,0.6529680529430248,1.3223518833876895
B0006,B0006,137,137,0.7830795871403946,0.8616224045581183,1.3004061951355774,0.6421314265438813,2.025140246031412,32.83142298271,test,self_only_baseline,baseline,0.6512774377524331,1.31892815052467
B0006,B0006,138,138,0.7875218471759992,0.8665102229055832,1.300235735841116,0.6420472549440154,2.025140246031412,33.03281997670763,test,self_only_baseline,baseline,0.6495663120929122,1.315462881085557
B0006,B0006,139,139,0.7919382885646592,0.8713696329979639,1.2895066722480757,0.6367493188558527,2.025140246031412,32.82570895441671,test,self_only_baseline,baseline,0.6478385081824782,1.3119638358492869
B0006,B0006,140,140,0.7963157417578287,0.876186144382091,1.279253057384795,0.6316861560041074,2.025140246031412,32.523737344262734,test,self_only_baseline,baseline,0.6460989463568941,1.3084409791858367
B0006,B0006,141,141,0.8006744593038685,0.8809820409352407,1.2792078171714618,0.6316638167051765,2.025140246031412,32.37710464070652,test,self_only_baseline,baseline,0.6443393076307706,1.3048774639830885
B0006,B0006,142,142,0.8050347094900221,0.88577962385218,1.274036760902923,0.6291103855150787,2.025140246031412,32.678136152268685,test,self_only_baseline,baseline,0.6425507718372402,1.3012554281661424
B0006,B0006,143,143,0.8093777497644871,0.8905582707047206,1.2741273923001468,0.6291551386611393,2.025140246031412,32.73407293071773,test,self_only_baseline,baseline,0.6407403836992953,1.2975891382870524
B0006,B0006,144,144,0.8136801075428738,0.8952921546102122,1.263763942644078,0.6240377401617625,2.025140246031412,32.46571744312978,test,self_only_baseline,baseline,0.6389177224278293,1.2938979935913237
B0006,B0006,145,145,0.8179612323979895,0.9000026759319957,1.2581373688955233,0.6212593776460893,2.025140246031412,32.22903889696284,test,self_only_baseline,baseline,0.6370744086959343,1.2901650247668008
B0006,B0006,146,146,0.8222371516640953,0.904707469544625,1.253259864055301,0.6188509000851992,2.025140246031412,32.184381042473795,test,self_only_baseline,baseline,0.6352030530622251,1.2863752671583386
B0006,B0006,147,147,0.8265170453440591,0.9094166362044914,1.2532313315493426,0.6188368109345764,2.025140246031412,32.52481525191077,test,self_only_baseline,baseline,0.6332988873475677,1.2825190645344726
B0006,B0006,148,148,0.8307630268442197,0.9140884892957427,1.2480874960313575,0.616296821159515,2.025140246031412,32.46559207769152,test,self_only_baseline,baseline,0.6313783385724444,1.2786296839155042
B0006,B0006,149,149,0.8350246594809493,0.9187775633312584,1.2534354284944844,0.6189375925695975,2.025140246031412,32.335297935449894,test,self_only_baseline,baseline,0.6294184351934905,1.2746606047044517
B0006,B0006,150,150,0.8394349683636163,0.9236302258278052,1.28980487732669,0.6368965704248236,2.025140246031412,33.00335802319549,test,self_only_baseline,baseline,0.6273553028744638,1.2704824724123027
B0006,B0006,151,151,0.8437436045989636,0.9283710179189679,1.2635402021758837,0.6239272586933147,2.025140246031412,33.00849337845199,test,self_only_baseline,baseline,0.6253047002247816,1.2663297144578125
B0006,B0006,152,152,0.8479947969679434,0.9330486045287474,1.2479761706842851,0.6162418494866689,2.025140246031412,32.8366791658954,test,self_only_baseline,baseline,0.623246728322541,1.2621620327333833
B0006,B0006,153,153,0.8522034457612544,0.937679380445759,1.2321202877943334,0.6084123261136463,2.025140246031412,32.76822151546751,test,self_only_baseline,baseline,0.6211746452113365,1.2579657738317611
B0006,B0006,154,154,0.8563897270316846,0.9422855453792066,1.2271137666213534,0.6059401411956926,2.025140246031412,32.73092391723622,test,self_only_baseline,baseline,0.619078586572049,1.253720961123298
B0006,B0006,155,155,0.8605414833219736,0.9468537224798782,1.2217397581377356,0.6032864936302219,2.025140246031412,32.69124689541012,test,self_only_baseline,baseline,0.6169646346968587,1.2494399121026767
B0006,B0006,156,156,0.8646707911339454,0.9513971995217257,1.211102678915174,0.5980339787767907,2.025140246031412,32.705634765473235,test,self_only_baseline,baseline,0.6148266589732749,1.2451102114198092
B0006,B0006,157,157,0.8687790758123136,0.9559175448114188,1.2056159765131735,0.5953246837475932,2.025140246031412,32.662604976200384,test,self_only_baseline,baseline,0.6126637869286895,1.2407300921953028
B0006,B0006,158,158,0.8728692992992366,0.9604180173736678,1.2008936262717274,0.5929928204355582,2.025140246031412,32.67004737750901,test,self_only_baseline,baseline,0.6104742844359937,1.2362960425785585
B0006,B0006,159,159,0.8769252866566446,0.9648808199254609,1.1905903985558337,0.5879051591063814,2.025140246031412,32.69399366057804,test,self_only_baseline,baseline,0.6082668295264101,1.231825636799861
B0006,B0006,160,160,0.8809628508856978,0.9693233515106585,1.185179251041941,0.5852331725491557,2.025140246031412,32.7325536611768,test,self_only_baseline,baseline,0.6060328596565905,1.2273015345080678
B0006,B0006,161,161,0.8849807781352919,0.9737442765289914,1.1796706818144624,0.5825130798354419,2.025140246031412,32.77560690172128,test,self_only_baseline,baseline,0.6037729103455308,1.22272482020425
B0006,B0006,162,162,0.8889772868063979,0.9781416346871966,1.1745952836753917,0.5800068839564074,2.025140246031412,32.7008684512122,test,self_only_baseline,baseline,0.6014879044499242,1.218097362802638
B0006,B0006,163,163,0.8929007573662701,0.9824586290176898,1.15381833159625,0.5697473712535922,2.025140246031412,32.64158956357466,test,self_only_baseline,baseline,0.5992080434740773,1.213480324585094
B0006,B0006,164,164,0.8968456042202688,0.9867991436828315,1.1644009557372264,0.5749729965710065,2.025140246031412,32.75256580992672,test,self_only_baseline,baseline,0.596878572523826,1.2087628192117792
B0006,B0006,165,165,0.9007837636305375,0.9911323001541934,1.1587974947916069,0.5722060469947485,2.025140246031412,32.8088725902038,test,self_only_baseline,baseline,0.5945152433004736,1.203976746086946
B0006,B0006,166,166,0.9047911897024109,0.9955416707275544,1.1749748834769171,0.5801943276666737,2.025140246031412,32.982805032554424,test,self_only_baseline,baseline,0.5920709353781852,1.1990266797398264
B0006,B0006,167,167,0.908843111550698,1.0,1.1856752327929356,0.5854780848469417,2.025140246031412,33.228596513831256,test,self_only_baseline,baseline,0.5895584120014562,1.1939384675305176
B0006,B0006,0,0,0.0072723050571911,0.008001716649183657,2.035337591005598,1.0050353771765532,2.025140246031412,32.14277785992152,train,fleet_updated_deterministic_final,final_model,1.0050353771765532,2.035337591005598
B0006,B0006,1,1,0.014517946265978101,0.015974095068187408,2.025140246031412,1.0,2.025140246031412,32.29307515705474,train,fleet_updated_deterministic_final,final_model,1.0,2.025140246031412
B0006,B0006,2,2,0.021732989707941103,0.023912806766901232,2.013326371345464,0.9941663918293563,2.025140246031412,32.24414709253608,train,fleet_updated_deterministic_final,final_model,0.9941663918293563,2.013326371345464
B0006,B0006,3,3,0.028911724120646902,0.03181156764374521,2.0132846655407413,0.9941457977965211,2.025140246031412,32.14711742429942,train,fleet_updated_deterministic_final,final_model,0.9941457977965211,2.0132846655407413
B0006,B0006,4,4,0.036075269855564904,0.039693616419683365,2.000528337624771,0.9878468128541358,2.025140246031412,32.06687277315468,train,fleet_updated_deterministic_final,final_model,0.9921170531369063,2.009176173081634
B0006,B0006,5,5,0.0433055240750195,0.047649064535605266,2.0138990759931645,0.9944491893535391,2.025140246031412,32.03447836207717,train,fleet_updated_deterministic_final,final_model,0.9921170531369063,2.009176173081634
B0006,B0006,6,6,0.0505274056006037,0.05559530017715839,2.013101105626967,0.9940551572030443,2.025140246031412,32.11157496697372,train,fleet_updated_deterministic_final,final_model,0.9921170531369063,2.009176173081634
B0006,B0006,7,7,0.0575870080988324,0.06336298021841807,1.96878982627284,0.9721745593328661,2.025140246031412,32.11257624247177,train,fleet_updated_deterministic_final,final_model,0.9721745593328661,1.96878982627284
B0006,B0006,8,8,0.06460644004595101,0.07108646060563453,1.9681661764334244,0.9718666054315805,2.025140246031412,32.03566207329278,train,fleet_updated_deterministic_final,final_model,0.9718666054315805,1.9681661764334244
B0006,B0006,9,9,0.07161458972723761,0.07879752711669503,1.9572307917560536,0.9664667894441198,2.025140246031412,31.99527968872302,train,fleet_updated_deterministic_final,final_model,0.9664667894441198,1.9572307917560536
B0006,B0006,10,10,0.07858867215243451,0.0864711094287153,1.9455991514129352,0.9607231673093504,2.025140246031412,31.87412757184136,train,fleet_updated_deterministic_final,final_model,0.9607231673093504,1.9455991514129352
B0006,B0006,11,11,0.08548836584501891,0.0940628418244331,1.934750504484113,0.9553661818116388,2.025140246031412,32.120959708576166,train,fleet_updated_deterministic_final,final_model,0.9553661818116388,1.934750504484113
B0006,B0006,12,12,0.09234855547879521,0.10161110790753211,1.9232799539368028,0.9497021046842455,2.025140246031412,32.11021168908644,train,fleet_updated_deterministic_final,final_model,0.9497021046842455,1.9232799539368028
B0006,B0006,13,13,0.09920136535383361,0.109151254042706,1.911889930948487,0.9440777914987086,2.025140246031412,31.989061278918147,train,fleet_updated_deterministic_final,final_model,0.9457846301493387,1.9153465185933598
B0006,B0006,14,14,0.10600645395362421,0.11663889246269636,1.9010667141979305,0.9387333632440402,2.025140246031412,31.878814448635442,train,fleet_updated_deterministic_final,final_model,0.9457846301493387,1.9153465185933598
B0006,B0006,15,15,0.1127629944992993,0.1240731134627839,1.8891989948061456,0.9328731669366281,2.025140246031412,31.767450711024402,train,fleet_updated_deterministic_final,final_model,0.9457846301493387,1.9153465185933598
B0006,B0006,16,16,0.1194907290948944,0.1314756392783958,1.878278372248849,0.9274806403801601,2.025140246031412,31.789916349636584,train,fleet_updated_deterministic_final,final_model,0.9457846301493387,1.9153465185933598
B0006,B0006,17,17,0.12617330516517541,0.138828477172363,1.8675697161520208,0.9221927813699935,2.025140246031412,31.82883467218067,train,fleet_updated_deterministic_final,final_model,0.9457846301493387,1.9153465185933598
B0006,B0006,18,18,0.13282140326275033,0.1461433789558311,1.8675892574453767,0.9222024307231157,2.025140246031412,31.85243967652691,train,fleet_updated_deterministic_final,final_model,0.9457846301493387,1.9153465185933598
B0006,B0006,19,19,0.13991428580139773,0.15394767702279372,1.979626548250818,0.9775256563737817,2.025140246031412,31.51177053595285,train,fleet_updated_deterministic_final,final_model,0.9457846301493387,1.9153465185933598
B0006,B0006,20,20,0.14693942808957353,0.16167744049780017,1.9575499080884025,0.9666243668430057,2.025140246031412,31.874488497680712,train,fleet_updated_deterministic_final,final_model,0.9457846301493387,1.9153465185933598
B0006,B0006,21,21,0.15391431356406082,0.16935190640488781,1.9458150170787551,0.9608297602558107,2.025140246031412,31.539114536389718,train,fleet_updated_deterministic_final,final_model,0.9457846301493387,1.9153465185933598
B0006,B0006,22,22,0.16081319804841954,0.17694274842886223,1.9242461121680092,0.9501791868187297,2.025140246031412,31.220866832188786,train,fleet_updated_deterministic_final,final_model,0.9457846301493387,1.9153465185933598
B0006,B0006,23,23,0.16775685297025064,0.1845828513614615,1.945981133142164,0.9609117871987517,2.025140246031412,31.119005145018033,train,fleet_updated_deterministic_final,final_model,0.9457846301493387,1.9153465185933598
B0006,B0006,24,24,0.17453437885649054,0.19204016253002595,1.901407930553079,0.9389018534786386,2.025140246031412,31.033244078156734,train,fleet_updated_deterministic_final,final_model,0.9389018534786386,1.901407930553079
B0006,B0006,25,25,0.18125178289306823,0.19943132163241079,1.878674213680085,0.9276761040928643,2.025140246031412,30.965650701900586,train,fleet_updated_deterministic_final,final_model,0.9276761040928643,1.878674213680085
B0006,B0006,26,26,0.18793874839494354,0.20678898921759584,1.8683061328264217,0.9225564187407109,2.025140246031412,30.886708233618933,train,fleet_updated_deterministic_final,final_model,0.9245258520110159,1.8722945114039895
B0006,B0006,27,27,0.19457775898366375,0.21409389201582746,1.8560244070083,0.9164917889738641,2.025140246031412,30.860218887218178,train,fleet_updated_deterministic_final,final_model,0.9245258520110159,1.8722945114039895
B0006,B0006,28,28,0.20114049169421566,0.22131486627105876,1.8451997961855775,0.9111466723361719,2.025140246031412,30.876821709247142,train,fleet_updated_deterministic_final,final_model,0.9245258520110159,1.8722945114039895
B0006,B0006,29,29,0.20778444074611915,0.2286252028599199,1.857228890885317,0.9170865546348484,2.025140246031412,30.93172713281064,train,fleet_updated_deterministic_final,final_model,0.9245258520110159,1.8722945114039895
B0006,B0006,30,30,0.21465038161508634,0.2361797970266208,1.9247760889090637,0.9504408856033413,2.025140246031412,31.10097217303459,train,fleet_updated_deterministic_final,final_model,0.9245258520110159,1.8722945114039895
B0006,B0006,31,31,0.22136817549048185,0.24357138506862444,1.8822317526092551,0.9294327917771577,2.025140246031412,31.27427401856461,train,fleet_updated_deterministic_final,final_model,0.9245258520110159,1.8722945114039895
B0006,B0006,32,32,0.22799976837427216,0.25086812616673904,1.855276687885587,0.9161225705337198,2.025140246031412,31.064382945653396,train,fleet_updated_deterministic_final,final_model,0.9161225705337198,1.855276687885587
B0006,B0006,33,33,0.23456691914989317,0.25809396161859816,1.839250891718188,0.9082091451801898,2.025140246031412,30.728199036710542,train,fleet_updated_deterministic_final,final_model,0.9082091451801898,1.839250891718188
B0006,B0006,34,34,0.24105046786822595,0.2652278097337809,1.8185396073994429,0.8979820587552707,2.025140246031412,30.628998682624704,train,fleet_updated_deterministic_final,final_model,0.8979820587552707,1.8185396073994429
B0006,B0006,35,35,0.24751900081145686,0.2723451359928688,1.8134770059567056,0.8954821817948191,2.025140246031412,31.152846537043352,train,fleet_updated_deterministic_final,final_model,0.8954821817948191,1.8134770059567056
B0006,B0006,36,36,0.2539232446452975,0.27939172495024506,1.7971018450305436,0.8873962425823365,2.025140246031412,30.881993222524667,train,fleet_updated_deterministic_final,final_model,0.8873962425823365,1.7971018450305436
B0006,B0006,37,37,0.2602623625187196,0.28636665581879295,1.7810046294120476,0.8794475508065244,2.025140246031412,30.767969351603366,train,fleet_updated_deterministic_final,final_model,0.8794475508065244,1.7810046294120476
B0006,B0006,38,38,0.2665603183906398,0.2932962961405141,1.7710130422682329,0.8745137753984287,2.025140246031412,30.60669294411954,train,fleet_updated_deterministic_final,final_model,0.8745137753984287,1.7710130422682329
B0006,B0006,39,39,0.27281952413724064,0.30018329970257135,1.7604712448170945,0.8693083100131069,2.025140246031412,30.84313568962643,train,fleet_updated_deterministic_final,final_model,0.8693083100131069,1.7604712448170945
B0006,B0006,40,40,0.27904514103824335,0.3070333454606124,1.7502913788006589,0.8642815638228691,2.025140246031412,31.42941259977967,train,fleet_updated_deterministic_final,final_model,0.8674723176943202,1.756753102880915
B0006,B0006,41,41,0.2852267301231847,0.31383494741630547,1.7394925037732578,0.8589491553397712,2.025140246031412,31.595140926159456,train,fleet_updated_deterministic_final,final_model,0.8674723176943202,1.756753102880915
B0006,B0006,42,42,0.29145467855819723,0.3206875585610235,1.7546766553637203,0.8664469825249345,2.025140246031412,31.289084817806767,train,fleet_updated_deterministic_final,final_model,0.8674723176943202,1.756753102880915
B0006,B0006,43,43,0.2977323603487154,0.3275948913126653,1.7659390941842177,0.8720082955463747,2.025140246031412,31.208672013341292,train,fleet_updated_deterministic_final,final_model,0.8674723176943202,1.756753102880915
B0006,B0006,44,44,0.3038830013058147,0.3343624410458693,1.7337887419624838,0.8561326779022448,2.025140246031412,30.878133179196,train,fleet_updated_deterministic_final,final_model,0.8674723176943202,1.756753102880915
B0006,B0006,45,45,0.3099546609395495,0.34104308763554875,1.713325912040734,0.8460282765098721,2.025140246031412,30.84580326466527,train,fleet_updated_deterministic_final,final_model,0.8674723176943202,1.756753102880915
B0006,B0006,46,46,0.31598240106320447,0.34767540959194254,1.7024077813673466,0.84063698042814,2.025140246031412,30.876403359868632,train,fleet_updated_deterministic_final,final_model,0.8674723176943202,1.756753102880915
B0006,B0006,47,47,0.322487095929274,0.3548325248117202,1.82371946178183,0.9005398343920632,2.025140246031412,33.561397444219104,train,fleet_updated_deterministic_final,final_model,0.8674723176943202,1.756753102880915
B0006,B0006,48,48,0.3289344501113226,0.36192654808164176,1.8081284050314708,0.8928410803028527,2.025140246031412,32.751844964559524,train,fleet_updated_deterministic_final,final_model,0.8674723176943202,1.756753102880915
B0006,B0006,49,49,0.33525299487933113,0.36887884236401536,1.7757610945034283,0.8768583301740794,2.025140246031412,32.05250990346377,train,fleet_updated_deterministic_final,final_model,0.8674723176943202,1.756753102880915
B0006,B0006,50,50,0.34144775633908714,0.37569493788262065,1.7447409841836798,0.8615408180261986,2.025140246031412,31.738377473225654,train,fleet_updated_deterministic_final,final_model,0.8615408180261986,1.7447409841836798
B0006,B0006,51,51,0.3475840398003102,0.38244669006430704,1.729207034132373,0.8538702628230476,2.025140246031412,31.4877908577111,train,fleet_updated_deterministic_final,final_model,0.8538702628230476,1.729207034132373
B0006,B0006,52,52,0.35363866982460973,0.38910859897614214,1.7081086552553244,0.8434520318297155,2.025140246031412,31.567987325153577,train,fleet_updated_deterministic_final,final_model,0.8434520318297155,1.7081086552553244
B0006,B0006,53,53,0.35965249748313083,0.395725613048307,1.6975954237461768,0.8382606721054939,2.025140246031412,31.907314789096798,train,fleet_updated_deterministic_final,final_model,0.8382606721054939,1.6975954237461768
B0006,B0006,54,54,0.3656043216936321,0.402274404731776,1.6820634524029463,0.8305910939744643,2.025140246031412,31.709303134972124,train,fleet_updated_deterministic_final,final_model,0.8305910939744643,1.6820634524029463
B0006,B0006,55,55,0.3715115064543414,0.408774079632354,1.6714768322295086,0.8253634954443457,2.025140246031412,31.64453828537969,train,fleet_updated_deterministic_final,final_model,0.8253634954443457,1.6714768322295086
B0006,B0006,56,56,0.3773717700915246,0.4152221272246213,1.6607591387047655,0.8200711738158827,2.025140246031412,31.575826838438385,train,fleet_updated_deterministic_final,final_model,0.8200711738158827,1.6607591387047655
B0006,B0006,57,57,0.3831928045616516,0.42162701096764155,1.651121015038069,0.8153119361850154,2.025140246031412,31.793434637562633,train,fleet_updated_deterministic_final,final_model,0.8153119361850154,1.651121015038069
B0006,B0006,58,58,0.38897547452106673,0.42798968224271844,1.640134925619093,0.8098870825530237,2.025140246031412,32.11906759335304,train,fleet_updated_deterministic_final,final_model,0.8098870825530237,1.640134925619093
B0006,B0006,59,59,0.39471243914526916,0.43430206394126464,1.629199941616544,0.8044874644159697,2.025140246031412,32.01916168135042,train,fleet_updated_deterministic_final,final_model,0.8044874644159697,1.629199941616544
B0006,B0006,60,60,0.40037259651159435,0.4405299346203609,1.6088496302961666,0.7944386239170181,2.025140246031412,31.93206533899992,train,fleet_updated_deterministic_final,final_model,0.7944386239170181,1.6088496302961666
B0006,B0006,61,61,0.40600195471301453,0.44672391698087544,1.6035244898969248,0.7918091070676655,2.025140246031412,31.77950969723696,train,fleet_updated_deterministic_final,final_model,0.7918091070676655,1.6035244898969248
B0006,B0006,62,62,0.41161512724547894,0.45290009025118505,1.5989712144027983,0.7895607316758627,2.025140246031412,32.07576106468614,train,fleet_updated_deterministic_final,final_model,0.7895607316758627,1.5989712144027983
B0006,B0006,63,63,0.4171811765859149,0.4590244138772276,1.5876273123575604,0.7839591926874059,2.025140246031412,31.75203647327995,train,fleet_updated_deterministic_final,final_model,0.7839591926874059,1.5876273123575604
B0006,B0006,64,64,0.4227353538003291,0.46513567460399646,1.5829719744686166,0.7816604196033854,2.025140246031412,31.952071957890308,train,fleet_updated_deterministic_final,final_model,0.7816604196033854,1.5829719744686166
B0006,B0006,65,65,0.42822016599985163,0.471170613010653,1.567137636713563,0.7738415350663349,2.025140246031412,31.850561427095545,train,fleet_updated_deterministic_final,final_model,0.7738415350663349,1.567137636713563
B0006,B0006,66,66,0.4336795741946142,0.47717759939298643,1.5613446139713882,0.7709809812091256,2.025140246031412,31.751300831948473,train,fleet_updated_deterministic_final,final_model,0.7709809812091256,1.5613446139713882
B0006,B0006,67,67,0.4391005467041732,0.48314229499408917,1.551171189279042,0.7659574156993875,2.025140246031412,31.78571994829551,train,fleet_updated_deterministic_final,final_model,0.7659574156993875,1.551171189279042
B0006,B0006,68,68,0.4444970990764168,0.4890801211201362,1.5406741606295171,0.7607740568332074,2.025140246031412,31.888197566292188,train,fleet_updated_deterministic_final,final_model,0.7607740568332074,1.5406741606295171
B0006,B0006,69,69,0.44983321427559764,0.49495144822969217,1.5253138744624433,0.7531892556337968,2.025140246031412,31.91808784241306,train,fleet_updated_deterministic_final,final_model,0.7543850141383721,1.5277354531345932
B0006,B0006,70,70,0.45516891578575186,0.5008223201572466,1.5301570318067428,0.7555807726429473,2.025140246031412,31.92397443418174,train,fleet_updated_deterministic_final,final_model,0.7543850141383721,1.5277354531345932
B0006,B0006,71,71,0.46047988404560175,0.5066659780915497,1.524656683447409,0.7528647393360627,2.025140246031412,31.935884164165987,train,fleet_updated_deterministic_final,final_model,0.7528647393360627,1.524656683447409
B0006,B0006,72,72,0.46575527125262695,0.5124704861963909,1.5145492986655429,0.7478737838693126,2.025140246031412,31.95316349550248,train,fleet_updated_deterministic_final,final_model,0.7478737838693126,1.5145492986655429
B0006,B0006,73,73,0.47100734430405344,0.5182493417377673,1.509391504602082,0.7453269014627394,2.025140246031412,31.972811933188073,train,fleet_updated_deterministic_final,final_model,0.7453269014627394,1.509391504602082
B0006,B0006,74,74,0.47623492294459996,0.524001246080891,1.5039974333050703,0.7426633470212224,2.025140246031412,31.946383092696554,train,fleet_updated_deterministic_final,final_model,0.7426633470212224,1.5039974333050703
B0006,B0006,75,75,0.4814233769808989,0.5297101016252173,1.4935201918040188,0.7374897589096913,2.025140246031412,31.905286109962418,train,fleet_updated_deterministic_final,final_model,0.7426048808617469,1.5038790311324857
B0006,B0006,76,76,0.4866000943058364,0.5354060432670094,1.4876323024497422,0.7345823605871232,2.025140246031412,32.01000339812731,train,fleet_updated_deterministic_final,final_model,0.7426048808617469,1.5038790311324857
B0006,B0006,77,77,0.491947820104875,0.5412901455186225,1.5302876214401704,0.7556452568848083,2.025140246031412,32.60230513312795,train,fleet_updated_deterministic_final,final_model,0.7426048808617469,1.5038790311324857
B0006,B0006,78,78,0.49717142545554127,0.5470376780512217,1.5040760088360112,0.742702147065365,2.025140246031412,32.092634845392524,train,fleet_updated_deterministic_final,final_model,0.7426048808617469,1.5038790311324857
B0006,B0006,79,79,0.5023476011253983,0.5527330237099738,1.4887593608730894,0.735138894104027,2.025140246031412,31.886482042039205,train,fleet_updated_deterministic_final,final_model,0.735138894104027,1.4887593608730894
B0006,B0006,80,80,0.5074701482960237,0.5583693619354846,1.4782779285546637,0.7299632365963725,2.025140246031412,31.996316333054377,train,fleet_updated_deterministic_final,final_model,0.7327264558967432,1.4838738351684553
B0006,B0006,81,81,0.5125947880227189,0.5640080026002648,1.478459982215684,0.730053133412841,2.025140246031412,32.48867717699209,train,fleet_updated_deterministic_final,final_model,0.7327264558967432,1.4838738351684553
B0006,B0006,82,82,0.5177022545703264,0.5696277476175242,1.473214844899973,0.7274631215230521,2.025140246031412,32.755826133788084,train,fleet_updated_deterministic_final,final_model,0.7327264558967432,1.4838738351684553
B0006,B0006,83,83,0.5227822696568055,0.5752172877943886,1.4675164935067897,0.7246493157116521,2.025140246031412,32.679110980643635,train,fleet_updated_deterministic_final,final_model,0.7327264558967432,1.4838738351684553
B0006,B0006,84,84,0.5278172623862768,0.5807572898755844,1.4516292657521337,0.7168043144650523,2.025140246031412,32.45884316239656,train,fleet_updated_deterministic_final,final_model,0.7327264558967432,1.4838738351684553
B0006,B0006,85,85,0.5328298829997136,0.5862726759193693,1.4519237720967175,0.7169497396251917,2.025140246031412,32.23766231305826,train,fleet_updated_deterministic_final,final_model,0.7327264558967432,1.4838738351684553
B0006,B0006,86,86,0.5378301974945592,0.5917745215418926,1.4471484694777743,0.714591728801842,2.025140246031412,32.5100407877973,train,fleet_updated_deterministic_final,final_model,0.7327264558967432,1.4838738351684553
B0006,B0006,87,87,0.5428294058431555,0.5972751500717898,1.4468538105659885,0.7144462283050921,2.025140246031412,32.837763287679486,train,fleet_updated_deterministic_final,final_model,0.7327264558967432,1.4838738351684553
B0006,B0006,88,88,0.5478104430986561,0.6027557849494661,1.4416741930284678,0.7118885696206276,2.025140246031412,32.88370115284785,train,fleet_updated_deterministic_final,final_model,0.7327264558967432,1.4838738351684553
B0006,B0006,89,89,0.5533633541912378,0.608865652562488,1.5935866593100128,0.786901876269015,2.025140246031412,32.68601346515812,train,fleet_updated_deterministic_final,final_model,0.7327264558967432,1.4838738351684553
B0006,B0006,90,90,0.5587545305373989,0.6147975634474838,1.5463902376915637,0.763596615455134,2.025140246031412,32.86187284474059,train,fleet_updated_deterministic_final,final_model,0.7327264558967432,1.4838738351684553
B0006,B0006,91,91,0.5640216176072311,0.6205929389120626,1.51470559175661,0.7479509602976481,2.025140246031412,32.866728046853275,train,fleet_updated_deterministic_final,final_model,0.7327264558967432,1.4838738351684553
B0006,B0006,92,92,0.5692237369207293,0.6263168303597537,1.4989786083335404,0.7401850865741422,2.025140246031412,32.690440753416475,train,fleet_updated_deterministic_final,final_model,0.7327264558967432,1.4838738351684553
B0006,B0006,93,93,0.5743651037331432,0.6319738758355582,1.4831110745410492,0.7323498100674478,2.025140246031412,32.53195589133864,train,fleet_updated_deterministic_final,final_model,0.7323498100674478,1.4831110745410492
B0006,B0006,94,94,0.5794632900266251,0.6375834097899755,1.4729664825468278,0.7273404819411112,2.025140246031412,32.47570461521663,train,fleet_updated_deterministic_final,final_model,0.7273404819411112,1.4729664825468278
B0006,B0006,95,95,0.5845240591193898,0.6431517736015577,1.4627604396099307,0.7223008097717899,2.025140246031412,32.54787074449699,train,fleet_updated_deterministic_final,final_model,0.7223008097717899,1.4627604396099307
B0006,B0006,96,96,0.5895596313495653,0.6486924133073302,1.4518364681062514,0.7169066295291688,2.025140246031412,32.60884933802198,train,fleet_updated_deterministic_final,final_model,0.7169066295291688,1.4518364681062514
B0006,B0006,97,97,0.594556565409096,0.6541905394371577,1.4468670644030392,0.7144527729565435,2.025140246031412,32.63710295662962,train,fleet_updated_deterministic_final,final_model,0.7144527729565435,1.4468670644030392
B0006,B0006,98,98,0.5995322855063532,0.6596653238460612,1.441380399427779,0.7117434964084071,2.025140246031412,32.651819580614344,train,fleet_updated_deterministic_final,final_model,0.7117434964084071,1.441380399427779
B0006,B0006,99,99,0.6044871341970758,0.6651171434480919,1.431210744960774,0.7067217926094065,2.025140246031412,32.71454209899352,train,fleet_updated_deterministic_final,final_model,0.7067217926094065,1.431210744960774
B0006,B0006,100,100,0.6094207434197151,0.6705455932651582,1.4260247179525716,0.704160968973431,2.025140246031412,32.73153975622613,train,fleet_updated_deterministic_final,final_model,0.70622530385945,1.4302052856115355
B0006,B0006,101,101,0.6143173513377231,0.6759333305498181,1.420487649966195,0.7014268037731554,2.025140246031412,32.71647654558839,train,fleet_updated_deterministic_final,final_model,0.70622530385945,1.4302052856115355
B0006,B0006,102,102,0.6192293238132818,0.6813379734558722,1.4207006230355006,0.7015319683758159,2.025140246031412,33.01886085264653,train,fleet_updated_deterministic_final,final_model,0.70622530385945,1.4302052856115355
B0006,B0006,103,103,0.6242568324776775,0.6868697408208881,1.452255804330839,0.7171136948054673,2.025140246031412,33.443380413154635,train,fleet_updated_deterministic_final,final_model,0.70622530385945,1.4302052856115355
B0006,B0006,104,104,0.6292011230916551,0.6923099433719551,1.431557632772571,0.7068930833693806,2.025140246031412,33.326423263239164,train,fleet_updated_deterministic_final,final_model,0.70622530385945,1.4302052856115355
B0006,B0006,105,105,0.634095248153482,0.6976949487701655,1.415015751158943,0.698724818654853,2.025140246031412,33.21069809702531,train,fleet_updated_deterministic_final,final_model,0.698724818654853,1.415015751158943
B0006,B0006,106,106,0.6389508950519246,0.7030376166484066,1.4097311506517451,0.6961153201188609,2.025140246031412,33.01761050942984,test,fleet_updated_deterministic_final,final_model,0.6973271492279267,1.4121852745518266
B0006,B0006,107,107,0.6437873388608737,0.7083591553688762,1.404917318129309,0.6937382835003504,2.025140246031412,33.03614178285593,test,fleet_updated_deterministic_final,final_model,0.6959342329796904,1.4093644237981722
B0006,B0006,108,108,0.6485921297303159,0.7136458663626406,1.395164296571563,0.6889223100995655,2.025140246031412,33.306733871935904,test,fleet_updated_deterministic_final,final_model,0.6945488315817894,1.4065587916703748
B0006,B0006,109,109,0.6533933473929554,0.7189286457572575,1.3945343832614077,0.6886112633405128,2.025140246031412,33.46556106074692,test,fleet_updated_deterministic_final,final_model,0.6931620003168291,1.403750263861249
B0006,B0006,110,110,0.6581687130115234,0.724182980149934,1.3893171179312644,0.6860350144410269,2.025140246031412,33.25942275781228,test,fleet_updated_deterministic_final,final_model,0.6917793184683205,1.400950139202377
B0006,B0006,111,111,0.6629216215421068,0.7294126050105701,1.3838379472327809,0.683329438514016,2.025140246031412,33.1125731731603,test,fleet_updated_deterministic_final,final_model,0.6903989687800289,1.398154737495021
B0006,B0006,112,112,0.6676550457844738,0.7346207913105033,1.3736814238195123,0.6783142187369304,2.025140246031412,33.35849770640451,test,fleet_updated_deterministic_final,final_model,0.6890192560145132,1.3953606256456117
B0006,B0006,113,113,0.6723917404124574,0.7398325760154583,1.3786059891863676,0.6807459344546472,2.025140246031412,33.61799056999555,test,fleet_updated_deterministic_final,final_model,0.6876326778485912,1.3925526103975345
B0006,B0006,114,114,0.677108688475686,0.7450226335768567,1.3737600299108574,0.6783530338715855,2.025140246031412,33.48601560177548,test,fleet_updated_deterministic_final,final_model,0.6862451046846809,1.3897425801389869
B0006,B0006,115,115,0.6818019708326756,0.75018665176365,1.3682580583942712,0.6756361990610739,2.025140246031412,33.3050173300787,test,fleet_updated_deterministic_final,final_model,0.6848568867521977,1.3869312441336525
B0006,B0006,116,116,0.6864744396649491,0.7553277688309304,1.3633024037317505,0.6731891316679725,2.025140246031412,33.14417336164995,test,fleet_updated_deterministic_final,final_model,0.6834663966549156,1.3841153066759384
B0006,B0006,117,117,0.6911331204125434,0.7604537148697857,1.35809661401726,0.6706185493467273,2.025140246031412,33.37364707544407,test,fleet_updated_deterministic_final,final_model,0.6820707480129039,1.3812889224416816
B0006,B0006,118,118,0.6957926558065078,0.7655806012759712,1.353269090999531,0.6682347524579986,2.025140246031412,33.74154645508761,test,fleet_updated_deterministic_final,final_model,0.6806647003291597,1.3784414786894919
B0006,B0006,119,119,0.7005491061002702,0.7708141231383383,1.3841605738237488,0.6834887492539018,2.025140246031412,33.54140288322981,test,fleet_updated_deterministic_final,final_model,0.6792180130401967,1.3755117340371907
B0006,B0006,120,120,0.7053921307059055,0.7761429027088539,1.4051467790651473,0.6938515896954586,2.025140246031412,33.73406768655218,test,fleet_updated_deterministic_final,final_model,0.6777321790702805,1.3725027118657929
B0006,B0006,121,121,0.7101467430672794,0.781374402294367,1.378719022627353,0.6808017495722455,2.025140246031412,33.456819107176564,test,fleet_updated_deterministic_final,final_model,0.676259910859635,1.369521162259462
B0006,B0006,122,122,0.714841876915647,0.7865404576769696,1.3682657783199066,0.6756400111060177,2.025140246031412,33.15638270986697,test,fleet_updated_deterministic_final,final_model,0.6747919226944658,1.36654828034548
B0006,B0006,123,123,0.7195102147501165,0.7916770294077099,1.3573151296618016,0.6702326578723024,2.025140246031412,33.09888218239453,test,fleet_updated_deterministic_final,final_model,0.6733174505430912,1.363562267450079
B0006,B0006,124,124,0.7241440931978876,0.796775685478134,1.3524934638801596,0.6678517532455286,2.025140246031412,33.07745013977818,test,fleet_updated_deterministic_final,final_model,0.6718382892537726,1.3605667583927081
B0006,B0006,125,125,0.7287573476243138,0.8018516489395887,1.3474099151661236,0.6653415326699422,2.025140246031412,33.066209604970844,test,fleet_updated_deterministic_final,final_model,0.6703493930638375,1.3575515347963076
B0006,B0006,126,126,0.7333495076781666,0.8069044022646567,1.3370075130842318,0.6602048997368518,2.025140246031412,33.04584100418226,test,fleet_updated_deterministic_final,final_model,0.6688502376273501,1.35451553478682
B0006,B0006,127,127,0.73791880355708,0.8119319981399415,1.3312352966718526,0.657354619898855,2.025140246031412,32.943940849355755,test,fleet_updated_deterministic_final,final_model,0.6673407575219955,1.3514586258748829
B0006,B0006,128,128,0.742451045195645,0.816918823237655,1.3259303781727645,0.654735088481471,2.025140246031412,32.873407535148246,test,fleet_updated_deterministic_final,final_model,0.6658251162824405,1.3483892398021151
B0006,B0006,129,129,0.7469825227165596,0.8219048075767813,1.321578743867529,0.6525862820895368,2.025140246031412,32.91796336854363,test,fleet_updated_deterministic_final,final_model,0.6642905396465851,1.345281506896225
B0006,B0006,130,130,0.7514965109268087,0.8268715484288379,1.321225074066109,0.6524116424308202,2.025140246031412,32.94750978699508,test,fleet_updated_deterministic_final,final_model,0.6627419446300251,1.3421453848033855
B0006,B0006,131,131,0.7559904370221351,0.8318162149375148,1.3156485301862682,0.6496579843121941,2.025140246031412,32.884129868829,test,fleet_updated_deterministic_final,final_model,0.6611796064309388,1.3389814308385035
B0006,B0006,132,132,0.7605064604531668,0.8367851951428291,1.3209025697502388,0.652252392069517,2.025140246031412,33.24884963980361,test,fleet_updated_deterministic_final,final_model,0.6595879921650685,1.3357581887325318
B0006,B0006,133,133,0.7651282729973571,0.8418705751005474,1.3474328767273906,0.6653528709272861,2.025140246031412,33.12577940031775,test,fleet_updated_deterministic_final,final_model,0.657935776052966,1.3324122193887717
B0006,B0006,134,134,0.7696703870247845,0.8468682627869045,1.3260128072353616,0.6547757913724231,2.025140246031412,32.901761857989634,test,fleet_updated_deterministic_final,final_model,0.6562881723180303,1.3290755907556415
B0006,B0006,135,135,0.7741652157893197,0.8518139225024368,1.3101186784831065,0.6469273824617799,2.025140246031412,32.75128529177779,test,fleet_updated_deterministic_final,final_model,0.6546335416376952,1.3257247315725766
B0006,B0006,136,136,0.778622695181642,0.8567184867068315,1.30521620229393,0.6445065742245314,2.025140246031412,32.478184588900916,test,fleet_updated_deterministic_final,final_model,0.6529680529430248,1.3223518833876895
B0006,B0006,137,137,0.7830795871403946,0.8616224045581183,1.3004061951355774,0.6421314265438813,2.025140246031412,32.83142298271,test,fleet_updated_deterministic_final,final_model,0.6512774377524331,1.31892815052467
B0006,B0006,138,138,0.7875218471759992,0.8665102229055832,1.300235735841116,0.6420472549440154,2.025140246031412,33.03281997670763,test,fleet_updated_deterministic_final,final_model,0.6495663120929122,1.315462881085557
B0006,B0006,139,139,0.7919382885646592,0.8713696329979639,1.2895066722480757,0.6367493188558527,2.025140246031412,32.82570895441671,test,fleet_updated_deterministic_final,final_model,0.6478385081824782,1.3119638358492869
B0006,B0006,140,140,0.7963157417578287,0.876186144382091,1.279253057384795,0.6316861560041074,2.025140246031412,32.523737344262734,test,fleet_updated_deterministic_final,final_model,0.6460989463568941,1.3084409791858367
B0006,B0006,141,141,0.8006744593038685,0.8809820409352407,1.2792078171714618,0.6316638167051765,2.025140246031412,32.37710464070652,test,fleet_updated_deterministic_final,final_model,0.6443393076307706,1.3048774639830885
B0006,B0006,142,142,0.8050347094900221,0.88577962385218,1.274036760902923,0.6291103855150787,2.025140246031412,32.678136152268685,test,fleet_updated_deterministic_final,final_model,0.6425507718372402,1.3012554281661424
B0006,B0006,143,143,0.8093777497644871,0.8905582707047206,1.2741273923001468,0.6291551386611393,2.025140246031412,32.73407293071773,test,fleet_updated_deterministic_final,final_model,0.6407403836992953,1.2975891382870524
B0006,B0006,144,144,0.8136801075428738,0.8952921546102122,1.263763942644078,0.6240377401617625,2.025140246031412,32.46571744312978,test,fleet_updated_deterministic_final,final_model,0.6389177224278293,1.2938979935913237
B0006,B0006,145,145,0.8179612323979895,0.9000026759319957,1.2581373688955233,0.6212593776460893,2.025140246031412,32.22903889696284,test,fleet_updated_deterministic_final,final_model,0.6370744086959343,1.2901650247668008
B0006,B0006,146,146,0.8222371516640953,0.904707469544625,1.253259864055301,0.6188509000851992,2.025140246031412,32.184381042473795,test,fleet_updated_deterministic_final,final_model,0.6352030530622251,1.2863752671583386
B0006,B0006,147,147,0.8265170453440591,0.9094166362044914,1.2532313315493426,0.6188368109345764,2.025140246031412,32.52481525191077,test,fleet_updated_deterministic_final,final_model,0.6332988873475677,1.2825190645344726
B0006,B0006,148,148,0.8307630268442197,0.9140884892957427,1.2480874960313575,0.616296821159515,2.025140246031412,32.46559207769152,test,fleet_updated_deterministic_final,final_model,0.6313783385724444,1.2786296839155042
B0006,B0006,149,149,0.8350246594809493,0.9187775633312584,1.2534354284944844,0.6189375925695975,2.025140246031412,32.335297935449894,test,fleet_updated_deterministic_final,final_model,0.6294184351934905,1.2746606047044517
B0006,B0006,150,150,0.8394349683636163,0.9236302258278052,1.28980487732669,0.6368965704248236,2.025140246031412,33.00335802319549,test,fleet_updated_deterministic_final,final_model,0.6273553028744638,1.2704824724123027
B0006,B0006,151,151,0.8437436045989636,0.9283710179189679,1.2635402021758837,0.6239272586933147,2.025140246031412,33.00849337845199,test,fleet_updated_deterministic_final,final_model,0.6253047002247816,1.2663297144578125
B0006,B0006,152,152,0.8479947969679434,0.9330486045287474,1.2479761706842851,0.6162418494866689,2.025140246031412,32.8366791658954,test,fleet_updated_deterministic_final,final_model,0.623246728322541,1.2621620327333833
B0006,B0006,153,153,0.8522034457612544,0.937679380445759,1.2321202877943334,0.6084123261136463,2.025140246031412,32.76822151546751,test,fleet_updated_deterministic_final,final_model,0.6211746452113365,1.2579657738317611
B0006,B0006,154,154,0.8563897270316846,0.9422855453792066,1.2271137666213534,0.6059401411956926,2.025140246031412,32.73092391723622,test,fleet_updated_deterministic_final,final_model,0.619078586572049,1.253720961123298
B0006,B0006,155,155,0.8605414833219736,0.9468537224798782,1.2217397581377356,0.6032864936302219,2.025140246031412,32.69124689541012,test,fleet_updated_deterministic_final,final_model,0.6169646346968587,1.2494399121026767
B0006,B0006,156,156,0.8646707911339454,0.9513971995217257,1.211102678915174,0.5980339787767907,2.025140246031412,32.705634765473235,test,fleet_updated_deterministic_final,final_model,0.6148266589732749,1.2451102114198092
B0006,B0006,157,157,0.8687790758123136,0.9559175448114188,1.2056159765131735,0.5953246837475932,2.025140246031412,32.662604976200384,test,fleet_updated_deterministic_final,final_model,0.6126637869286895,1.2407300921953028
B0006,B0006,158,158,0.8728692992992366,0.9604180173736678,1.2008936262717274,0.5929928204355582,2.025140246031412,32.67004737750901,test,fleet_updated_deterministic_final,final_model,0.6104742844359937,1.2362960425785585
B0006,B0006,159,159,0.8769252866566446,0.9648808199254609,1.1905903985558337,0.5879051591063814,2.025140246031412,32.69399366057804,test,fleet_updated_deterministic_final,final_model,0.6082668295264101,1.231825636799861
B0006,B0006,160,160,0.8809628508856978,0.9693233515106585,1.185179251041941,0.5852331725491557,2.025140246031412,32.7325536611768,test,fleet_updated_deterministic_final,final_model,0.6060328596565905,1.2273015345080678
B0006,B0006,161,161,0.8849807781352919,0.9737442765289914,1.1796706818144624,0.5825130798354419,2.025140246031412,32.77560690172128,test,fleet_updated_deterministic_final,final_model,0.6037729103455308,1.22272482020425
B0006,B0006,162,162,0.8889772868063979,0.9781416346871966,1.1745952836753917,0.5800068839564074,2.025140246031412,32.7008684512122,test,fleet_updated_deterministic_final,final_model,0.6014879044499242,1.218097362802638
B0006,B0006,163,163,0.8929007573662701,0.9824586290176898,1.15381833159625,0.5697473712535922,2.025140246031412,32.64158956357466,test,fleet_updated_deterministic_final,final_model,0.5992080434740773,1.213480324585094
B0006,B0006,164,164,0.8968456042202688,0.9867991436828315,1.1644009557372264,0.5749729965710065,2.025140246031412,32.75256580992672,test,fleet_updated_deterministic_final,final_model,0.596878572523826,1.2087628192117792
B0006,B0006,165,165,0.9007837636305375,0.9911323001541934,1.1587974947916069,0.5722060469947485,2.025140246031412,32.8088725902038,test,fleet_updated_deterministic_final,final_model,0.5945152433004736,1.203976746086946
B0006,B0006,166,166,0.9047911897024109,0.9955416707275544,1.1749748834769171,0.5801943276666737,2.025140246031412,32.982805032554424,test,fleet_updated_deterministic_final,final_model,0.5920709353781852,1.1990266797398264
B0006,B0006,167,167,0.908843111550698,1.0,1.1856752327929356,0.5854780848469417,2.025140246031412,33.228596513831256,test,fleet_updated_deterministic_final,final_model,0.5895584120014562,1.1939384675305176
B0006,B0006,0,0,0.0072723050571911,0.008001716649183657,2.035337591005598,1.0050353771765532,2.025140246031412,32.14277785992152,train,uniform_fleet_prior_diagnostic_only,diagnostic_prior,0.8612902402295806,1.744233529002987
B0006,B0006,1,1,0.014517946265978101,0.015974095068187408,2.025140246031412,1.0,2.025140246031412,32.29307515705474,train,uniform_fleet_prior_diagnostic_only,diagnostic_prior,0.8580386274573012,1.737648557113334
B0006,B0006,2,2,0.021732989707941103,0.023912806766901232,2.013326371345464,0.9941663918293563,2.025140246031412,32.24414709253608,train,uniform_fleet_prior_diagnostic_only,diagnostic_prior,0.8567735641815221,1.7350866265597773
B0006,B0006,3,3,0.028911724120646902,0.03181156764374521,2.0132846655407413,0.9941457977965211,2.025140246031412,32.14711742429942,train,uniform_fleet_prior_diagnostic_only,diagnostic_prior,0.856075802260157,1.7336735608106728
B0006,B0006,4,4,0.036075269855564904,0.039693616419683365,2.000528337624771,0.9878468128541358,2.025140246031412,32.06687277315468,train,uniform_fleet_prior_diagnostic_only,diagnostic_prior,0.8557236595571264,1.7329604224504191
B0006,B0006,5,5,0.0433055240750195,0.047649064535605266,2.0138990759931645,0.9944491893535391,2.025140246031412,32.03447836207717,train,uniform_fleet_prior_diagnostic_only,diagnostic_prior,0.8556845804298464,1.7328812817369847
B0006,B0006,6,6,0.0505274056006037,0.05559530017715839,2.013101105626967,0.9940551572030443,2.025140246031412,32.11157496697372,train,uniform_fleet_prior_diagnostic_only,diagnostic_prior,0.8542647952989005,1.7300060177275893
B0006,B0006,7,7,0.0575870080988324,0.06336298021841807,1.96878982627284,0.9721745593328661,2.025140246031412,32.11257624247177,train,uniform_fleet_prior_diagnostic_only,diagnostic_prior,0.8523230816581,1.7260737752873359
B0006,B0006,8,8,0.06460644004595101,0.07108646060563453,1.9681661764334244,0.9718666054315805,2.025140246031412,32.03566207329278,train,uniform_fleet_prior_diagnostic_only,diagnostic_prior,0.8517089424659906,1.72483005729273
B0006,B0006,9,9,0.07161458972723761,0.07879752711669503,1.9572307917560536,0.9664667894441198,2.025140246031412,31.99527968872302,train,uniform_fleet_prior_diagnostic_only,diagnostic_prior,0.8511133397908616,1.7236238783446822
B0006,B0006,10,10,0.07858867215243451,0.0864711094287153,1.9455991514129352,0.9607231673093504,2.025140246031412,31.87412757184136,train,uniform_fleet_prior_diagnostic_only,diagnostic_prior,0.8499080852212495,1.7211830688090475
B0006,B0006,11,11,0.08548836584501891,0.0940628418244331,1.934750504484113,0.9553661818116388,2.025140246031412,32.120959708576166,train,uniform_fleet_prior_diagnostic_only,diagnostic_prior,0.8480442699193532,1.7174085814300082
B0006,B0006,12,12,0.09234855547879521,0.10161110790753211,1.9232799539368028,0.9497021046842455,2.025140246031412,32.11021168908644,train,uniform_fleet_prior_diagnostic_only,diagnostic_prior,0.8451728993834142,1.7115936533964093
B0006,B0006,13,13,0.09920136535383361,0.109151254042706,1.911889930948487,0.9440777914987086,2.025140246031412,31.989061278918147,train,uniform_fleet_prior_diagnostic_only,diagnostic_prior,0.8440985492173814,1.7094179436368457
B0006,B0006,14,14,0.10600645395362421,0.11663889246269636,1.9010667141979305,0.9387333632440402,2.025140246031412,31.878814448635442,train,uniform_fleet_prior_diagnostic_only,diagnostic_prior,0.8418632678613518,1.7048911854015465
B0006,B0006,15,15,0.1127629944992993,0.1240731134627839,1.8891989948061456,0.9328731669366281,2.025140246031412,31.767450711024402,train,uniform_fleet_prior_diagnostic_only,diagnostic_prior,0.8385865165228492,1.6982553043897077
B0006,B0006,16,16,0.1194907290948944,0.1314756392783958,1.878278372248849,0.9274806403801601,2.025140246031412,31.789916349636584,train,uniform_fleet_prior_diagnostic_only,diagnostic_prior,0.838343826995149,1.6977638240598716
B0006,B0006,17,17,0.12617330516517541,0.138828477172363,1.8675697161520208,0.9221927813699935,2.025140246031412,31.82883467218067,train,uniform_fleet_prior_diagnostic_only,diagnostic_prior,0.8360722984467338,1.6931636601764666
B0006,B0006,18,18,0.13282140326275033,0.1461433789558311,1.8675892574453767,0.9222024307231157,2.025140246031412,31.85243967652691,train,uniform_fleet_prior_diagnostic_only,diagnostic_prior,0.8343447135783899,1.6896650585311486
B0006,B0006,19,19,0.13991428580139773,0.15394767702279372,1.979626548250818,0.9775256563737817,2.025140246031412,31.51177053595285,train,uniform_fleet_prior_diagnostic_only,diagnostic_prior,0.8338130264133398,1.6885883174549072
B0006,B0006,20,20,0.14693942808957353,0.16167744049780017,1.9575499080884025,0.9666243668430057,2.025140246031412,31.874488497680712,train,uniform_fleet_prior_diagnostic_only,diagnostic_prior,0.832353750301243,1.6856330786702278
B0006,B0006,21,21,0.15391431356406082,0.16935190640488781,1.9458150170787551,0.9608297602558107,2.025140246031412,31.539114536389718,train,uniform_fleet_prior_diagnostic_only,diagnostic_prior,0.8316564449166186,1.6842209374720505
B0006,B0006,22,22,0.16081319804841954,0.17694274842886223,1.9242461121680092,0.9501791868187297,2.025140246031412,31.220866832188786,train,uniform_fleet_prior_diagnostic_only,diagnostic_prior,0.8304415731063505,1.6817606516753074
B0006,B0006,23,23,0.16775685297025064,0.1845828513614615,1.945981133142164,0.9609117871987517,2.025140246031412,31.119005145018033,train,uniform_fleet_prior_diagnostic_only,diagnostic_prior,0.8298489662651871,1.680560539711194
B0006,B0006,24,24,0.17453437885649054,0.19204016253002595,1.901407930553079,0.9389018534786386,2.025140246031412,31.033244078156734,train,uniform_fleet_prior_diagnostic_only,diagnostic_prior,0.8288266162329466,1.6784901375153722
B0006,B0006,25,25,0.18125178289306823,0.19943132163241079,1.878674213680085,0.9276761040928643,2.025140246031412,30.965650701900586,train,uniform_fleet_prior_diagnostic_only,diagnostic_prior,0.8287327079337642,1.6782999600392616
B0006,B0006,26,26,0.18793874839494354,0.20678898921759584,1.8683061328264217,0.9225564187407109,2.025140246031412,30.886708233618933,train,uniform_fleet_prior_diagnostic_only,diagnostic_prior,0.8287327079337642,1.6782999600392616
B0006,B0006,27,27,0.19457775898366375,0.21409389201582746,1.8560244070083,0.9164917889738641,2.025140246031412,30.860218887218178,train,uniform_fleet_prior_diagnostic_only,diagnostic_prior,0.8287327079337642,1.6782999600392616
B0006,B0006,28,28,0.20114049169421566,0.22131486627105876,1.8451997961855775,0.9111466723361719,2.025140246031412,30.876821709247142,train,uniform_fleet_prior_diagnostic_only,diagnostic_prior,0.8283713852724526,1.6775682309760362
B0006,B0006,29,29,0.20778444074611915,0.2286252028599199,1.857228890885317,0.9170865546348484,2.025140246031412,30.93172713281064,train,uniform_fleet_prior_diagnostic_only,diagnostic_prior,0.8275444209771476,1.6758935122995833
B0006,B0006,30,30,0.21465038161508634,0.2361797970266208,1.9247760889090637,0.9504408856033413,2.025140246031412,31.10097217303459,train,uniform_fleet_prior_diagnostic_only,diagnostic_prior,0.8255663370369992,1.6718876149023603
B0006,B0006,31,31,0.22136817549048185,0.24357138506862444,1.8822317526092551,0.9294327917771577,2.025140246031412,31.27427401856461,train,uniform_fleet_prior_diagnostic_only,diagnostic_prior,0.823814823527892,1.6683405544035996
B0006,B0006,32,32,0.22799976837427216,0.25086812616673904,1.855276687885587,0.9161225705337198,2.025140246031412,31.064382945653396,train,uniform_fleet_prior_diagnostic_only,diagnostic_prior,0.8214761464812774,1.6636044053940304
B0006,B0006,33,33,0.23456691914989317,0.25809396161859816,1.839250891718188,0.9082091451801898,2.025140246031412,30.728199036710542,train,uniform_fleet_prior_diagnostic_only,diagnostic_prior,0.8183400639822888,1.6572533985104538
B0006,B0006,34,34,0.24105046786822595,0.2652278097337809,1.8185396073994429,0.8979820587552707,2.025140246031412,30.628998682624704,train,uniform_fleet_prior_diagnostic_only,diagnostic_prior,0.8148650902133536,1.6502160892770799
B0006,B0006,35,35,0.24751900081145686,0.2723451359928688,1.8134770059567056,0.8954821817948191,2.025140246031412,31.152846537043352,train,uniform_fleet_prior_diagnostic_only,diagnostic_prior,0.8076855625539462,1.635676538866518
B0006,B0006,36,36,0.2539232446452975,0.27939172495024506,1.7971018450305436,0.8873962425823365,2.025140246031412,30.881993222524667,train,uniform_fleet_prior_diagnostic_only,diagnostic_prior,0.8067206530808555,1.6337224618587851
B0006,B0006,37,37,0.2602623625187196,0.28636665581879295,1.7810046294120476,0.8794475508065244,2.025140246031412,30.767969351603366,train,uniform_fleet_prior_diagnostic_only,diagnostic_prior,0.8048338377439983,1.6299013961832862
B0006,B0006,38,38,0.2665603183906398,0.2932962961405141,1.7710130422682329,0.8745137753984287,2.025140246031412,30.60669294411954,train,uniform_fleet_prior_diagnostic_only,diagnostic_prior,0.8037559634049094,1.627718549479033
B0006,B0006,39,39,0.27281952413724064,0.30018329970257135,1.7604712448170945,0.8693083100131069,2.025140246031412,30.84313568962643,train,uniform_fleet_prior_diagnostic_only,diagnostic_prior,0.8021823078950592,1.624531676372646
B0006,B0006,40,40,0.27904514103824335,0.3070333454606124,1.7502913788006589,0.8642815638228691,2.025140246031412,31.42941259977967,train,uniform_fleet_prior_diagnostic_only,diagnostic_prior,0.80077950607085,1.6216908059412338
B0006,B0006,41,41,0.2852267301231847,0.31383494741630547,1.7394925037732578,0.8589491553397712,2.025140246031412,31.595140926159456,train,uniform_fleet_prior_diagnostic_only,diagnostic_prior,0.8000956409346938,1.620305883131146
B0006,B0006,42,42,0.29145467855819723,0.3206875585610235,1.7546766553637203,0.8664469825249345,2.025140246031412,31.289084817806767,train,uniform_fleet_prior_diagnostic_only,diagnostic_prior,0.7994531650215264,1.619004779302285
B0006,B0006,43,43,0.2977323603487154,0.3275948913126653,1.7659390941842177,0.8720082955463747,2.025140246031412,31.208672013341292,train,uniform_fleet_prior_diagnostic_only,diagnostic_prior,0.7992582126696512,1.6186099734484443
B0006,B0006,44,44,0.3038830013058147,0.3343624410458693,1.7337887419624838,0.8561326779022448,2.025140246031412,30.878133179196,train,uniform_fleet_prior_diagnostic_only,diagnostic_prior,0.7992582126696512,1.6186099734484443
B0006,B0006,45,45,0.3099546609395495,0.34104308763554875,1.713325912040734,0.8460282765098721,2.025140246031412,30.84580326466527,train,uniform_fleet_prior_diagnostic_only,diagnostic_prior,0.7984839552519538,1.6170419935910767
B0006,B0006,46,46,0.31598240106320447,0.34767540959194254,1.7024077813673466,0.84063698042814,2.025140246031412,30.876403359868632,train,uniform_fleet_prior_diagnostic_only,diagnostic_prior,0.7971308491839328,1.6143017640355781
B0006,B0006,47,47,0.322487095929274,0.3548325248117202,1.82371946178183,0.9005398343920632,2.025140246031412,33.561397444219104,train,uniform_fleet_prior_diagnostic_only,diagnostic_prior,0.7955423594561548,1.6110848495574475
B0006,B0006,48,48,0.3289344501113226,0.36192654808164176,1.8081284050314708,0.8928410803028527,2.025140246031412,32.751844964559524,train,uniform_fleet_prior_diagnostic_only,diagnostic_prior,0.7939653455130193,1.607891175152651
B0006,B0006,49,49,0.33525299487933113,0.36887884236401536,1.7757610945034283,0.8768583301740794,2.025140246031412,32.05250990346377,train,uniform_fleet_prior_diagnostic_only,diagnostic_prior,0.7923078734400097,1.6045345617509263
B0006,B0006,50,50,0.34144775633908714,0.37569493788262065,1.7447409841836798,0.8615408180261986,2.025140246031412,31.738377473225654,train,uniform_fleet_prior_diagnostic_only,diagnostic_prior,0.7903260700274652,1.60052113190046
B0006,B0006,51,51,0.3475840398003102,0.38244669006430704,1.729207034132373,0.8538702628230476,2.025140246031412,31.4877908577111,train,uniform_fleet_prior_diagnostic_only,diagnostic_prior,0.789083087538136,1.5980039180362071
B0006,B0006,52,52,0.35363866982460973,0.38910859897614214,1.7081086552553244,0.8434520318297155,2.025140246031412,31.567987325153577,train,uniform_fleet_prior_diagnostic_only,diagnostic_prior,0.7876769014645328,1.5951561940251444
B0006,B0006,53,53,0.35965249748313083,0.395725613048307,1.6975954237461768,0.8382606721054939,2.025140246031412,31.907314789096798,train,uniform_fleet_prior_diagnostic_only,diagnostic_prior,0.7864992339448673,1.5927712521346258
B0006,B0006,54,54,0.3656043216936321,0.402274404731776,1.6820634524029463,0.8305910939744643,2.025140246031412,31.709303134972124,train,uniform_fleet_prior_diagnostic_only,diagnostic_prior,0.7848020677414864,1.5893342525519547
B0006,B0006,55,55,0.3715115064543414,0.408774079632354,1.6714768322295086,0.8253634954443457,2.025140246031412,31.64453828537969,train,uniform_fleet_prior_diagnostic_only,diagnostic_prior,0.7835625111748936,1.5868239766617152
B0006,B0006,56,56,0.3773717700915246,0.4152221272246213,1.6607591387047655,0.8200711738158827,2.025140246031412,31.575826838438385,train,uniform_fleet_prior_diagnostic_only,diagnostic_prior,0.7819266567652934,1.5835111420601857
B0006,B0006,57,57,0.3831928045616516,0.42162701096764155,1.651121015038069,0.8153119361850154,2.025140246031412,31.793434637562633,train,uniform_fleet_prior_diagnostic_only,diagnostic_prior,0.7803980472879906,1.5804154934872348
B0006,B0006,58,58,0.38897547452106673,0.42798968224271844,1.640134925619093,0.8098870825530237,2.025140246031412,32.11906759335304,train,uniform_fleet_prior_diagnostic_only,diagnostic_prior,0.7792071862710734,1.578003832914446
B0006,B0006,59,59,0.39471243914526916,0.43430206394126464,1.629199941616544,0.8044874644159697,2.025140246031412,32.01916168135042,train,uniform_fleet_prior_diagnostic_only,diagnostic_prior,0.7782876591696564,1.5761416615740498
B0006,B0006,60,60,0.40037259651159435,0.4405299346203609,1.6088496302961666,0.7944386239170181,2.025140246031412,31.93206533899992,train,uniform_fleet_prior_diagnostic_only,diagnostic_prior,0.7756562998518926,1.5708127899178763
B0006,B0006,61,61,0.40600195471301453,0.44672391698087544,1.6035244898969248,0.7918091070676655,2.025140246031412,31.77950969723696,train,uniform_fleet_prior_diagnostic_only,diagnostic_prior,0.7732017613700428,1.5658420052528497
B0006,B0006,62,62,0.41161512724547894,0.45290009025118505,1.5989712144027983,0.7895607316758627,2.025140246031412,32.07576106468614,train,uniform_fleet_prior_diagnostic_only,diagnostic_prior,0.7717826483451844,1.5629681023525415
B0006,B0006,63,63,0.4171811765859149,0.4590244138772276,1.5876273123575604,0.7839591926874059,2.025140246031412,31.75203647327995,train,uniform_fleet_prior_diagnostic_only,diagnostic_prior,0.7703601031897493,1.560087248906473
B0006,B0006,64,64,0.4227353538003291,0.46513567460399646,1.5829719744686166,0.7816604196033854,2.025140246031412,31.952071957890308,train,uniform_fleet_prior_diagnostic_only,diagnostic_prior,0.7693087778396925,1.5579581676283998
B0006,B0006,65,65,0.42822016599985163,0.471170613010653,1.567137636713563,0.7738415350663349,2.025140246031412,31.850561427095545,train,uniform_fleet_prior_diagnostic_only,diagnostic_prior,0.7681772765265216,1.5556667187806599
B0006,B0006,66,66,0.4336795741946142,0.47717759939298643,1.5613446139713882,0.7709809812091256,2.025140246031412,31.751300831948473,train,uniform_fleet_prior_diagnostic_only,diagnostic_prior,0.7671145836033757,1.5535146165728244
B0006,B0006,67,67,0.4391005467041732,0.48314229499408917,1.551171189279042,0.7659574156993875,2.025140246031412,31.78571994829551,train,uniform_fleet_prior_diagnostic_only,diagnostic_prior,0.7650090684830457,1.5492506531640167
B0006,B0006,68,68,0.4444970990764168,0.4890801211201362,1.5406741606295171,0.7607740568332074,2.025140246031412,31.888197566292188,train,uniform_fleet_prior_diagnostic_only,diagnostic_prior,0.7616427818254263,1.542433450573993
B0006,B0006,69,69,0.44983321427559764,0.49495144822969217,1.5253138744624433,0.7531892556337968,2.025140246031412,31.91808784241306,train,uniform_fleet_prior_diagnostic_only,diagnostic_prior,0.7587387339175686,1.536552346279387
B0006,B0006,70,70,0.45516891578575186,0.5008223201572466,1.5301570318067428,0.7555807726429473,2.025140246031412,31.92397443418174,train,uniform_fleet_prior_diagnostic_only,diagnostic_prior,0.7570439007203664,1.5331200713614228
B0006,B0006,71,71,0.46047988404560175,0.5066659780915497,1.524656683447409,0.7528647393360627,2.025140246031412,31.935884164165987,train,uniform_fleet_prior_diagnostic_only,diagnostic_prior,0.7556273855133293,1.5302514294065364
B0006,B0006,72,72,0.46575527125262695,0.5124704861963909,1.5145492986655429,0.7478737838693126,2.025140246031412,31.95316349550248,train,uniform_fleet_prior_diagnostic_only,diagnostic_prior,0.7545684687278773,1.5281069744071194
B0006,B0006,73,73,0.47100734430405344,0.5182493417377673,1.509391504602082,0.7453269014627394,2.025140246031412,31.972811933188073,train,uniform_fleet_prior_diagnostic_only,diagnostic_prior,0.7523160537885667,1.523545518262759
B0006,B0006,74,74,0.47623492294459996,0.524001246080891,1.5039974333050703,0.7426633470212224,2.025140246031412,31.946383092696554,train,uniform_fleet_prior_diagnostic_only,diagnostic_prior,0.7506348435361863,1.5201408317186227
B0006,B0006,75,75,0.4814233769808989,0.5297101016252173,1.4935201918040188,0.7374897589096913,2.025140246031412,31.905286109962418,train,uniform_fleet_prior_diagnostic_only,diagnostic_prior,0.7472016712977398,1.5131881764469872
B0006,B0006,76,76,0.4866000943058364,0.5354060432670094,1.4876323024497422,0.7345823605871232,2.025140246031412,32.01000339812731,train,uniform_fleet_prior_diagnostic_only,diagnostic_prior,0.744343687525737,1.5074003584877995
B0006,B0006,77,77,0.491947820104875,0.5412901455186225,1.5302876214401704,0.7556452568848083,2.025140246031412,32.60230513312795,train,uniform_fleet_prior_diagnostic_only,diagnostic_prior,0.7417889423480812,1.5022266412101741
B0006,B0006,78,78,0.49717142545554127,0.5470376780512217,1.5040760088360112,0.742702147065365,2.025140246031412,32.092634845392524,train,uniform_fleet_prior_diagnostic_only,diagnostic_prior,0.7390016718627082,1.4965820275736696
B0006,B0006,79,79,0.5023476011253983,0.5527330237099738,1.4887593608730894,0.735138894104027,2.025140246031412,31.886482042039205,train,uniform_fleet_prior_diagnostic_only,diagnostic_prior,0.7354071607065981,1.4893026383666221
B0006,B0006,80,80,0.5074701482960237,0.5583693619354846,1.4782779285546637,0.7299632365963725,2.025140246031412,31.996316333054377,train,uniform_fleet_prior_diagnostic_only,diagnostic_prior,0.7327098145468834,1.4838401341011058
B0006,B0006,81,81,0.5125947880227189,0.5640080026002648,1.478459982215684,0.730053133412841,2.025140246031412,32.48867717699209,train,uniform_fleet_prior_diagnostic_only,diagnostic_prior,0.7315078321634707,1.481405951201436
B0006,B0006,82,82,0.5177022545703264,0.5696277476175242,1.473214844899973,0.7274631215230521,2.025140246031412,32.755826133788084,train,uniform_fleet_prior_diagnostic_only,diagnostic_prior,0.7314827206558043,1.4813550968766223
B0006,B0006,83,83,0.5227822696568055,0.5752172877943886,1.4675164935067897,0.7246493157116521,2.025140246031412,32.679110980643635,train,uniform_fleet_prior_diagnostic_only,diagnostic_prior,0.7311739540726965,1.480729801242541
B0006,B0006,84,84,0.5278172623862768,0.5807572898755844,1.4516292657521337,0.7168043144650523,2.025140246031412,32.45884316239656,train,uniform_fleet_prior_diagnostic_only,diagnostic_prior,0.7298707392051027,1.4780906083649503
B0006,B0006,85,85,0.5328298829997136,0.5862726759193693,1.4519237720967175,0.7169497396251917,2.025140246031412,32.23766231305826,train,uniform_fleet_prior_diagnostic_only,diagnostic_prior,0.7297549704712365,1.4778561604427658
B0006,B0006,86,86,0.5378301974945592,0.5917745215418926,1.4471484694777743,0.714591728801842,2.025140246031412,32.5100407877973,train,uniform_fleet_prior_diagnostic_only,diagnostic_prior,0.7297036226144401,1.4777521738314199
B0006,B0006,87,87,0.5428294058431555,0.5972751500717898,1.4468538105659885,0.7144462283050921,2.025140246031412,32.837763287679486,train,uniform_fleet_prior_diagnostic_only,diagnostic_prior,0.7265947753895712,1.4714563221975747
B0006,B0006,88,88,0.5478104430986561,0.6027557849494661,1.4416741930284678,0.7118885696206276,2.025140246031412,32.88370115284785,train,uniform_fleet_prior_diagnostic_only,diagnostic_prior,0.7232355614792318,1.464653442912718
B0006,B0006,89,89,0.5533633541912378,0.608865652562488,1.5935866593100128,0.786901876269015,2.025140246031412,32.68601346515812,train,uniform_fleet_prior_diagnostic_only,diagnostic_prior,0.7203618423520373,1.458833758652446
B0006,B0006,90,90,0.5587545305373989,0.6147975634474838,1.5463902376915637,0.763596615455134,2.025140246031412,32.86187284474059,train,uniform_fleet_prior_diagnostic_only,diagnostic_prior,0.718194257427324,1.4544440951847182
B0006,B0006,91,91,0.5640216176072311,0.6205929389120626,1.51470559175661,0.7479509602976481,2.025140246031412,32.866728046853275,train,uniform_fleet_prior_diagnostic_only,diagnostic_prior,0.7162812754626073,1.4505700384180382
B0006,B0006,92,92,0.5692237369207293,0.6263168303597537,1.4989786083335404,0.7401850865741422,2.025140246031412,32.690440753416475,train,uniform_fleet_prior_diagnostic_only,diagnostic_prior,0.7141255748787441,1.4462044424072633
B0006,B0006,93,93,0.5743651037331432,0.6319738758355582,1.4831110745410492,0.7323498100674478,2.025140246031412,32.53195589133864,train,uniform_fleet_prior_diagnostic_only,diagnostic_prior,0.7123794536344462,1.4426683020009854
B0006,B0006,94,94,0.5794632900266251,0.6375834097899755,1.4729664825468278,0.7273404819411112,2.025140246031412,32.47570461521663,train,uniform_fleet_prior_diagnostic_only,diagnostic_prior,0.7112249464214995,1.4403302629797132
B0006,B0006,95,95,0.5845240591193898,0.6431517736015577,1.4627604396099307,0.7223008097717899,2.025140246031412,32.54787074449699,train,uniform_fleet_prior_diagnostic_only,diagnostic_prior,0.708968169008967,1.4357599722152592
B0006,B0006,96,96,0.5895596313495653,0.6486924133073302,1.4518364681062514,0.7169066295291688,2.025140246031412,32.60884933802198,train,uniform_fleet_prior_diagnostic_only,diagnostic_prior,0.7074875384745443,1.4327614877304966
B0006,B0006,97,97,0.594556565409096,0.6541905394371577,1.4468670644030392,0.7144527729565435,2.025140246031412,32.63710295662962,train,uniform_fleet_prior_diagnostic_only,diagnostic_prior,0.707213204822633,1.4322059236111704
B0006,B0006,98,98,0.5995322855063532,0.6596653238460612,1.441380399427779,0.7117434964084071,2.025140246031412,32.651819580614344,train,uniform_fleet_prior_diagnostic_only,diagnostic_prior,0.7067642420297222,1.431296710990276
B0006,B0006,99,99,0.6044871341970758,0.6651171434480919,1.431210744960774,0.7067217926094065,2.025140246031412,32.71454209899352,train,uniform_fleet_prior_diagnostic_only,diagnostic_prior,0.7063176400969912,1.4303922794423471
B0006,B0006,100,100,0.6094207434197151,0.6705455932651582,1.4260247179525716,0.704160968973431,2.025140246031412,32.73153975622613,train,uniform_fleet_prior_diagnostic_only,diagnostic_prior,0.7058837955161564,1.429513683321176
B0006,B0006,101,101,0.6143173513377231,0.6759333305498181,1.420487649966195,0.7014268037731554,2.025140246031412,32.71647654558839,train,uniform_fleet_prior_diagnostic_only,diagnostic_prior,0.7047987574232143,1.4273163290106816
B0006,B0006,102,102,0.6192293238132818,0.6813379734558722,1.4207006230355006,0.7015319683758159,2.025140246031412,33.01886085264653,train,uniform_fleet_prior_diagnostic_only,diagnostic_prior,0.703310426690343,1.4243022505441387
B0006,B0006,103,103,0.6242568324776775,0.6868697408208881,1.452255804330839,0.7171136948054673,2.025140246031412,33.443380413154635,train,uniform_fleet_prior_diagnostic_only,diagnostic_prior,0.7015319683758159,1.4207006230355006
B0006,B0006,104,104,0.6292011230916551,0.6923099433719551,1.431557632772571,0.7068930833693806,2.025140246031412,33.326423263239164,train,uniform_fleet_prior_diagnostic_only,diagnostic_prior,0.7008188070704857,1.4192563713741642
B0006,B0006,105,105,0.634095248153482,0.6976949487701655,1.415015751158943,0.698724818654853,2.025140246031412,33.21069809702531,train,uniform_fleet_prior_diagnostic_only,diagnostic_prior,0.7001220785297363,1.4178453983657338
B0006,B0006,106,106,0.6389508950519246,0.7030376166484066,1.4097311506517451,0.6961153201188609,2.025140246031412,33.01761050942984,test,uniform_fleet_prior_diagnostic_only,diagnostic_prior,0.698598831943863,1.4147606104000516
B0006,B0006,107,107,0.6437873388608737,0.7083591553688762,1.404917318129309,0.6937382835003504,2.025140246031412,33.03614178285593,test,uniform_fleet_prior_diagnostic_only,diagnostic_prior,0.6969299142837146,1.4113808180791727
B0006,B0006,108,108,0.6485921297303159,0.7136458663626406,1.395164296571563,0.6889223100995655,2.025140246031412,33.306733871935904,test,uniform_fleet_prior_diagnostic_only,diagnostic_prior,0.6954327517501178,1.4083488539775355
B0006,B0006,109,109,0.6533933473929554,0.7189286457572575,1.3945343832614077,0.6886112633405128,2.025140246031412,33.46556106074692,test,uniform_fleet_prior_diagnostic_only,diagnostic_prior,0.6949504243576656,1.4073720733633173
B0006,B0006,110,110,0.6581687130115234,0.724182980149934,1.3893171179312644,0.6860350144410269,2.025140246031412,33.25942275781228,test,uniform_fleet_prior_diagnostic_only,diagnostic_prior,0.6944082941414192,1.4062741836438069
B0006,B0006,111,111,0.6629216215421068,0.7294126050105701,1.3838379472327809,0.683329438514016,2.025140246031412,33.1125731731603,test,uniform_fleet_prior_diagnostic_only,diagnostic_prior,0.6930690983512147,1.4035621243517478
B0006,B0006,112,112,0.6676550457844738,0.7346207913105033,1.3736814238195123,0.6783142187369304,2.025140246031412,33.35849770640451,test,uniform_fleet_prior_diagnostic_only,diagnostic_prior,0.6914130288287481,1.4002083513115748
B0006,B0006,113,113,0.6723917404124574,0.7398325760154583,1.3786059891863676,0.6807459344546472,2.025140246031412,33.61799056999555,test,uniform_fleet_prior_diagnostic_only,diagnostic_prior,0.6905433681439804,1.3984471664584606
B0006,B0006,114,114,0.677108688475686,0.7450226335768567,1.3737600299108574,0.6783530338715855,2.025140246031412,33.48601560177548,test,uniform_fleet_prior_diagnostic_only,diagnostic_prior,0.6901933929957283,1.3977384177006245
B0006,B0006,115,115,0.6818019708326756,0.75018665176365,1.3682580583942712,0.6756361990610739,2.025140246031412,33.3050173300787,test,uniform_fleet_prior_diagnostic_only,diagnostic_prior,0.6890971786445523,1.3955184298997807
B0006,B0006,116,116,0.6864744396649491,0.7553277688309304,1.3633024037317505,0.6731891316679725,2.025140246031412,33.14417336164995,test,uniform_fleet_prior_diagnostic_only,diagnostic_prior,0.6887249557663566,1.3947646263686528
B0006,B0006,117,117,0.6911331204125434,0.7604537148697857,1.35809661401726,0.6706185493467273,2.025140246031412,33.37364707544407,test,uniform_fleet_prior_diagnostic_only,diagnostic_prior,0.6886993917805309,1.394712855712108
B0006,B0006,118,118,0.6957926558065078,0.7655806012759712,1.353269090999531,0.6682347524579986,2.025140246031412,33.74154645508761,test,uniform_fleet_prior_diagnostic_only,diagnostic_prior,0.6871838247261273,1.3916436198746762
B0006,B0006,119,119,0.7005491061002702,0.7708141231383383,1.3841605738237488,0.6834887492539018,2.025140246031412,33.54140288322981,test,uniform_fleet_prior_diagnostic_only,diagnostic_prior,0.6861763512494725,1.3896033447902933
B0006,B0006,120,120,0.7053921307059055,0.7761429027088539,1.4051467790651473,0.6938515896954586,2.025140246031412,33.73406768655218,test,uniform_fleet_prior_diagnostic_only,diagnostic_prior,0.6845499767010816,1.3863097082372258
B0006,B0006,121,121,0.7101467430672794,0.781374402294367,1.378719022627353,0.6808017495722455,2.025140246031412,33.456819107176564,test,uniform_fleet_prior_diagnostic_only,diagnostic_prior,0.683401868863855,1.383984628849274
B0006,B0006,122,122,0.714841876915647,0.7865404576769696,1.3682657783199066,0.6756400111060177,2.025140246031412,33.15638270986697,test,uniform_fleet_prior_diagnostic_only,diagnostic_prior,0.6823618731649734,1.3818784917037694
B0006,B0006,123,123,0.7195102147501165,0.7916770294077099,1.3573151296618016,0.6702326578723024,2.025140246031412,33.09888218239453,test,uniform_fleet_prior_diagnostic_only,diagnostic_prior,0.6817194753478144,1.380577546030278
B0006,B0006,124,124,0.7241440931978876,0.796775685478134,1.3524934638801596,0.6678517532455286,2.025140246031412,33.07745013977818,test,uniform_fleet_prior_diagnostic_only,diagnostic_prior,0.6807604329229313,1.3786353506179958
B0006,B0006,125,125,0.7287573476243138,0.8018516489395887,1.3474099151661236,0.6653415326699422,2.025140246031412,33.066209604970844,test,uniform_fleet_prior_diagnostic_only,diagnostic_prior,0.6797398097147087,1.3765684454829905
B0006,B0006,126,126,0.7333495076781666,0.8069044022646567,1.3370075130842318,0.6602048997368518,2.025140246031412,33.04584100418226,test,uniform_fleet_prior_diagnostic_only,diagnostic_prior,0.6791621966088728,1.3753986979357269
B0006,B0006,127,127,0.73791880355708,0.8119319981399415,1.3312352966718526,0.657354619898855,2.025140246031412,32.943940849355755,test,uniform_fleet_prior_diagnostic_only,diagnostic_prior,0.6789806228193431,1.375030985546926
B0006,B0006,128,128,0.742451045195645,0.816918823237655,1.3259303781727645,0.654735088481471,2.025140246031412,32.873407535148246,test,uniform_fleet_prior_diagnostic_only,diagnostic_prior,0.6789806228193431,1.375030985546926
B0006,B0006,129,129,0.7469825227165596,0.8219048075767813,1.321578743867529,0.6525862820895368,2.025140246031412,32.91796336854363,test,uniform_fleet_prior_diagnostic_only,diagnostic_prior,0.6789806228193431,1.375030985546926
B0006,B0006,130,130,0.7514965109268087,0.8268715484288379,1.321225074066109,0.6524116424308202,2.025140246031412,32.94750978699508,test,uniform_fleet_prior_diagnostic_only,diagnostic_prior,0.6789193760944405,1.374906952339388
B0006,B0006,131,131,0.7559904370221351,0.8318162149375148,1.3156485301862682,0.6496579843121941,2.025140246031412,32.884129868829,test,uniform_fleet_prior_diagnostic_only,diagnostic_prior,0.6785707952027242,1.3742010271465759
B0006,B0006,132,132,0.7605064604531668,0.8367851951428291,1.3209025697502388,0.652252392069517,2.025140246031412,33.24884963980361,test,uniform_fleet_prior_diagnostic_only,diagnostic_prior,0.6776937239406615,1.372424834835135
B0006,B0006,133,133,0.7651282729973571,0.8418705751005474,1.3474328767273906,0.6653528709272861,2.025140246031412,33.12577940031775,test,uniform_fleet_prior_diagnostic_only,diagnostic_prior,0.6768293813806547,1.3706744199305076
B0006,B0006,134,134,0.7696703870247845,0.8468682627869045,1.3260128072353616,0.6547757913724231,2.025140246031412,32.901761857989634,test,uniform_fleet_prior_diagnostic_only,diagnostic_prior,0.6756410234197225,1.368267828397132
B0006,B0006,135,135,0.7741652157893197,0.8518139225024368,1.3101186784831065,0.6469273824617799,2.025140246031412,32.75128529177779,test,uniform_fleet_prior_diagnostic_only,diagnostic_prior,0.6750031022664364,1.3669759485958175
B0006,B0006,136,136,0.778622695181642,0.8567184867068315,1.30521620229393,0.6445065742245314,2.025140246031412,32.478184588900916,test,uniform_fleet_prior_diagnostic_only,diagnostic_prior,0.6744824767426547,1.3659216088944959
B0006,B0006,137,137,0.7830795871403946,0.8616224045581183,1.3004061951355774,0.6421314265438813,2.025140246031412,32.83142298271,test,uniform_fleet_prior_diagnostic_only,diagnostic_prior,0.6735548716543704,1.364043078497788
B0006,B0006,138,138,0.7875218471759992,0.8665102229055832,1.300235735841116,0.6420472549440154,2.025140246031412,33.03281997670763,test,uniform_fleet_prior_diagnostic_only,diagnostic_prior,0.6722546068064619,1.3614098598237885
B0006,B0006,139,139,0.7919382885646592,0.8713696329979639,1.2895066722480757,0.6367493188558527,2.025140246031412,32.82570895441671,test,uniform_fleet_prior_diagnostic_only,diagnostic_prior,0.6713759192413427,1.359630394271978
B0006,B0006,140,140,0.7963157417578287,0.876186144382091,1.279253057384795,0.6316861560041074,2.025140246031412,32.523737344262734,test,uniform_fleet_prior_diagnostic_only,diagnostic_prior,0.670502306844269,1.3578612066472324
B0006,B0006,141,141,0.8006744593038685,0.8809820409352407,1.2792078171714618,0.6316638167051765,2.025140246031412,32.37710464070652,test,uniform_fleet_prior_diagnostic_only,diagnostic_prior,0.6697247579509731,1.3562865610901615
B0006,B0006,142,142,0.8050347094900221,0.88577962385218,1.274036760902923,0.6291103855150787,2.025140246031412,32.678136152268685,test,uniform_fleet_prior_diagnostic_only,diagnostic_prior,0.6686353685560502,1.3540803947829034
B0006,B0006,143,143,0.8093777497644871,0.8905582707047206,1.2741273923001468,0.6291551386611393,2.025140246031412,32.73407293071773,test,uniform_fleet_prior_diagnostic_only,diagnostic_prior,0.6684093208525983,1.35362261648112
B0006,B0006,144,144,0.8136801075428738,0.8952921546102122,1.263763942644078,0.6240377401617625,2.025140246031412,32.46571744312978,test,uniform_fleet_prior_diagnostic_only,diagnostic_prior,0.6683830885955311,1.3535694924815889
B0006,B0006,145,145,0.8179612323979895,0.9000026759319957,1.2581373688955233,0.6212593776460893,2.025140246031412,32.22903889696284,test,uniform_fleet_prior_diagnostic_only,diagnostic_prior,0.6679512829484131,1.3526950254871466
B0006,B0006,146,146,0.8222371516640953,0.904707469544625,1.253259864055301,0.6188509000851992,2.025140246031412,32.184381042473795,test,uniform_fleet_prior_diagnostic_only,diagnostic_prior,0.667923443272127,1.3526386462382634
B0006,B0006,147,147,0.8265170453440591,0.9094166362044914,1.2532313315493426,0.6188368109345764,2.025140246031412,32.52481525191077,test,uniform_fleet_prior_diagnostic_only,diagnostic_prior,0.667923443272127,1.3526386462382634
B0006,B0006,148,148,0.8307630268442197,0.9140884892957427,1.2480874960313575,0.616296821159515,2.025140246031412,32.46559207769152,test,uniform_fleet_prior_diagnostic_only,diagnostic_prior,0.667923443272127,1.3526386462382634
B0006,B0006,149,149,0.8350246594809493,0.9187775633312584,1.2534354284944844,0.6189375925695975,2.025140246031412,32.335297935449894,test,uniform_fleet_prior_diagnostic_only,diagnostic_prior,0.667923443272127,1.3526386462382634
B0006,B0006,150,150,0.8394349683636163,0.9236302258278052,1.28980487732669,0.6368965704248236,2.025140246031412,33.00335802319549,test,uniform_fleet_prior_diagnostic_only,diagnostic_prior,0.667923443272127,1.3526386462382634
B0006,B0006,151,151,0.8437436045989636,0.9283710179189679,1.2635402021758837,0.6239272586933147,2.025140246031412,33.00849337845199,test,uniform_fleet_prior_diagnostic_only,diagnostic_prior,0.6666278098652694,1.350014806881933
B0006,B0006,152,152,0.8479947969679434,0.9330486045287474,1.2479761706842851,0.6162418494866689,2.025140246031412,32.8366791658954,test,uniform_fleet_prior_diagnostic_only,diagnostic_prior,0.6629594838013564,1.3425859321343367
B0006,B0006,153,153,0.8522034457612544,0.937679380445759,1.2321202877943334,0.6084123261136463,2.025140246031412,32.76822151546751,test,uniform_fleet_prior_diagnostic_only,diagnostic_prior,0.6621886639237737,1.3410249137778032
B0006,B0006,154,154,0.8563897270316846,0.9422855453792066,1.2271137666213534,0.6059401411956926,2.025140246031412,32.73092391723622,test,uniform_fleet_prior_diagnostic_only,diagnostic_prior,0.66132711288294,1.3392801520910005
B0006,B0006,155,155,0.8605414833219736,0.9468537224798782,1.2217397581377356,0.6032864936302219,2.025140246031412,32.69124689541012,test,uniform_fleet_prior_diagnostic_only,diagnostic_prior,0.6610871873591003,1.3387942692566226
B0006,B0006,156,156,0.8646707911339454,0.9513971995217257,1.211102678915174,0.5980339787767907,2.025140246031412,32.705634765473235,test,uniform_fleet_prior_diagnostic_only,diagnostic_prior,0.6598794164387212,1.3363483637577764
B0006,B0006,157,157,0.8687790758123136,0.9559175448114188,1.2056159765131735,0.5953246837475932,2.025140246031412,32.662604976200384,test,uniform_fleet_prior_diagnostic_only,diagnostic_prior,0.6584920541975272,1.3335387606473101
B0006,B0006,158,158,0.8728692992992366,0.9604180173736678,1.2008936262717274,0.5929928204355582,2.025140246031412,32.67004737750901,test,uniform_fleet_prior_diagnostic_only,diagnostic_prior,0.658142073324966,1.3328300002969453
B0006,B0006,159,159,0.8769252866566446,0.9648808199254609,1.1905903985558337,0.5879051591063814,2.025140246031412,32.69399366057804,test,uniform_fleet_prior_diagnostic_only,diagnostic_prior,0.6576400152888803,1.3318132623622245
B0006,B0006,160,160,0.8809628508856978,0.9693233515106585,1.185179251041941,0.5852331725491557,2.025140246031412,32.7325536611768,test,uniform_fleet_prior_diagnostic_only,diagnostic_prior,0.6558947670681718,1.3282788899511533
B0006,B0006,161,161,0.8849807781352919,0.9737442765289914,1.1796706818144624,0.5825130798354419,2.025140246031412,32.77560690172128,test,uniform_fleet_prior_diagnostic_only,diagnostic_prior,0.6552521439988752,1.3269774881104923
B0006,B0006,162,162,0.8889772868063979,0.9781416346871966,1.1745952836753917,0.5800068839564074,2.025140246031412,32.7008684512122,test,uniform_fleet_prior_diagnostic_only,diagnostic_prior,0.655250502250622,1.326974163340031
B0006,B0006,163,163,0.8929007573662701,0.9824586290176898,1.15381833159625,0.5697473712535922,2.025140246031412,32.64158956357466,test,uniform_fleet_prior_diagnostic_only,diagnostic_prior,0.6550280055682034,1.3265235763538565
B0006,B0006,164,164,0.8968456042202688,0.9867991436828315,1.1644009557372264,0.5749729965710065,2.025140246031412,32.75256580992672,test,uniform_fleet_prior_diagnostic_only,diagnostic_prior,0.6541972605736995,1.3248412012312976
B0006,B0006,165,165,0.9007837636305375,0.9911323001541934,1.1587974947916069,0.5722060469947485,2.025140246031412,32.8088725902038,test,uniform_fleet_prior_diagnostic_only,diagnostic_prior,0.654181992172182,1.324810280576892
B0006,B0006,166,166,0.9047911897024109,0.9955416707275544,1.1749748834769171,0.5801943276666737,2.025140246031412,32.982805032554424,test,uniform_fleet_prior_diagnostic_only,diagnostic_prior,0.65307666103983,1.3225718300155744
B0006,B0006,167,167,0.908843111550698,1.0,1.1856752327929356,0.5854780848469417,2.025140246031412,33.228596513831256,test,uniform_fleet_prior_diagnostic_only,diagnostic_prior,0.6500817562259101,1.316506727743872
B0006,B0006,0,0,0.0072723050571911,0.008001716649183657,2.035337591005598,1.0050353771765532,2.025140246031412,32.14277785992152,train,similarity_weighted_prior_diagnostic_only,diagnostic_prior,0.863526941168121,1.7487631620919613
B0006,B0006,1,1,0.014517946265978101,0.015974095068187408,2.025140246031412,1.0,2.025140246031412,32.29307515705474,train,similarity_weighted_prior_diagnostic_only,diagnostic_prior,0.8602091709872279,1.7420442121715518
B0006,B0006,2,2,0.021732989707941103,0.023912806766901232,2.013326371345464,0.9941663918293563,2.025140246031412,32.24414709253608,train,similarity_weighted_prior_diagnostic_only,diagnostic_prior,0.8590207709600091,1.739637535448046
B0006,B0006,3,3,0.028911724120646902,0.03181156764374521,2.0132846655407413,0.9941457977965211,2.025140246031412,32.14711742429942,train,similarity_weighted_prior_diagnostic_only,diagnostic_prior,0.8583884212986044,1.738356938699171
B0006,B0006,4,4,0.036075269855564904,0.039693616419683365,2.000528337624771,0.9878468128541358,2.025140246031412,32.06687277315468,train,similarity_weighted_prior_diagnostic_only,diagnostic_prior,0.8580700230875925,1.7377121376677864
B0006,B0006,5,5,0.0433055240750195,0.047649064535605266,2.0138990759931645,0.9944491893535391,2.025140246031412,32.03447836207717,train,similarity_weighted_prior_diagnostic_only,diagnostic_prior,0.8580350863549389,1.7376413858844248
B0006,B0006,6,6,0.0505274056006037,0.05559530017715839,2.013101105626967,0.9940551572030443,2.025140246031412,32.11157496697372,train,similarity_weighted_prior_diagnostic_only,diagnostic_prior,0.8566823638313013,1.734901933060093
B0006,B0006,7,7,0.0575870080988324,0.06336298021841807,1.96878982627284,0.9721745593328661,2.025140246031412,32.11257624247177,train,similarity_weighted_prior_diagnostic_only,diagnostic_prior,0.8545258475901726,1.7305346852289631
B0006,B0006,8,8,0.06460644004595101,0.07108646060563453,1.9681661764334244,0.9718666054315805,2.025140246031412,32.03566207329278,train,similarity_weighted_prior_diagnostic_only,diagnostic_prior,0.8539761795066495,1.7294215302710616
B0006,B0006,9,9,0.07161458972723761,0.07879752711669503,1.9572307917560536,0.9664667894441198,2.025140246031412,31.99527968872302,train,similarity_weighted_prior_diagnostic_only,diagnostic_prior,0.8533112876046579,1.728075030921078
B0006,B0006,10,10,0.07858867215243451,0.0864711094287153,1.9455991514129352,0.9607231673093504,2.025140246031412,31.87412757184136,train,similarity_weighted_prior_diagnostic_only,diagnostic_prior,0.8520431328983724,1.725506839787185
B0006,B0006,11,11,0.08548836584501891,0.0940628418244331,1.934750504484113,0.9553661818116388,2.025140246031412,32.120959708576166,train,similarity_weighted_prior_diagnostic_only,diagnostic_prior,0.8501825689097259,1.7217389367734601
B0006,B0006,12,12,0.09234855547879521,0.10161110790753211,1.9232799539368028,0.9497021046842455,2.025140246031412,32.11021168908644,train,similarity_weighted_prior_diagnostic_only,diagnostic_prior,0.8473400380830993,1.7159824131958739
B0006,B0006,13,13,0.09920136535383361,0.109151254042706,1.911889930948487,0.9440777914987086,2.025140246031412,31.989061278918147,train,similarity_weighted_prior_diagnostic_only,diagnostic_prior,0.8463578166371372,1.7139932770151407
B0006,B0006,14,14,0.10600645395362421,0.11663889246269636,1.9010667141979305,0.9387333632440402,2.025140246031412,31.878814448635442,train,similarity_weighted_prior_diagnostic_only,diagnostic_prior,0.8443135857485485,1.7098534227704794
B0006,B0006,15,15,0.1127629944992993,0.1240731134627839,1.8891989948061456,0.9328731669366281,2.025140246031412,31.767450711024402,train,similarity_weighted_prior_diagnostic_only,diagnostic_prior,0.8411429626095441,1.703432466246683
B0006,B0006,16,16,0.1194907290948944,0.1314756392783958,1.878278372248849,0.9274806403801601,2.025140246031412,31.789916349636584,train,similarity_weighted_prior_diagnostic_only,diagnostic_prior,0.8409262939923712,1.7029936819099942
B0006,B0006,17,17,0.12617330516517541,0.138828477172363,1.8675697161520208,0.9221927813699935,2.025140246031412,31.82883467218067,train,similarity_weighted_prior_diagnostic_only,diagnostic_prior,0.8388176256690146,1.6987233328228333
B0006,B0006,18,18,0.13282140326275033,0.1461433789558311,1.8675892574453767,0.9222024307231157,2.025140246031412,31.85243967652691,train,similarity_weighted_prior_diagnostic_only,diagnostic_prior,0.8371614046202127,1.6953692529205802
B0006,B0006,19,19,0.13991428580139773,0.15394767702279372,1.979626548250818,0.9775256563737817,2.025140246031412,31.51177053595285,train,similarity_weighted_prior_diagnostic_only,diagnostic_prior,0.8366865401174923,1.6944075857047094
B0006,B0006,20,20,0.14693942808957353,0.16167744049780017,1.9575499080884025,0.9666243668430057,2.025140246031412,31.874488497680712,train,similarity_weighted_prior_diagnostic_only,diagnostic_prior,0.8353832202879883,1.69176818026453
B0006,B0006,21,21,0.15391431356406082,0.16935190640488781,1.9458150170787551,0.9608297602558107,2.025140246031412,31.539114536389718,train,similarity_weighted_prior_diagnostic_only,diagnostic_prior,0.8347604375757467,1.690506957929437
B0006,B0006,22,22,0.16081319804841954,0.17694274842886223,1.9242461121680092,0.9501791868187297,2.025140246031412,31.220866832188786,train,similarity_weighted_prior_diagnostic_only,diagnostic_prior,0.8335277431540392,1.6880105788449786
B0006,B0006,23,23,0.16775685297025064,0.1845828513614615,1.945981133142164,0.9609117871987517,2.025140246031412,31.119005145018033,train,similarity_weighted_prior_diagnostic_only,diagnostic_prior,0.8329976291260736,1.6869370235919596
B0006,B0006,24,24,0.17453437885649054,0.19204016253002595,1.901407930553079,0.9389018534786386,2.025140246031412,31.033244078156734,train,similarity_weighted_prior_diagnostic_only,diagnostic_prior,0.8320845400549459,1.6850878901658075
B0006,B0006,25,25,0.18125178289306823,0.19943132163241079,1.878674213680085,0.9276761040928643,2.025140246031412,30.965650701900586,train,similarity_weighted_prior_diagnostic_only,diagnostic_prior,0.8320006679573595,1.6849180374054662
B0006,B0006,26,26,0.18793874839494354,0.20678898921759584,1.8683061328264217,0.9225564187407109,2.025140246031412,30.886708233618933,train,similarity_weighted_prior_diagnostic_only,diagnostic_prior,0.8320006679573595,1.6849180374054662
B0006,B0006,27,27,0.19457775898366375,0.21409389201582746,1.8560244070083,0.9164917889738641,2.025140246031412,30.860218887218178,train,similarity_weighted_prior_diagnostic_only,diagnostic_prior,0.8320006679573595,1.6849180374054662
B0006,B0006,28,28,0.20114049169421566,0.22131486627105876,1.8451997961855775,0.9111466723361719,2.025140246031412,30.876821709247142,train,similarity_weighted_prior_diagnostic_only,diagnostic_prior,0.8315391814297,1.6839834624653016
B0006,B0006,29,29,0.20778444074611915,0.2286252028599199,1.857228890885317,0.9170865546348484,2.025140246031412,30.93172713281064,train,similarity_weighted_prior_diagnostic_only,diagnostic_prior,0.8304829706740471,1.6818444875557377
B0006,B0006,30,30,0.21465038161508634,0.2361797970266208,1.9247760889090637,0.9504408856033413,2.025140246031412,31.10097217303459,train,similarity_weighted_prior_diagnostic_only,diagnostic_prior,0.8282227486980587,1.6772672210671988
B0006,B0006,31,31,0.22136817549048185,0.24357138506862444,1.8822317526092551,0.9294327917771577,2.025140246031412,31.27427401856461,train,similarity_weighted_prior_diagnostic_only,diagnostic_prior,0.8265502657680803,1.6738802085748992
B0006,B0006,32,32,0.22799976837427216,0.25086812616673904,1.855276687885587,0.9161225705337198,2.025140246031412,31.064382945653396,train,similarity_weighted_prior_diagnostic_only,diagnostic_prior,0.8242286307531135,1.669178572069494
B0006,B0006,33,33,0.23456691914989317,0.25809396161859816,1.839250891718188,0.9082091451801898,2.025140246031412,30.728199036710542,train,similarity_weighted_prior_diagnostic_only,diagnostic_prior,0.8208715556173833,1.6623800241031756
B0006,B0006,34,34,0.24105046786822595,0.2652278097337809,1.8185396073994429,0.8979820587552707,2.025140246031412,30.628998682624704,train,similarity_weighted_prior_diagnostic_only,diagnostic_prior,0.8174303947991726,1.6554111908371507
B0006,B0006,35,35,0.24751900081145686,0.2723451359928688,1.8134770059567056,0.8954821817948191,2.025140246031412,31.152846537043352,train,similarity_weighted_prior_diagnostic_only,diagnostic_prior,0.8106661805406888,1.6417127083095158
B0006,B0006,36,36,0.2539232446452975,0.27939172495024506,1.7971018450305436,0.8873962425823365,2.025140246031412,30.881993222524667,train,similarity_weighted_prior_diagnostic_only,diagnostic_prior,0.809757383444861,1.6398722667352783
B0006,B0006,37,37,0.2602623625187196,0.28636665581879295,1.7810046294120476,0.8794475508065244,2.025140246031412,30.767969351603366,train,similarity_weighted_prior_diagnostic_only,diagnostic_prior,0.8079632305798445,1.636238855560801
B0006,B0006,38,38,0.2665603183906398,0.2932962961405141,1.7710130422682329,0.8745137753984287,2.025140246031412,30.60669294411954,train,similarity_weighted_prior_diagnostic_only,diagnostic_prior,0.8069606929387414,1.6342085762356415
B0006,B0006,39,39,0.27281952413724064,0.30018329970257135,1.7604712448170945,0.8693083100131069,2.025140246031412,30.84313568962643,train,similarity_weighted_prior_diagnostic_only,diagnostic_prior,0.8052772717697836,1.6307994122753637
B0006,B0006,40,40,0.27904514103824335,0.3070333454606124,1.7502913788006589,0.8642815638228691,2.025140246031412,31.42941259977967,train,similarity_weighted_prior_diagnostic_only,diagnostic_prior,0.8037620313249689,1.6277308378681552
B0006,B0006,41,41,0.2852267301231847,0.31383494741630547,1.7394925037732578,0.8589491553397712,2.025140246031412,31.595140926159456,train,similarity_weighted_prior_diagnostic_only,diagnostic_prior,0.8030784709701408,1.6263465322830013
B0006,B0006,42,42,0.29145467855819723,0.3206875585610235,1.7546766553637203,0.8664469825249345,2.025140246031412,31.289084817806767,train,similarity_weighted_prior_diagnostic_only,diagnostic_prior,0.8024354128219395,1.6250442493465402
B0006,B0006,43,43,0.2977323603487154,0.3275948913126653,1.7659390941842177,0.8720082955463747,2.025140246031412,31.208672013341292,train,similarity_weighted_prior_diagnostic_only,diagnostic_prior,0.8022402837971543,1.6246490857052789
B0006,B0006,44,44,0.3038830013058147,0.3343624410458693,1.7337887419624838,0.8561326779022448,2.025140246031412,30.878133179196,train,similarity_weighted_prior_diagnostic_only,diagnostic_prior,0.8022402837971543,1.6246490857052789
B0006,B0006,45,45,0.3099546609395495,0.34104308763554875,1.713325912040734,0.8460282765098721,2.025140246031412,30.84580326466527,train,similarity_weighted_prior_diagnostic_only,diagnostic_prior,0.8013357414811453,1.6228172606568905
B0006,B0006,46,46,0.31598240106320447,0.34767540959194254,1.7024077813673466,0.84063698042814,2.025140246031412,30.876403359868632,train,similarity_weighted_prior_diagnostic_only,diagnostic_prior,0.7996617350592172,1.619427162879729
B0006,B0006,47,47,0.322487095929274,0.3548325248117202,1.82371946178183,0.9005398343920632,2.025140246031412,33.561397444219104,train,similarity_weighted_prior_diagnostic_only,diagnostic_prior,0.7978977522101163,1.6158548502187056
B0006,B0006,48,48,0.3289344501113226,0.36192654808164176,1.8081284050314708,0.8928410803028527,2.025140246031412,32.751844964559524,train,similarity_weighted_prior_diagnostic_only,diagnostic_prior,0.7962010491182454,1.612418788501792
B0006,B0006,49,49,0.33525299487933113,0.36887884236401536,1.7757610945034283,0.8768583301740794,2.025140246031412,32.05250990346377,train,similarity_weighted_prior_diagnostic_only,diagnostic_prior,0.7942549205428227,1.6084776051997516
B0006,B0006,50,50,0.34144775633908714,0.37569493788262065,1.7447409841836798,0.8615408180261986,2.025140246031412,31.738377473225654,train,similarity_weighted_prior_diagnostic_only,diagnostic_prior,0.7919759024395163,1.6038622739173116
B0006,B0006,51,51,0.3475840398003102,0.38244669006430704,1.729207034132373,0.8538702628230476,2.025140246031412,31.4877908577111,train,similarity_weighted_prior_diagnostic_only,diagnostic_prior,0.7907766368071094,1.601433592819442
B0006,B0006,52,52,0.35363866982460973,0.38910859897614214,1.7081086552553244,0.8434520318297155,2.025140246031412,31.567987325153577,train,similarity_weighted_prior_diagnostic_only,diagnostic_prior,0.7892491830985162,1.5983402848402202
B0006,B0006,53,53,0.35965249748313083,0.395725613048307,1.6975954237461768,0.8382606721054939,2.025140246031412,31.907314789096798,train,similarity_weighted_prior_diagnostic_only,diagnostic_prior,0.787903522641433,1.595615133691088
B0006,B0006,54,54,0.3656043216936321,0.402274404731776,1.6820634524029463,0.8305910939744643,2.025140246031412,31.709303134972124,train,similarity_weighted_prior_diagnostic_only,diagnostic_prior,0.7859104468623765,1.5915788757175302
B0006,B0006,55,55,0.3715115064543414,0.408774079632354,1.6714768322295086,0.8253634954443457,2.025140246031412,31.64453828537969,train,similarity_weighted_prior_diagnostic_only,diagnostic_prior,0.7845182527501382,1.5887594873905484
B0006,B0006,56,56,0.3773717700915246,0.4152221272246213,1.6607591387047655,0.8200711738158827,2.025140246031412,31.575826838438385,train,similarity_weighted_prior_diagnostic_only,diagnostic_prior,0.7826920447938093,1.585061160160564
B0006,B0006,57,57,0.3831928045616516,0.42162701096764155,1.651121015038069,0.8153119361850154,2.025140246031412,31.793434637562633,train,similarity_weighted_prior_diagnostic_only,diagnostic_prior,0.7811391055849857,1.5819162404691351
B0006,B0006,58,58,0.38897547452106673,0.42798968224271844,1.640134925619093,0.8098870825530237,2.025140246031412,32.11906759335304,train,similarity_weighted_prior_diagnostic_only,diagnostic_prior,0.7797331353124763,1.5790689534855527
B0006,B0006,59,59,0.39471243914526916,0.43430206394126464,1.629199941616544,0.8044874644159697,2.025140246031412,32.01916168135042,train,similarity_weighted_prior_diagnostic_only,diagnostic_prior,0.7787716702636058,1.5771218519199324
B0006,B0006,60,60,0.40037259651159435,0.4405299346203609,1.6088496302961666,0.7944386239170181,2.025140246031412,31.93206533899992,train,similarity_weighted_prior_diagnostic_only,diagnostic_prior,0.7759356575965488,1.5713785285296205
B0006,B0006,61,61,0.40600195471301453,0.44672391698087544,1.6035244898969248,0.7918091070676655,2.025140246031412,31.77950969723696,train,similarity_weighted_prior_diagnostic_only,diagnostic_prior,0.7734963356419686,1.5664385594663721
B0006,B0006,62,62,0.41161512724547894,0.45290009025118505,1.5989712144027983,0.7895607316758627,2.025140246031412,32.07576106468614,train,similarity_weighted_prior_diagnostic_only,diagnostic_prior,0.7719693951389539,1.5633462908004214
B0006,B0006,63,63,0.4171811765859149,0.4590244138772276,1.5876273123575604,0.7839591926874059,2.025140246031412,31.75203647327995,train,similarity_weighted_prior_diagnostic_only,diagnostic_prior,0.7704313096313209,1.5602314519370761
B0006,B0006,64,64,0.4227353538003291,0.46513567460399646,1.5829719744686166,0.7816604196033854,2.025140246031412,31.952071957890308,train,similarity_weighted_prior_diagnostic_only,diagnostic_prior,0.7692453216538819,1.557829659952655
B0006,B0006,65,65,0.42822016599985163,0.471170613010653,1.567137636713563,0.7738415350663349,2.025140246031412,31.850561427095545,train,similarity_weighted_prior_diagnostic_only,diagnostic_prior,0.767967410360171,1.555241710360903
B0006,B0006,66,66,0.4336795741946142,0.47717759939298643,1.5613446139713882,0.7709809812091256,2.025140246031412,31.751300831948473,train,similarity_weighted_prior_diagnostic_only,diagnostic_prior,0.7667769200148249,1.5528308004500309
B0006,B0006,67,67,0.4391005467041732,0.48314229499408917,1.551171189279042,0.7659574156993875,2.025140246031412,31.78571994829551,train,similarity_weighted_prior_diagnostic_only,diagnostic_prior,0.7646433054364259,1.5485099316977957
B0006,B0006,68,68,0.4444970990764168,0.4890801211201362,1.5406741606295171,0.7607740568332074,2.025140246031412,31.888197566292188,train,similarity_weighted_prior_diagnostic_only,diagnostic_prior,0.7613698735634691,1.5418807730692288
B0006,B0006,69,69,0.44983321427559764,0.49495144822969217,1.5253138744624433,0.7531892556337968,2.025140246031412,31.91808784241306,train,similarity_weighted_prior_diagnostic_only,diagnostic_prior,0.7584341921066537,1.535935606401504
B0006,B0006,70,70,0.45516891578575186,0.5008223201572466,1.5301570318067428,0.7555807726429473,2.025140246031412,31.92397443418174,train,similarity_weighted_prior_diagnostic_only,diagnostic_prior,0.7566657368674754,1.532354236523339
B0006,B0006,71,71,0.46047988404560175,0.5066659780915497,1.524656683447409,0.7528647393360627,2.025140246031412,31.935884164165987,train,similarity_weighted_prior_diagnostic_only,diagnostic_prior,0.7553332457561681,1.5296557551463514
B0006,B0006,72,72,0.46575527125262695,0.5124704861963909,1.5145492986655429,0.7478737838693126,2.025140246031412,31.95316349550248,train,similarity_weighted_prior_diagnostic_only,diagnostic_prior,0.7543312644477336,1.5276266024728693
B0006,B0006,73,73,0.47100734430405344,0.5182493417377673,1.509391504602082,0.7453269014627394,2.025140246031412,31.972811933188073,train,similarity_weighted_prior_diagnostic_only,diagnostic_prior,0.7519694032248747,1.522843502254917
B0006,B0006,74,74,0.47623492294459996,0.524001246080891,1.5039974333050703,0.7426633470212224,2.025140246031412,31.946383092696554,train,similarity_weighted_prior_diagnostic_only,diagnostic_prior,0.7500948512171592,1.5190472715408132
B0006,B0006,75,75,0.4814233769808989,0.5297101016252173,1.4935201918040188,0.7374897589096913,2.025140246031412,31.905286109962418,train,similarity_weighted_prior_diagnostic_only,diagnostic_prior,0.7467645517516899,1.5123029480619543
B0006,B0006,76,76,0.4866000943058364,0.5354060432670094,1.4876323024497422,0.7345823605871232,2.025140246031412,32.01000339812731,train,similarity_weighted_prior_diagnostic_only,diagnostic_prior,0.7440536495738828,1.506812990958623
B0006,B0006,77,77,0.491947820104875,0.5412901455186225,1.5302876214401704,0.7556452568848083,2.025140246031412,32.60230513312795,train,similarity_weighted_prior_diagnostic_only,diagnostic_prior,0.7415519086660403,1.501746614761008
B0006,B0006,78,78,0.49717142545554127,0.5470376780512217,1.5040760088360112,0.742702147065365,2.025140246031412,32.092634845392524,train,similarity_weighted_prior_diagnostic_only,diagnostic_prior,0.7388895735871887,1.4963550128444043
B0006,B0006,79,79,0.5023476011253983,0.5527330237099738,1.4887593608730894,0.735138894104027,2.025140246031412,31.886482042039205,train,similarity_weighted_prior_diagnostic_only,diagnostic_prior,0.7356249353791382,1.4897436626205496
B0006,B0006,80,80,0.5074701482960237,0.5583693619354846,1.4782779285546637,0.7299632365963725,2.025140246031412,31.996316333054377,train,similarity_weighted_prior_diagnostic_only,diagnostic_prior,0.7332016095264426,1.4848360879070073
B0006,B0006,81,81,0.5125947880227189,0.5640080026002648,1.478459982215684,0.730053133412841,2.025140246031412,32.48867717699209,train,similarity_weighted_prior_diagnostic_only,diagnostic_prior,0.7320950713725998,1.4825951929578909
B0006,B0006,82,82,0.5177022545703264,0.5696277476175242,1.473214844899973,0.7274631215230521,2.025140246031412,32.755826133788084,train,similarity_weighted_prior_diagnostic_only,diagnostic_prior,0.7320701063649739,1.4825446353162053
B0006,B0006,83,83,0.5227822696568055,0.5752172877943886,1.4675164935067897,0.7246493157116521,2.025140246031412,32.679110980643635,train,similarity_weighted_prior_diagnostic_only,diagnostic_prior,0.731761059966361,1.4819187730164831
B0006,B0006,84,84,0.5278172623862768,0.5807572898755844,1.4516292657521337,0.7168043144650523,2.025140246031412,32.45884316239656,train,similarity_weighted_prior_diagnostic_only,diagnostic_prior,0.7304566640780672,1.4792771884063416
B0006,B0006,85,85,0.5328298829997136,0.5862726759193693,1.4519237720967175,0.7169497396251917,2.025140246031412,32.23766231305826,train,similarity_weighted_prior_diagnostic_only,diagnostic_prior,0.7303407904303651,1.4790425280189257
B0006,B0006,86,86,0.5378301974945592,0.5917745215418926,1.4471484694777743,0.714591728801842,2.025140246031412,32.5100407877973,train,similarity_weighted_prior_diagnostic_only,diagnostic_prior,0.7302963715340036,1.4789525735242197
B0006,B0006,87,87,0.5428294058431555,0.5972751500717898,1.4468538105659885,0.7144462283050921,2.025140246031412,32.837763287679486,train,similarity_weighted_prior_diagnostic_only,diagnostic_prior,0.7271906852476102,1.4726631232340965
B0006,B0006,88,88,0.5478104430986561,0.6027557849494661,1.4416741930284678,0.7118885696206276,2.025140246031412,32.88370115284785,train,similarity_weighted_prior_diagnostic_only,diagnostic_prior,0.7237208053297266,1.465636129763494
B0006,B0006,89,89,0.5533633541912378,0.608865652562488,1.5935866593100128,0.786901876269015,2.025140246031412,32.68601346515812,train,similarity_weighted_prior_diagnostic_only,diagnostic_prior,0.7208981755488406,1.459919908594575
B0006,B0006,90,90,0.5587545305373989,0.6147975634474838,1.5463902376915637,0.763596615455134,2.025140246031412,32.86187284474059,train,similarity_weighted_prior_diagnostic_only,diagnostic_prior,0.7186832671265426,1.4554344084073056
B0006,B0006,91,91,0.5640216176072311,0.6205929389120626,1.51470559175661,0.7479509602976481,2.025140246031412,32.866728046853275,train,similarity_weighted_prior_diagnostic_only,diagnostic_prior,0.7166662212737676,1.4513496076727601
B0006,B0006,92,92,0.5692237369207293,0.6263168303597537,1.4989786083335404,0.7401850865741422,2.025140246031412,32.690440753416475,train,similarity_weighted_prior_diagnostic_only,diagnostic_prior,0.7144615172133197,1.4468847727493583
B0006,B0006,93,93,0.5743651037331432,0.6319738758355582,1.4831110745410492,0.7323498100674478,2.025140246031412,32.53195589133864,train,similarity_weighted_prior_diagnostic_only,diagnostic_prior,0.7126276202267974,1.443170874154876
B0006,B0006,94,94,0.5794632900266251,0.6375834097899755,1.4729664825468278,0.7273404819411112,2.025140246031412,32.47570461521663,train,similarity_weighted_prior_diagnostic_only,diagnostic_prior,0.7115577888954066,1.4410043156692112
B0006,B0006,95,95,0.5845240591193898,0.6431517736015577,1.4627604396099307,0.7223008097717899,2.025140246031412,32.54787074449699,train,similarity_weighted_prior_diagnostic_only,diagnostic_prior,0.7093207076785684,1.4364739124633512
B0006,B0006,96,96,0.5895596313495653,0.6486924133073302,1.4518364681062514,0.7169066295291688,2.025140246031412,32.60884933802198,train,similarity_weighted_prior_diagnostic_only,diagnostic_prior,0.7079386279578364,1.433675007197673
B0006,B0006,97,97,0.594556565409096,0.6541905394371577,1.4468670644030392,0.7144527729565435,2.025140246031412,32.63710295662962,train,similarity_weighted_prior_diagnostic_only,diagnostic_prior,0.7076745464884482,1.433140205185784
B0006,B0006,98,98,0.5995322855063532,0.6596653238460612,1.441380399427779,0.7117434964084071,2.025140246031412,32.651819580614344,train,similarity_weighted_prior_diagnostic_only,diagnostic_prior,0.7072713690829135,1.4323237143955452
B0006,B0006,99,99,0.6044871341970758,0.6651171434480919,1.431210744960774,0.7067217926094065,2.025140246031412,32.71454209899352,train,similarity_weighted_prior_diagnostic_only,diagnostic_prior,0.706847423461993,1.4314651650564902
B0006,B0006,100,100,0.6094207434197151,0.6705455932651582,1.4260247179525716,0.704160968973431,2.025140246031412,32.73153975622613,train,similarity_weighted_prior_diagnostic_only,diagnostic_prior,0.7062933108900706,1.4303430093862584
B0006,B0006,101,101,0.6143173513377231,0.6759333305498181,1.420487649966195,0.7014268037731554,2.025140246031412,32.71647654558839,train,similarity_weighted_prior_diagnostic_only,diagnostic_prior,0.7049451572380563,1.4276128091677298
B0006,B0006,102,102,0.6192293238132818,0.6813379734558722,1.4207006230355006,0.7015319683758159,2.025140246031412,33.01886085264653,train,similarity_weighted_prior_diagnostic_only,diagnostic_prior,0.7032725375430189,1.4242255197070048
B0006,B0006,103,103,0.6242568324776775,0.6868697408208881,1.452255804330839,0.7171136948054673,2.025140246031412,33.443380413154635,train,similarity_weighted_prior_diagnostic_only,diagnostic_prior,0.7015319683758159,1.4207006230355006
B0006,B0006,104,104,0.6292011230916551,0.6923099433719551,1.431557632772571,0.7068930833693806,2.025140246031412,33.326423263239164,train,similarity_weighted_prior_diagnostic_only,diagnostic_prior,0.7008446996505824,1.4193088074801914
B0006,B0006,105,105,0.634095248153482,0.6976949487701655,1.415015751158943,0.698724818654853,2.025140246031412,33.21069809702531,train,similarity_weighted_prior_diagnostic_only,diagnostic_prior,0.6999824230123369,1.417562576356868
B0006,B0006,106,106,0.6389508950519246,0.7030376166484066,1.4097311506517451,0.6961153201188609,2.025140246031412,33.01761050942984,test,similarity_weighted_prior_diagnostic_only,diagnostic_prior,0.6982822296651875,1.4141194463835207
B0006,B0006,107,107,0.6437873388608737,0.7083591553688762,1.404917318129309,0.6937382835003504,2.025140246031412,33.03614178285593,test,similarity_weighted_prior_diagnostic_only,diagnostic_prior,0.6966804293199125,1.4108755760381972
B0006,B0006,108,108,0.6485921297303159,0.7136458663626406,1.395164296571563,0.6889223100995655,2.025140246031412,33.306733871935904,test,similarity_weighted_prior_diagnostic_only,diagnostic_prior,0.6952745213889808,1.4080284153050528
B0006,B0006,109,109,0.6533933473929554,0.7189286457572575,1.3945343832614077,0.6886112633405128,2.025140246031412,33.46556106074692,test,similarity_weighted_prior_diagnostic_only,diagnostic_prior,0.694741573478171,1.4069491210418337
B0006,B0006,110,110,0.6581687130115234,0.724182980149934,1.3893171179312644,0.6860350144410269,2.025140246031412,33.25942275781228,test,similarity_weighted_prior_diagnostic_only,diagnostic_prior,0.6940884755247079,1.4056265060916746
B0006,B0006,111,111,0.6629216215421068,0.7294126050105701,1.3838379472327809,0.683329438514016,2.025140246031412,33.1125731731603,test,similarity_weighted_prior_diagnostic_only,diagnostic_prior,0.6927764189070731,1.4029694074302306
B0006,B0006,112,112,0.6676550457844738,0.7346207913105033,1.3736814238195123,0.6783142187369304,2.025140246031412,33.35849770640451,test,similarity_weighted_prior_diagnostic_only,diagnostic_prior,0.6911973137661909,1.3997714980567149
B0006,B0006,113,113,0.6723917404124574,0.7398325760154583,1.3786059891863676,0.6807459344546472,2.025140246031412,33.61799056999555,test,similarity_weighted_prior_diagnostic_only,diagnostic_prior,0.6904088854703385,1.3981748201836743
B0006,B0006,114,114,0.677108688475686,0.7450226335768567,1.3737600299108574,0.6783530338715855,2.025140246031412,33.48601560177548,test,similarity_weighted_prior_diagnostic_only,diagnostic_prior,0.6900972312730888,1.3975436767259792
B0006,B0006,115,115,0.6818019708326756,0.75018665176365,1.3682580583942712,0.6756361990610739,2.025140246031412,33.3050173300787,test,similarity_weighted_prior_diagnostic_only,diagnostic_prior,0.6891281787268938,1.3955812094141606
B0006,B0006,116,116,0.6864744396649491,0.7553277688309304,1.3633024037317505,0.6731891316679725,2.025140246031412,33.14417336164995,test,similarity_weighted_prior_diagnostic_only,diagnostic_prior,0.6887985970800159,1.3949137603567148
B0006,B0006,117,117,0.6911331204125434,0.7604537148697857,1.35809661401726,0.6706185493467273,2.025140246031412,33.37364707544407,test,similarity_weighted_prior_diagnostic_only,diagnostic_prior,0.6887742466460652,1.394864447312913
B0006,B0006,118,118,0.6957926558065078,0.7655806012759712,1.353269090999531,0.6682347524579986,2.025140246031412,33.74154645508761,test,similarity_weighted_prior_diagnostic_only,diagnostic_prior,0.6870673622191458,1.391407766964634
B0006,B0006,119,119,0.7005491061002702,0.7708141231383383,1.3841605738237488,0.6834887492539018,2.025140246031412,33.54140288322981,test,similarity_weighted_prior_diagnostic_only,diagnostic_prior,0.6859104522532281,1.3890648620316195
B0006,B0006,120,120,0.7053921307059055,0.7761429027088539,1.4051467790651473,0.6938515896954586,2.025140246031412,33.73406768655218,test,similarity_weighted_prior_diagnostic_only,diagnostic_prior,0.6841922417368762,1.3855852447638008
B0006,B0006,121,121,0.7101467430672794,0.781374402294367,1.378719022627353,0.6808017495722455,2.025140246031412,33.456819107176564,test,similarity_weighted_prior_diagnostic_only,diagnostic_prior,0.6829128168836968,1.3829942300018543
B0006,B0006,122,122,0.714841876915647,0.7865404576769696,1.3682657783199066,0.6756400111060177,2.025140246031412,33.15638270986697,test,similarity_weighted_prior_diagnostic_only,diagnostic_prior,0.681735995392143,1.3806110014369142
B0006,B0006,123,123,0.7195102147501165,0.7916770294077099,1.3573151296618016,0.6702326578723024,2.025140246031412,33.09888218239453,test,similarity_weighted_prior_diagnostic_only,diagnostic_prior,0.6810976776722696,1.3793183185326434
B0006,B0006,124,124,0.7241440931978876,0.796775685478134,1.3524934638801596,0.6678517532455286,2.025140246031412,33.07745013977818,test,similarity_weighted_prior_diagnostic_only,diagnostic_prior,0.6800424264292233,1.3771812867706756
B0006,B0006,125,125,0.7287573476243138,0.8018516489395887,1.3474099151661236,0.6653415326699422,2.025140246031412,33.066209604970844,test,similarity_weighted_prior_diagnostic_only,diagnostic_prior,0.6789328460082708,1.3749342308039962
B0006,B0006,126,126,0.7333495076781666,0.8069044022646567,1.3370075130842318,0.6602048997368518,2.025140246031412,33.04584100418226,test,similarity_weighted_prior_diagnostic_only,diagnostic_prior,0.6783645139827874,1.3737832787460813
B0006,B0006,127,127,0.73791880355708,0.8119319981399415,1.3312352966718526,0.657354619898855,2.025140246031412,32.943940849355755,test,similarity_weighted_prior_diagnostic_only,diagnostic_prior,0.6781895325502095,1.3734289168046596
B0006,B0006,128,128,0.742451045195645,0.816918823237655,1.3259303781727645,0.654735088481471,2.025140246031412,32.873407535148246,test,similarity_weighted_prior_diagnostic_only,diagnostic_prior,0.6781895325502095,1.3734289168046596
B0006,B0006,129,129,0.7469825227165596,0.8219048075767813,1.321578743867529,0.6525862820895368,2.025140246031412,32.91796336854363,test,similarity_weighted_prior_diagnostic_only,diagnostic_prior,0.6781895325502095,1.3734289168046596
B0006,B0006,130,130,0.7514965109268087,0.8268715484288379,1.321225074066109,0.6524116424308202,2.025140246031412,32.94750978699508,test,similarity_weighted_prior_diagnostic_only,diagnostic_prior,0.6781113073475522,1.3732704997985044
B0006,B0006,131,131,0.7559904370221351,0.8318162149375148,1.3156485301862682,0.6496579843121941,2.025140246031412,32.884129868829,test,similarity_weighted_prior_diagnostic_only,diagnostic_prior,0.6776660947922628,1.3723688819347493
B0006,B0006,132,132,0.7605064604531668,0.8367851951428291,1.3209025697502388,0.652252392069517,2.025140246031412,33.24884963980361,test,similarity_weighted_prior_diagnostic_only,diagnostic_prior,0.6766476291213982,1.37030634611548
B0006,B0006,133,133,0.7651282729973571,0.8418705751005474,1.3474328767273906,0.6653528709272861,2.025140246031412,33.12577940031775,test,similarity_weighted_prior_diagnostic_only,diagnostic_prior,0.6757061696880252,1.3683997587269505
B0006,B0006,134,134,0.7696703870247845,0.8468682627869045,1.3260128072353616,0.6547757913724231,2.025140246031412,32.901761857989634,test,similarity_weighted_prior_diagnostic_only,diagnostic_prior,0.6745491592291626,1.3660566502816285
B0006,B0006,135,135,0.7741652157893197,0.8518139225024368,1.3101186784831065,0.6469273824617799,2.025140246031412,32.75128529177779,test,similarity_weighted_prior_diagnostic_only,diagnostic_prior,0.6737511308275291,1.3644405308480045
B0006,B0006,136,136,0.778622695181642,0.8567184867068315,1.30521620229393,0.6445065742245314,2.025140246031412,32.478184588900916,test,similarity_weighted_prior_diagnostic_only,diagnostic_prior,0.673086180380445,1.3630939129359978
B0006,B0006,137,137,0.7830795871403946,0.8616224045581183,1.3004061951355774,0.6421314265438813,2.025140246031412,32.83142298271,test,similarity_weighted_prior_diagnostic_only,diagnostic_prior,0.6720341285098522,1.3609633603519478
B0006,B0006,138,138,0.7875218471759992,0.8665102229055832,1.300235735841116,0.6420472549440154,2.025140246031412,33.03281997670763,test,similarity_weighted_prior_diagnostic_only,diagnostic_prior,0.6706227210859155,1.358105062374186
B0006,B0006,139,139,0.7919382885646592,0.8713696329979639,1.2895066722480757,0.6367493188558527,2.025140246031412,32.82570895441671,test,similarity_weighted_prior_diagnostic_only,diagnostic_prior,0.6697925266363097,1.3564238021822574
B0006,B0006,140,140,0.7963157417578287,0.876186144382091,1.279253057384795,0.6316861560041074,2.025140246031412,32.523737344262734,test,similarity_weighted_prior_diagnostic_only,diagnostic_prior,0.6688352740398473,1.3544852314235434
B0006,B0006,141,141,0.8006744593038685,0.8809820409352407,1.2792078171714618,0.6316638167051765,2.025140246031412,32.37710464070652,test,similarity_weighted_prior_diagnostic_only,diagnostic_prior,0.6680980798187143,1.352992309737185
B0006,B0006,142,142,0.8050347094900221,0.88577962385218,1.274036760902923,0.6291103855150787,2.025140246031412,32.678136152268685,test,similarity_weighted_prior_diagnostic_only,diagnostic_prior,0.6670206965572664,1.3508104575340263
B0006,B0006,143,143,0.8093777497644871,0.8905582707047206,1.2741273923001468,0.6291551386611393,2.025140246031412,32.73407293071773,test,similarity_weighted_prior_diagnostic_only,diagnostic_prior,0.6667886168216336,1.350340463521108
B0006,B0006,144,144,0.8136801075428738,0.8952921546102122,1.263763942644078,0.6240377401617625,2.025140246031412,32.46571744312978,test,similarity_weighted_prior_diagnostic_only,diagnostic_prior,0.6667651880677983,1.3502930170088017
B0006,B0006,145,145,0.8179612323979895,0.9000026759319957,1.2581373688955233,0.6212593776460893,2.025140246031412,32.22903889696284,test,similarity_weighted_prior_diagnostic_only,diagnostic_prior,0.6663795305094269,1.3495120063661576
B0006,B0006,146,146,0.8222371516640953,0.904707469544625,1.253259864055301,0.6188509000851992,2.025140246031412,32.184381042473795,test,similarity_weighted_prior_diagnostic_only,diagnostic_prior,0.6663546661250587,1.3494616525006808
B0006,B0006,147,147,0.8265170453440591,0.9094166362044914,1.2532313315493426,0.6188368109345764,2.025140246031412,32.52481525191077,test,similarity_weighted_prior_diagnostic_only,diagnostic_prior,0.6663546661250587,1.3494616525006808
B0006,B0006,148,148,0.8307630268442197,0.9140884892957427,1.2480874960313575,0.616296821159515,2.025140246031412,32.46559207769152,test,similarity_weighted_prior_diagnostic_only,diagnostic_prior,0.6663546661250587,1.3494616525006808
B0006,B0006,149,149,0.8350246594809493,0.9187775633312584,1.2534354284944844,0.6189375925695975,2.025140246031412,32.335297935449894,test,similarity_weighted_prior_diagnostic_only,diagnostic_prior,0.6663546661250587,1.3494616525006808
B0006,B0006,150,150,0.8394349683636163,0.9236302258278052,1.28980487732669,0.6368965704248236,2.025140246031412,33.00335802319549,test,similarity_weighted_prior_diagnostic_only,diagnostic_prior,0.6663546661250587,1.3494616525006808
B0006,B0006,151,151,0.8437436045989636,0.9283710179189679,1.2635402021758837,0.6239272586933147,2.025140246031412,33.00849337845199,test,similarity_weighted_prior_diagnostic_only,diagnostic_prior,0.6650467120399008,1.3468128620428665
B0006,B0006,152,152,0.8479947969679434,0.9330486045287474,1.2479761706842851,0.6162418494866689,2.025140246031412,32.8366791658954,test,similarity_weighted_prior_diagnostic_only,diagnostic_prior,0.6612061763290664,1.339035238608535
B0006,B0006,153,153,0.8522034457612544,0.937679380445759,1.2321202877943334,0.6084123261136463,2.025140246031412,32.76822151546751,test,similarity_weighted_prior_diagnostic_only,diagnostic_prior,0.6604309913320521,1.3374653802729612
B0006,B0006,154,154,0.8563897270316846,0.9422855453792066,1.2271137666213534,0.6059401411956926,2.025140246031412,32.73092391723622,test,similarity_weighted_prior_diagnostic_only,diagnostic_prior,0.659482685839933,1.3355449286553382
B0006,B0006,155,155,0.8605414833219736,0.9468537224798782,1.2217397581377356,0.6032864936302219,2.025140246031412,32.69124689541012,test,similarity_weighted_prior_diagnostic_only,diagnostic_prior,0.6591845271666376,1.3349411155263444
B0006,B0006,156,156,0.8646707911339454,0.9513971995217257,1.211102678915174,0.5980339787767907,2.025140246031412,32.705634765473235,test,similarity_weighted_prior_diagnostic_only,diagnostic_prior,0.6580121701287035,1.3325669281061059
B0006,B0006,157,157,0.8687790758123136,0.9559175448114188,1.2056159765131735,0.5953246837475932,2.025140246031412,32.662604976200384,test,similarity_weighted_prior_diagnostic_only,diagnostic_prior,0.6565239216955777,1.3295530163080898
B0006,B0006,158,158,0.8728692992992366,0.9604180173736678,1.2008936262717274,0.5929928204355582,2.025140246031412,32.67004737750901,test,similarity_weighted_prior_diagnostic_only,diagnostic_prior,0.6560812672516897,1.3286565789786875
B0006,B0006,159,159,0.8769252866566446,0.9648808199254609,1.1905903985558337,0.5879051591063814,2.025140246031412,32.69399366057804,test,similarity_weighted_prior_diagnostic_only,diagnostic_prior,0.6556170267146244,1.3277164267832373
B0006,B0006,160,160,0.8809628508856978,0.9693233515106585,1.185179251041941,0.5852331725491557,2.025140246031412,32.7325536611768,test,similarity_weighted_prior_diagnostic_only,diagnostic_prior,0.653830355106286,1.3240981662027496
B0006,B0006,161,161,0.8849807781352919,0.9737442765289914,1.1796706818144624,0.5825130798354419,2.025140246031412,32.77560690172128,test,similarity_weighted_prior_diagnostic_only,diagnostic_prior,0.6532314363287324,1.3228852716822217
B0006,B0006,162,162,0.8889772868063979,0.9781416346871966,1.1745952836753917,0.5800068839564074,2.025140246031412,32.7008684512122,test,similarity_weighted_prior_diagnostic_only,diagnostic_prior,0.6532299700379902,1.3228823022378275
B0006,B0006,163,163,0.8929007573662701,0.9824586290176898,1.15381833159625,0.5697473712535922,2.025140246031412,32.64158956357466,test,similarity_weighted_prior_diagnostic_only,diagnostic_prior,0.6530312521012056,1.3224798705464367
B0006,B0006,164,164,0.8968456042202688,0.9867991436828315,1.1644009557372264,0.5749729965710065,2.025140246031412,32.75256580992672,test,similarity_weighted_prior_diagnostic_only,diagnostic_prior,0.6522892907851647,1.3209772948243237
B0006,B0006,165,165,0.9007837636305375,0.9911323001541934,1.1587974947916069,0.5722060469947485,2.025140246031412,32.8088725902038,test,similarity_weighted_prior_diagnostic_only,diagnostic_prior,0.6522747831957374,1.3209479149211016
B0006,B0006,166,166,0.9047911897024109,0.9955416707275544,1.1749748834769171,0.5801943276666737,2.025140246031412,32.982805032554424,test,similarity_weighted_prior_diagnostic_only,diagnostic_prior,0.6512132747467266,1.3187982114395076
B0006,B0006,167,167,0.908843111550698,1.0,1.1856752327929356,0.5854780848469417,2.025140246031412,33.228596513831256,test,similarity_weighted_prior_diagnostic_only,diagnostic_prior,0.6483919447071941,1.3130846224291128
B0007,B0007,0,0,0.0067877999488538,0.0068768553773581945,1.89105229539079,1.005524448294735,1.8806626717011388,32.28484691034007,train,self_only_baseline,baseline,1.005524448294735,1.8910522953907898
B0007,B0007,1,1,0.013558315000749,0.013736199081200303,1.880637027686859,0.9999863643732256,1.8806626717011388,32.4165431995307,train,self_only_baseline,baseline,1.0000146376184609,1.8806902001237809
B0007,B0007,2,2,0.0203298541115804,0.020596580279555392,1.8806626717011388,1.0,1.8806626717011388,32.383898491182386,train,self_only_baseline,baseline,1.0000146376184609,1.8806902001237809
B0007,B0007,3,3,0.0270990552982708,0.027454592880379318,1.8807709009833444,1.000057548482157,1.8806626717011388,32.27316014909398,train,self_only_baseline,baseline,1.0000146376184609,1.8806902001237809
B0007,B0007,4,4,0.0338625451944767,0.03430681925901403,1.8794508728285055,0.9993556532541069,1.8806626717011388,32.18350092144967,train,self_only_baseline,baseline,0.999859704039472,1.8803988223251833
B0007,B0007,5,5,0.0406089171360317,0.04114170309671097,1.8807003517117404,1.0000200354966198,1.8806626717011388,32.177798836857754,train,self_only_baseline,baseline,0.999859704039472,1.8803988223251833
B0007,B0007,6,6,0.047353163803319304,0.04797443377670081,1.8799352523566075,0.9996132111539847,1.8806626717011388,32.24520798906972,train,self_only_baseline,baseline,0.999859704039472,1.8803988223251833
B0007,B0007,7,7,0.0541018342572135,0.054811646283047216,1.88150881240388,1.0004499162531768,1.8806626717011388,32.23822028591172,train,self_only_baseline,baseline,0.999859704039472,1.8803988223251833
B0007,B0007,8,8,0.0608444643193756,0.06164273914817302,1.8696907870385844,0.9941659475526093,1.8806626717011388,32.18495717325262,train,self_only_baseline,baseline,0.9942926839935543,1.8699291355322138
B0007,B0007,9,9,0.0675848234543631,0.06847153129172925,1.870052380139199,0.9943582165363328,1.8806626717011388,32.11311897669176,train,self_only_baseline,baseline,0.9942926839935543,1.8699291355322138
B0007,B0007,10,10,0.07432050678640291,0.07529558628615224,1.8700442394188577,0.9943538878917205,1.8806626717011388,32.02149197779285,train,self_only_baseline,baseline,0.9942926839935543,1.8699291355322138
B0007,B0007,11,11,0.0810272955446865,0.08209036761216881,1.8596518987766364,0.9888279949186756,1.8806626717011388,32.25632900322152,train,self_only_baseline,baseline,0.9911317390987502,1.8639844644612515
B0007,B0007,12,12,0.0877348123911171,0.08888588657879451,1.8590746560862208,0.9885210591246592,1.8806626717011388,32.2088232522219,train,self_only_baseline,baseline,0.9911317390987502,1.8639844644612515
B0007,B0007,13,13,0.0944337196992374,0.09567268305061012,1.8590084577709232,0.9884858596621007,1.8806626717011388,32.06222749979977,train,self_only_baseline,baseline,0.9911317390987502,1.8639844644612515
B0007,B0007,14,14,0.10111002554808621,0.10243658153369618,1.8593622586957048,0.9886739853319007,1.8806626717011388,31.933954214210992,train,self_only_baseline,baseline,0.9911317390987502,1.8639844644612515
B0007,B0007,15,15,0.107779114776125,0.10919316871444606,1.8587355450601035,0.9883407444774766,1.8806626717011388,31.839330052030135,train,self_only_baseline,baseline,0.9911317390987502,1.8639844644612515
B0007,B0007,16,16,0.1144418500428556,0.1159433185703898,1.847817291322145,0.9825352090658109,1.8806626717011388,31.854304304240507,train,self_only_baseline,baseline,0.9911317390987502,1.8639844644612515
B0007,B0007,17,17,0.1210806522574078,0.12266922137429756,1.8485252916137047,0.9829116722679647,1.8806626717011388,31.85655540457675,train,self_only_baseline,baseline,0.9911317390987502,1.8639844644612515
B0007,B0007,18,18,0.1277138197362293,0.1293894155151626,1.848378951850034,0.982833859396006,1.8806626717011388,31.867182607083926,train,self_only_baseline,baseline,0.9911317390987502,1.8639844644612515
B0007,B0007,19,19,0.1344966829519803,0.13626126938984828,1.8807805437609768,1.000062675811889,1.8806626717011388,32.1334860227689,train,self_only_baseline,baseline,0.9911317390987502,1.8639844644612515
B0007,B0007,20,20,0.1412840288772002,0.1431376647868164,1.88147215974436,1.000430427027346,1.8806626717011388,32.446532980553975,train,self_only_baseline,baseline,0.9911317390987502,1.8639844644612515
B0007,B0007,21,21,0.1480418890548561,0.1499841875854141,1.8810954313244783,1.0002301101786362,1.8806626717011388,32.051008433459806,train,self_only_baseline,baseline,0.9911317390987502,1.8639844644612515
B0007,B0007,22,22,0.1547905406988955,0.1568213810351218,1.8710089649779995,0.9948668589702974,1.8806626717011388,31.724706032697572,train,self_only_baseline,baseline,0.9911317390987502,1.8639844644612515
B0007,B0007,23,23,0.1615288348358825,0.16364808108805795,1.8701995151941373,0.9944364522865033,1.8806626717011388,31.613784878904134,train,self_only_baseline,baseline,0.9911317390987502,1.8639844644612515
B0007,B0007,24,24,0.16824310231611872,0.17045043925630074,1.8706715362800983,0.994687438863237,1.8806626717011388,31.51707667966367,train,self_only_baseline,baseline,0.9911317390987502,1.8639844644612515
B0007,B0007,25,25,0.17494689133868252,0.17724218149028886,1.8596124644020169,0.9888070265785193,1.8806626717011388,31.442860781038384,train,self_only_baseline,baseline,0.9891985914310538,1.8603488658037288
B0007,B0007,26,26,0.18162435108428243,0.18400724900916524,1.860033909718346,0.9890311206293401,1.8806626717011388,31.32326275303232,train,self_only_baseline,baseline,0.9891985914310538,1.8603488658037288
B0007,B0007,27,27,0.18829193908829922,0.19076231526994603,1.8591653109160768,0.9885692627877722,1.8806626717011388,31.285715705797358,train,self_only_baseline,baseline,0.9891985914310538,1.8603488658037288
B0007,B0007,28,28,0.1949532918998068,0.19751106453295747,1.8481398178778288,0.982706705294527,1.8806626717011388,31.331850868998007,train,self_only_baseline,baseline,0.9891985914310538,1.8603488658037288
B0007,B0007,29,29,0.2015877431015906,0.2042325592391342,1.849201702126164,0.9832713383168726,1.8806626717011388,31.322857339322585,train,self_only_baseline,baseline,0.9891985914310538,1.8603488658037288
B0007,B0007,30,30,0.2083684200983972,0.21110219821184617,1.8834677437950849,1.0014915338811978,1.8806626717011388,31.569076238799028,train,self_only_baseline,baseline,0.9891985914310538,1.8603488658037288
B0007,B0007,31,31,0.21507742371715752,0.21789922345714352,1.8628211117905844,0.9905131525291476,1.8806626717011388,31.78210150116521,train,self_only_baseline,baseline,0.9891985914310538,1.8603488658037288
B0007,B0007,32,32,0.22174716098346262,0.22465646717837337,1.852085039652352,0.9848044880781639,1.8806626717011388,31.51504198920288,train,self_only_baseline,baseline,0.9848044880781639,1.852085039652352
B0007,B0007,33,33,0.22838969612938392,0.2313861518894311,1.8469504648208708,0.9820742936053631,1.8806626717011388,31.13866351339678,train,self_only_baseline,baseline,0.9820742936053631,1.8469504648208708
B0007,B0007,34,34,0.23499853285558833,0.23808169606002139,1.836828431169018,0.9766921302838053,1.8806626717011388,31.068710515588776,train,self_only_baseline,baseline,0.9767808040271694,1.8369951965681228
B0007,B0007,35,35,0.24160835064757344,0.24477823416790215,1.8371619619672277,0.9768694777705335,1.8806626717011388,31.618244836823447,train,self_only_baseline,baseline,0.9767808040271694,1.8369951965681228
B0007,B0007,36,36,0.24819237140287903,0.2514486367839084,1.8316722583718852,0.9739504515794214,1.8806626717011388,31.331528063668397,train,self_only_baseline,baseline,0.9739504515794214,1.8316722583718852
B0007,B0007,37,37,0.2547432857502545,0.25808549863838437,1.8211470951317783,0.9683539331827509,1.8806626717011388,31.132569191182146,train,self_only_baseline,baseline,0.9683539331827509,1.8211470951317783
B0007,B0007,38,38,0.261272249720768,0.2647001221286929,1.816506091511515,0.965886184080215,1.8806626717011388,30.972969676157927,train,self_only_baseline,baseline,0.965886184080215,1.816506091511515
B0007,B0007,39,39,0.26778569338076214,0.271299021683167,1.8113815601504557,0.9631613299965084,1.8806626717011388,31.1990648511682,train,self_only_baseline,baseline,0.9632209029456806,1.811493596772207
B0007,B0007,40,40,0.2742994420532429,0.2778982302518687,1.8116056333939583,0.9632804758948528,1.8806626717011388,31.722267598269813,train,self_only_baseline,baseline,0.9632209029456806,1.811493596772207
B0007,B0007,41,41,0.2807943613048851,0.2844783623591364,1.8060548955557405,0.9603289961203343,1.8806626717011388,31.900827580605675,train,self_only_baseline,baseline,0.962229732294674,1.8096295391275732
B0007,B0007,42,42,0.2872909511659225,0.2910601869940698,1.8132041826994056,0.9641304684690136,1.8806626717011388,31.537240249861696,train,self_only_baseline,baseline,0.962229732294674,1.8096295391275732
B0007,B0007,43,43,0.2937810439745224,0.2976354293357229,1.8062641938283532,0.9604402857608223,1.8806626717011388,31.24662583059252,train,self_only_baseline,baseline,0.9604402857608223,1.8062641938283532
B0007,B0007,44,44,0.30022675843095453,0.3041657110845413,1.7958310249900458,0.9548926833144621,1.8806626717011388,30.939399361884792,train,self_only_baseline,baseline,0.9564948152880239,1.7988440947878623
B0007,B0007,45,45,0.30664018143595784,0.31066327772049934,1.7858852600390451,0.9496042469028412,1.8806626717011388,30.884857004354572,train,self_only_baseline,baseline,0.9564948152880239,1.7988440947878623
B0007,B0007,46,46,0.31302964146921813,0.31713656699231424,1.780326860450275,0.9466486931651035,1.8806626717011388,30.92068231669583,train,self_only_baseline,baseline,0.9564948152880239,1.7988440947878623
B0007,B0007,47,47,0.3195679363639231,0.323760643827843,1.8150756899575575,0.9651256002841514,1.8806626717011388,33.880577817079796,train,self_only_baseline,baseline,0.9564948152880239,1.7988440947878623
B0007,B0007,48,48,0.3261114488711309,0.330390006730561,1.815702515484584,0.9654589006343197,1.8806626717011388,33.038339318294426,train,self_only_baseline,baseline,0.9564948152880239,1.7988440947878623
B0007,B0007,49,49,0.3325919552411926,0.33695553686031804,1.800243217805667,0.957238767427266,1.8806626717011388,32.27329169539201,train,self_only_baseline,baseline,0.9564948152880239,1.7988440947878623
B0007,B0007,50,50,0.3390309597661647,0.3434790206438767,1.7904476205609308,0.9520301793098256,1.8806626717011388,31.937919783481355,train,self_only_baseline,baseline,0.9520301793098256,1.7904476205609308
B0007,B0007,51,51,0.3454299431761429,0.349961958238401,1.780343032300132,0.9466572921818757,1.8806626717011388,31.666536557848985,train,self_only_baseline,baseline,0.9466572921818757,1.780343032300132
B0007,B0007,52,52,0.351806649018713,0.3564223259854962,1.775328769596812,0.9439910709723144,1.8806626717011388,31.75629643677935,train,self_only_baseline,baseline,0.9439910709723144,1.775328769596812
B0007,B0007,53,53,0.358165547068529,0.362864652302926,1.770262973473285,0.941297448027725,1.8806626717011388,32.088325013914364,train,self_only_baseline,baseline,0.941297448027725,1.770262973473285
B0007,B0007,54,54,0.364486916005149,0.3692689571279969,1.760081061854204,0.9358834459462825,1.8806626717011388,31.82251993749757,train,self_only_baseline,baseline,0.9358834459462825,1.760081061854204
B0007,B0007,55,55,0.3707805906578124,0.3756452043221735,1.749647593537689,0.9303356842591334,1.8806626717011388,31.74791532159688,train,self_only_baseline,baseline,0.9303363440057375,1.7496488342985
B0007,B0007,56,56,0.3770545028272185,0.3820014297507881,1.749650075059311,0.9303370037523415,1.8806626717011388,31.653283034756647,train,self_only_baseline,baseline,0.9303363440057375,1.7496488342985
B0007,B0007,57,57,0.3833113674155636,0.3883403839353511,1.745028739214683,0.9278797125463393,1.8806626717011388,31.86324654660876,train,self_only_baseline,baseline,0.9278797125463393,1.745028739214683
B0007,B0007,58,58,0.38955160131286437,0.394662489235445,1.739645745528673,0.9250174269450937,1.8806626717011388,32.20709620204254,train,self_only_baseline,baseline,0.9250174269450937,1.739645745528673
B0007,B0007,59,59,0.3957641339990319,0.4009565298865839,1.7285642277717963,0.9191250795700842,1.8806626717011388,32.01265163907753,train,self_only_baseline,baseline,0.9191250795700842,1.7285642277717963
B0007,B0007,60,60,0.4019444746749596,0.4072179561707124,1.723900324588418,0.9166451541408419,1.8806626717011388,31.906559827179365,train,self_only_baseline,baseline,0.9166451541408419,1.723900324588418
B0007,B0007,61,61,0.4080987639884179,0.413452989300441,1.7139788776485192,0.9113696482836834,1.8806626717011388,31.717489207935248,train,self_only_baseline,baseline,0.9113696482836834,1.7139788776485192
B0007,B0007,62,62,0.4142393486965766,0.4196741380214718,1.7139701997004613,0.9113650339803379,1.8806626717011388,32.019992007344264,train,self_only_baseline,baseline,0.9113650339803379,1.7139701997004613
B0007,B0007,63,63,0.420355188260944,0.4258702169442724,1.7036521173638766,0.9058786261881039,1.8806626717011388,31.962811077449473,train,self_only_baseline,baseline,0.9059747705099468,1.7038329324010626
B0007,B0007,64,64,0.4264581118350981,0.4320532104200325,1.7040137474382486,0.9060709148317897,1.8806626717011388,32.17475335929765,train,self_only_baseline,baseline,0.9059747705099468,1.7038329324010626
B0007,B0007,65,65,0.43252275603305246,0.43819742229703534,1.6935716157343033,0.9005185465835807,1.8806626717011388,32.02907660487451,train,self_only_baseline,baseline,0.9005185465835807,1.6935716157343033
B0007,B0007,66,66,0.43856232368746895,0.4443162286281214,1.6876577363877656,0.8973739744944307,1.8806626717011388,31.91266258072544,train,self_only_baseline,baseline,0.8973739744944307,1.6876577363877656
B0007,B0007,67,67,0.44458436627706743,0.45041727996684766,1.6830744356583152,0.894936907603905,1.8806626717011388,31.924466226342133,train,self_only_baseline,baseline,0.894936907603905,1.6830744356583152
B0007,B0007,68,68,0.4505872165680425,0.45649888720542564,1.6779270142025482,0.8921998822281044,1.8806626717011388,31.99308942554409,train,self_only_baseline,baseline,0.8921998822281044,1.6779270142025482
B0007,B0007,69,69,0.45657141506773874,0.4625615979426158,1.6732060275966172,0.8896896039751412,1.8806626717011388,32.02146298729415,train,self_only_baseline,baseline,0.8896896039751412,1.6732060275966172
B0007,B0007,70,70,0.4625326133183764,0.46860100666919713,1.6674367208253988,0.886621905095363,1.8806626717011388,31.998698970590773,train,self_only_baseline,baseline,0.886621905095363,1.6674367208253988
B0007,B0007,71,71,0.4684738778754167,0.4746202201736095,1.6622662630667526,0.8838726306845675,1.8806626717011388,31.981838574416024,train,self_only_baseline,baseline,0.8838726306845675,1.6622662630667526
B0007,B0007,72,72,0.47439483712433694,0.48061886196577536,1.6574243065763063,0.8812980294212445,1.8806626717011388,31.995317071485786,train,self_only_baseline,baseline,0.8812980294212445,1.6574243065763063
B0007,B0007,73,73,0.48029581644032515,0.48659726168978096,1.652538684928734,0.8787002101944965,1.8806626717011388,31.987552515727433,train,self_only_baseline,baseline,0.8787002101944965,1.652538684928734
B0007,B0007,74,74,0.48617686657963033,0.49255547076779355,1.6472174627573322,0.8758707702042889,1.8806626717011388,31.942511984710038,train,self_only_baseline,baseline,0.8758707702042889,1.6472174627573322
B0007,B0007,75,75,0.4920343601429164,0.4984898142092685,1.6364136810898071,0.8701261027367561,1.8806626717011388,31.906280371231965,train,self_only_baseline,baseline,0.8709320683345996,1.6379294305043468
B0007,B0007,76,76,0.4978887975703234,0.5044210614185899,1.6362554312048496,0.8700419569261656,1.8806626717011388,31.769690611667084,train,self_only_baseline,baseline,0.8709320683345996,1.6379294305043468
B0007,B0007,77,77,0.5037662004509152,0.5103755753861272,1.641119179218384,0.8726281453408773,1.8806626717011388,32.269234834275885,train,self_only_baseline,baseline,0.8709320683345996,1.6379294305043468
B0007,B0007,78,78,0.5095842249877826,0.5162699319705039,1.6315700789656966,0.867550626444812,1.8806626717011388,31.701186208088405,train,self_only_baseline,baseline,0.867550626444812,1.6315700789656966
B0007,B0007,79,79,0.5153771942707486,0.5221389045779188,1.621213282987236,0.8620436335458184,1.8806626717011388,31.526867347718444,train,self_only_baseline,baseline,0.8620436335458184,1.621213282987236
B0007,B0007,80,80,0.521154909030089,0.5279924225234972,1.6164273214762122,0.8594988063511068,1.8806626717011388,31.662503382549602,train,self_only_baseline,baseline,0.8594988063511068,1.6164273214762122
B0007,B0007,81,81,0.5269304257877652,0.5338437136297937,1.615823510161921,0.859177743289997,1.8806626717011388,32.12033996392636,train,self_only_baseline,baseline,0.8594171988153078,1.6162738452299055
B0007,B0007,82,82,0.5326942944495346,0.5396832038180348,1.61672418029789,0.8596566543406186,1.8806626717011388,32.35105024831795,train,self_only_baseline,baseline,0.8594171988153078,1.6162738452299055
B0007,B0007,83,83,0.5384353507284978,0.5454995823267106,1.6108655863730026,0.8565414790287227,1.8806626717011388,32.25296938230856,train,self_only_baseline,baseline,0.8578936425500482,1.6134085498335953
B0007,B0007,84,84,0.5441521030570095,0.5512913380189197,1.6006603374309376,0.8511150678516274,1.8806626717011388,31.987953502895795,train,self_only_baseline,baseline,0.8578936425500482,1.6134085498335953
B0007,B0007,85,85,0.5498437235526931,0.5570576321505305,1.5959174487005665,0.8485931436374987,1.8806626717011388,31.75482465089372,train,self_only_baseline,baseline,0.8578936425500482,1.6134085498335953
B0007,B0007,86,86,0.555526018320595,0.5628144782015075,1.5962179519462243,0.8487529294673445,1.8806626717011388,32.04392785058054,train,self_only_baseline,baseline,0.8578936425500482,1.6134085498335953
B0007,B0007,87,87,0.5612076783805505,0.5685706812172172,1.5958065114633972,0.8485341552613064,1.8806626717011388,32.366928177053225,train,self_only_baseline,baseline,0.8578936425500482,1.6134085498335953
B0007,B0007,88,88,0.5668829238525788,0.574320385486085,1.5906507821480704,0.84579271236838,1.8806626717011388,32.43772938796022,train,self_only_baseline,baseline,0.8578936425500482,1.6134085498335953
B0007,B0007,89,89,0.5729354655213156,0.5804523360495906,1.6888211161855506,0.8979925754882669,1.8806626717011388,32.33097597966491,train,self_only_baseline,baseline,0.8578936425500482,1.6134085498335953
B0007,B0007,90,90,0.5787559384767407,0.5863491731755937,1.6259938279733204,0.86458558062544,1.8806626717011388,32.69333705975184,train,self_only_baseline,baseline,0.8578936425500482,1.6134085498335953
B0007,B0007,91,91,0.5845333080713863,0.5922023414279423,1.6157433862812898,0.8591351392218476,1.8806626717011388,32.695252149274175,train,self_only_baseline,baseline,0.8578936425500482,1.6134085498335953
B0007,B0007,92,92,0.5902707731421039,0.5980150816119885,1.6056626764846538,0.8537749489291794,1.8806626717011388,32.49106117414983,train,self_only_baseline,baseline,0.8537749489291794,1.6056626764846538
B0007,B0007,93,93,0.595969645142828,0.6037887223878445,1.5949746921524348,0.8480918540855138,1.8806626717011388,32.299866128540074,train,self_only_baseline,baseline,0.8480918540855138,1.5949746921524348
B0007,B0007,94,94,0.6016481695509486,0.6095417486122012,1.5904102438871943,0.8456648115680422,1.8806626717011388,32.22041565375877,train,self_only_baseline,baseline,0.8456648115680422,1.5904102438871943
B0007,B0007,95,95,0.6073084017466276,0.6152762426316551,1.5853517062988178,0.8429750481859675,1.8806626717011388,32.27490334143234,train,self_only_baseline,baseline,0.8429750481859675,1.5853517062988178
B0007,B0007,96,96,0.6129487353236199,0.6209905769640309,1.5799737147242376,0.8401154223447657,1.8806626717011388,32.302694087200756,train,self_only_baseline,baseline,0.8401154223447657,1.5799737147242376
B0007,B0007,97,97,0.6185714001861948,0.6266870107697753,1.5752185465278068,0.8375869688012445,1.8806626717011388,32.326595712453006,train,self_only_baseline,baseline,0.8375869688012445,1.5752185465278068
B0007,B0007,98,98,0.6241730688194127,0.6323621728772013,1.569798484648868,0.8347049730236412,1.8806626717011388,32.32030927392286,train,self_only_baseline,baseline,0.8348267526902078,1.570027511121952
B0007,B0007,99,99,0.6297588609010533,0.6380212501338787,1.5702565375950357,0.8349485323567742,1.8806626717011388,32.35294813828874,train,self_only_baseline,baseline,0.8348267526902078,1.570027511121952
B0007,B0007,100,100,0.6353370997101836,0.6436726750196745,1.565249873909438,0.8322863517536633,1.8806626717011388,32.38706440854508,train,self_only_baseline,baseline,0.8327975897699464,1.5662113401630164
B0007,B0007,101,101,0.640897098250419,0.6493056203256095,1.559633933561147,0.8293002020135766,1.8806626717011388,32.369650456461514,train,self_only_baseline,baseline,0.8327975897699464,1.5662113401630164
B0007,B0007,102,102,0.6464749824042971,0.6549566859031027,1.5649820533392105,0.8321439442000612,1.8806626717011388,32.41032754606433,train,self_only_baseline,baseline,0.8327975897699464,1.5662113401630164
B0007,B0007,103,103,0.6520999789690342,0.6606554820027676,1.57497949984227,0.8374598611124846,1.8806626717011388,33.07956179982091,train,self_only_baseline,baseline,0.8327975897699464,1.5662113401630164
B0007,B0007,104,104,0.6576821220650126,0.6663108623993634,1.5652811168780458,0.8323029644982441,1.8806626717011388,32.95565253868652,train,self_only_baseline,baseline,0.8323029644982441,1.5652811168780458
B0007,B0007,105,105,0.6632295777853853,0.6719311003245756,1.559755497470126,0.8293648408830603,1.8806626717011388,32.78617666075475,train,self_only_baseline,baseline,0.8293648408830603,1.559755497470126
B0007,B0007,106,106,0.6687494099725386,0.6775233522978752,1.549897685670499,0.8241231715778944,1.8806626717011388,32.60766808692733,train,self_only_baseline,baseline,0.8241231715778944,1.549897685670499
B0007,B0007,107,107,0.6742527035064081,0.6830988486319947,1.543877153134502,0.8209218890583924,1.8806626717011388,32.5947819968591,train,self_only_baseline,baseline,0.8212512867822653,1.5444966391379333
B0007,B0007,108,108,0.6797584316146762,0.6886768114819471,1.5450187488690073,0.8215289068674249,1.8806626717011388,32.88621415929196,train,self_only_baseline,baseline,0.8212512867822653,1.5444966391379333
B0007,B0007,109,109,0.6852472661630179,0.6942376591297283,1.5445940154102908,0.821303064420979,1.8806626717011388,33.00480345410737,train,self_only_baseline,baseline,0.8212512867822653,1.5444966391379333
B0007,B0007,110,110,0.6907124903821381,0.6997745866825316,1.5343086721758876,0.8158340649086424,1.8806626717011388,32.762639292411876,train,self_only_baseline,baseline,0.8158340649086424,1.5343086721758876
B0007,B0007,111,111,0.6961561602045924,0.705289677046594,1.5287603942958483,0.8128838931614567,1.8806626717011388,32.6265024274454,test,self_only_baseline,baseline,0.8142341139177822,1.5312997040708256
B0007,B0007,112,112,0.7016007501193042,0.7108056995744557,1.5289260249179843,0.8129719635127368,1.8806626717011388,32.86437391659774,test,self_only_baseline,baseline,0.8126259879913366,1.5282753616695646
B0007,B0007,113,113,0.7070422562265477,0.7163185978355254,1.529091650133123,0.813060030988968,1.8806626717011388,33.13650778836407,test,self_only_baseline,baseline,0.8110084664599349,1.5252333493047845
B0007,B0007,114,114,0.7124645500468264,0.7218120317458598,1.5239059324661248,0.8103026424657472,1.8806626717011388,33.010652051496784,test,self_only_baseline,baseline,0.8093847650437563,1.5221797146613893
B0007,B0007,115,115,0.7178670290552273,0.7272853908754641,1.5186675419100617,0.8075172463206083,1.8806626717011388,32.80753006535765,test,self_only_baseline,baseline,0.8077538866368503,1.5191125825194378
B0007,B0007,116,116,0.7232490086553535,0.7327379816460877,1.5136482266426952,0.8048483385239611,1.8806626717011388,32.641268601406274,test,self_only_baseline,baseline,0.8061150816531285,1.5160305431603542
B0007,B0007,117,117,0.7286315012449207,0.7381910921365357,1.5136050185229033,0.8048253635798406,1.8806626717011388,32.89473482960106,test,self_only_baseline,baseline,0.804461059702179,1.5129198858190291
B0007,B0007,118,118,0.7340166280691961,0.7436468714226543,1.5139470614867965,0.8050072372188721,1.8806626717011388,33.243398948655575,test,self_only_baseline,baseline,0.8027902786344484,1.5097777102323633
B0007,B0007,119,119,0.7394737701540678,0.7491756108042111,1.5339599193158786,0.8156486234335406,1.8806626717011388,32.98684212940174,test,self_only_baseline,baseline,0.8010800541643274,1.506561354911177
B0007,B0007,120,120,0.7449454325146311,0.7547190609663925,1.5391372798653098,0.8184015682478002,1.8806626717011388,33.07237495199648,test,self_only_baseline,baseline,0.7993472187108006,1.5033024759575289
B0007,B0007,121,121,0.7503669995049457,0.7602117585108079,1.5236247972838737,0.8101531551672106,1.8806626717011388,32.801237747309585,test,self_only_baseline,baseline,0.7976116903345023,1.5000385325245464
B0007,B0007,122,122,0.7557510430646763,0.765666440320032,1.5135813035589147,0.8048127536820926,1.8806626717011388,32.48270190090249,test,self_only_baseline,baseline,0.7958692261953635,1.4967615452612901
B0007,B0007,123,123,0.7611124191017807,0.7710981572104254,1.5077850749847914,0.80173073974023,1.8806626717011388,32.39706532183529,test,self_only_baseline,baseline,0.7941147136123321,1.493461898939353
B0007,B0007,124,124,0.7664560736122508,0.7765119200690782,1.5031960676037333,0.799290638466296,1.8806626717011388,32.38951238720904,test,self_only_baseline,baseline,0.7923461670675527,1.4901358594694205
B0007,B0007,125,125,0.7717804886556895,0.7819061910403288,1.497822059699588,0.7964331308520867,1.8806626717011388,32.35844017220853,test,self_only_baseline,baseline,0.790563739883612,1.4867837151995578
B0007,B0007,126,126,0.7770858668761584,0.7872811754269137,1.492848534633516,0.7937885709632189,1.8806626717011388,32.32653709728302,test,self_only_baseline,baseline,0.7887670552726694,1.4834047575189382
B0007,B0007,127,127,0.7823691220708671,0.7926337465352922,1.492414389867026,0.7935577242659227,1.8806626717011388,32.21586424028177,test,self_only_baseline,baseline,0.7869568963738683,1.4800004592481155
B0007,B0007,128,128,0.787646163399631,0.7979800222522687,1.487482776538081,0.7909354499989039,1.8806626717011388,32.1793677745159,test,self_only_baseline,baseline,0.7851274996644785,1.476559981145033
B0007,B0007,129,129,0.7929072247490873,0.8033101083338022,1.482535148640411,0.7883046603458107,1.8806626717011388,32.19063547440454,test,self_only_baseline,baseline,0.7832819232573239,1.4730890744883252
B0007,B0007,130,130,0.7981522061705466,0.8086239035198842,1.4827874322228984,0.7884388064562661,1.8806626717011388,32.21420586219997,test,self_only_baseline,baseline,0.7814199559600955,1.4695873420964993
B0007,B0007,131,131,0.803389123651771,0.8139295289674373,1.476971179775059,0.7853461452707392,1.8806626717011388,32.166352823813924,test,self_only_baseline,baseline,0.7795384748944665,1.4660489108888584
B0007,B0007,132,132,0.8086509050182045,0.8192603445125171,1.4819015554137276,0.7879677614238417,1.8806626717011388,32.471070068123446,test,self_only_baseline,baseline,0.7776251218053056,1.4624505391562896
B0007,B0007,133,133,0.8139603390215269,0.8246394378935237,1.4981366198874824,0.7966003911442314,1.8806626717011388,32.706710734163245,test,self_only_baseline,baseline,0.7756707160055731,1.4587749611233765
B0007,B0007,134,134,0.8192246451372781,0.8299728113124437,1.4820775214392872,0.7880613273930117,1.8806626717011388,32.52996523954131,test,self_only_baseline,baseline,0.7737089880181884,1.4550856125254705
B0007,B0007,135,135,0.8244621274187334,0.8352790089703647,1.4771155312812152,0.7854229009315646,1.8806626717011388,32.342667854606155,test,self_only_baseline,baseline,0.7717332155660409,1.4513698510269413
B0007,B0007,136,136,0.8296774700982759,0.8405627765564488,1.4720772783056488,0.7827439234352925,1.8806626717011388,32.10932663078957,test,self_only_baseline,baseline,0.7697415916983485,1.4476242783629032
B0007,B0007,137,137,0.8348834674406994,0.8458370761952888,1.472248013656454,0.7828347081110211,1.8806626717011388,32.420792037942235,test,self_only_baseline,baseline,0.767729084237243,1.443839430704282
B0007,B0007,138,138,0.8400878833177724,0.8511097736200709,1.4670106672274663,0.7800498671569278,1.8806626717011388,32.641629225234944,test,self_only_baseline,baseline,0.7656924121650509,1.4400091375636141
B0007,B0007,139,139,0.8452711955388637,0.8563610905104806,1.461767249533538,0.7772617979445021,1.8806626717011388,32.41939085895412,test,self_only_baseline,baseline,0.7636390300582672,1.436147418484647
B0007,B0007,140,140,0.8504308831105701,0.8615884727978695,1.4566952670489708,0.7745648855418226,1.8806626717011388,32.133611635202044,test,self_only_baseline,baseline,0.7615699225934632,1.432256125311852
B0007,B0007,141,141,0.8555706891621103,0.8667957127210322,1.451354972758956,0.7717253043822815,1.8806626717011388,31.991267905355837,test,self_only_baseline,baseline,0.7594835788079292,1.4283324164340625
B0007,B0007,142,142,0.8607135399968031,0.8720060373746749,1.451615926257375,0.7718640605251802,1.8806626717011388,32.279680132216704,test,self_only_baseline,baseline,0.7573704964916228,1.4243584213995533
B0007,B0007,143,143,0.8658410279394388,0.8772007975762639,1.4468161332173683,0.7693118787265885,1.8806626717011388,32.3264917262312,test,self_only_baseline,baseline,0.7552380178876237,1.4203479484908108
B0007,B0007,144,144,0.8709583437452144,0.8823852521833168,1.4467570607768785,0.7692804682873966,1.8806626717011388,32.112812580469615,test,self_only_baseline,baseline,0.7530838701807256,1.416296723309117
B0007,B0007,145,145,0.8760524556522385,0.887546198458199,1.4413797481446793,0.7664212034585077,1.8806626717011388,31.87606103874967,test,self_only_baseline,baseline,0.7509134941463024,1.4122149781176225
B0007,B0007,146,146,0.8811311592946762,0.892691534313214,1.4362456252208178,0.7636912492774013,1.8806626717011388,31.79794290293442,test,self_only_baseline,baseline,0.7487235728620031,1.408096474904277
B0007,B0007,147,147,0.8862121043138673,0.897839140951678,1.4368154153924828,0.7639942223624945,1.8806626717011388,32.11425775812325,test,self_only_baseline,baseline,0.746506311826172,1.403926554840772
B0007,B0007,148,148,0.891289041482796,0.9029826871571834,1.4362945145860049,0.7637172450957491,1.8806626717011388,32.13496326463143,test,self_only_baseline,baseline,0.7442641708621951,1.3997098440251288
B0007,B0007,149,149,0.8963800970730339,0.9081405370166316,1.4418575315878015,0.7666752540388226,1.8806626717011388,31.790587942538302,test,self_only_baseline,baseline,0.7419887866792507,1.395430613928486
B0007,B0007,150,150,0.9015680154294082,0.9133965204744753,1.4672063484781797,0.7801539162528438,1.8806626717011388,32.21342390731637,test,self_only_baseline,baseline,0.7396420034004558,1.391017106217484
B0007,B0007,151,151,0.9067089666300185,0.9186049205709782,1.4518640367848883,0.7719959877076817,1.8806626717011388,32.22400342501296,test,self_only_baseline,baseline,0.7372881962358945,1.3865903889467108
B0007,B0007,152,152,0.9118168229318644,0.923779791566116,1.44713797527485,0.7694830109888089,1.8806626717011388,32.050248913194764,test,self_only_baseline,baseline,0.7349213972934215,1.3821392385241802
B0007,B0007,153,153,0.9169027744371754,0.928932470375424,1.441790586562399,0.7666396575299911,1.8806626717011388,31.97159294459724,test,self_only_baseline,baseline,0.7325366082190224,1.3776542547320771
B0007,B0007,154,154,0.9219685593445461,0.9340647180025327,1.431630947911111,0.761237498597311,1.8806626717011388,31.914652817971838,test,self_only_baseline,baseline,0.7301331022580609,1.3731340707900856
B0007,B0007,155,155,0.9270266424636948,0.9391891627945327,1.4318084249673686,0.7613318680230078,1.8806626717011388,31.919889411054154,test,self_only_baseline,baseline,0.7277049422900201,1.3685675209772723
B0007,B0007,156,156,0.9320697704701951,0.9442984562639232,1.4262562585106868,0.7583796286128112,1.8806626717011388,31.9155630000974,test,self_only_baseline,baseline,0.7252555498161163,1.3639610399832556
B0007,B0007,157,157,0.9370935035470704,0.9493881003436601,1.4260877528924911,0.7582900295471566,1.8806626717011388,31.861609898405113,test,self_only_baseline,baseline,0.7227871256660913,1.359318766826378
B0007,B0007,158,158,0.9421120693379053,0.9544725093429495,1.4212633510031694,0.7557247625474358,1.8806626717011388,31.883218167596084,test,self_only_baseline,baseline,0.7202926462316032,1.35462749246861
B0007,B0007,159,159,0.947118213386072,0.9595443336272345,1.4163272748795108,0.7531001152898851,1.8806626717011388,31.92582811786564,test,self_only_baseline,baseline,0.7177756302881203,1.3498938345396252
B0007,B0007,160,160,0.9521178581361519,0.964609573343127,1.4165781829175994,0.7532335299856006,1.8806626717011388,31.985311142340915,test,self_only_baseline,baseline,0.7152330289947442,1.3451120591981536
B0007,B0007,161,161,0.957102443048094,0.9696595556369298,1.4108401729425175,0.7501824724719788,1.8806626717011388,32.01550193603968,test,self_only_baseline,baseline,0.7126691524889145,1.3402902723587882
B0007,B0007,162,162,0.9620805188350012,0.9747029434064634,1.4109949628347804,0.7502647785094155,1.8806626717011388,31.9591538800485,test,self_only_baseline,baseline,0.7100795638445567,1.3354201296602835
B0007,B0007,163,163,0.9670454365558468,0.979733000477091,1.40617142903988,0.747699973099343,1.8806626717011388,31.950282082584657,test,self_only_baseline,baseline,0.7074676710998186,1.3305080404727674
B0007,B0007,164,164,0.9720058055716266,0.984758449163982,1.4063358479692922,0.7477873991603194,1.8806626717011388,32.03146836897805,test,self_only_baseline,baseline,0.704828881148735,1.3255453667133044
B0007,B0007,165,165,0.9769500273390578,0.9897675387518318,1.4004552399066514,0.7446605183267027,1.8806626717011388,32.04487078197156,test,self_only_baseline,baseline,0.7021693309924204,1.3205436500108065
B0007,B0007,166,166,0.981972871083752,0.9948562818314157,1.4217865046055154,0.7560029376876234,1.8806626717011388,32.36577736519632,test,self_only_baseline,baseline,0.6994372643256599,1.315405554214031
B0007,B0007,167,167,0.9870499779888339,1.0,1.4324552720625434,0.7616758143909068,1.8806626717011388,32.51333699174179,test,self_only_baseline,baseline,0.6966444984908474,1.3101533037576971
B0007,B0007,0,0,0.0067877999488538,0.0068768553773581945,1.89105229539079,1.005524448294735,1.8806626717011388,32.28484691034007,train,fleet_updated_deterministic_final,final_model,1.005524448294735,1.8910522953907898
B0007,B0007,1,1,0.013558315000749,0.013736199081200303,1.880637027686859,0.9999863643732256,1.8806626717011388,32.4165431995307,train,fleet_updated_deterministic_final,final_model,0.9999863643732256,1.880637027686859
B0007,B0007,2,2,0.0203298541115804,0.020596580279555392,1.8806626717011388,1.0,1.8806626717011388,32.383898491182386,train,fleet_updated_deterministic_final,final_model,0.9999863643732256,1.880637027686859
B0007,B0007,3,3,0.0270990552982708,0.027454592880379318,1.8807709009833444,1.000057548482157,1.8806626717011388,32.27316014909398,train,fleet_updated_deterministic_final,final_model,0.9999863643732256,1.880637027686859
B0007,B0007,4,4,0.0338625451944767,0.03430681925901403,1.8794508728285055,0.9993556532541069,1.8806626717011388,32.18350092144967,train,fleet_updated_deterministic_final,final_model,0.9993556532541069,1.8794508728285055
B0007,B0007,5,5,0.0406089171360317,0.04114170309671097,1.8807003517117404,1.0000200354966198,1.8806626717011388,32.177798836857754,train,fleet_updated_deterministic_final,final_model,0.9993556532541069,1.8794508728285055
B0007,B0007,6,6,0.047353163803319304,0.04797443377670081,1.8799352523566075,0.9996132111539847,1.8806626717011388,32.24520798906972,train,fleet_updated_deterministic_final,final_model,0.9993556532541069,1.8794508728285055
B0007,B0007,7,7,0.0541018342572135,0.054811646283047216,1.88150881240388,1.0004499162531768,1.8806626717011388,32.23822028591172,train,fleet_updated_deterministic_final,final_model,0.9993556532541069,1.8794508728285055
B0007,B0007,8,8,0.0608444643193756,0.06164273914817302,1.8696907870385844,0.9941659475526093,1.8806626717011388,32.18495717325262,train,fleet_updated_deterministic_final,final_model,0.9941659475526093,1.8696907870385844
B0007,B0007,9,9,0.0675848234543631,0.06847153129172925,1.870052380139199,0.9943582165363328,1.8806626717011388,32.11311897669176,train,fleet_updated_deterministic_final,final_model,0.9941659475526093,1.8696907870385844
B0007,B0007,10,10,0.07432050678640291,0.07529558628615224,1.8700442394188577,0.9943538878917205,1.8806626717011388,32.02149197779285,train,fleet_updated_deterministic_final,final_model,0.9941659475526093,1.8696907870385844
B0007,B0007,11,11,0.0810272955446865,0.08209036761216881,1.8596518987766364,0.9888279949186756,1.8806626717011388,32.25632900322152,train,fleet_updated_deterministic_final,final_model,0.9888279949186756,1.8596518987766364
B0007,B0007,12,12,0.0877348123911171,0.08888588657879451,1.8590746560862208,0.9885210591246592,1.8806626717011388,32.2088232522219,train,fleet_updated_deterministic_final,final_model,0.9885210591246592,1.8590746560862208
B0007,B0007,13,13,0.0944337196992374,0.09567268305061012,1.8590084577709232,0.9884858596621007,1.8806626717011388,32.06222749979977,train,fleet_updated_deterministic_final,final_model,0.9884858596621007,1.8590084577709232
B0007,B0007,14,14,0.10111002554808621,0.10243658153369618,1.8593622586957048,0.9886739853319007,1.8806626717011388,31.933954214210992,train,fleet_updated_deterministic_final,final_model,0.9884858596621007,1.8590084577709232
B0007,B0007,15,15,0.107779114776125,0.10919316871444606,1.8587355450601035,0.9883407444774766,1.8806626717011388,31.839330052030135,train,fleet_updated_deterministic_final,final_model,0.9883407444774766,1.8587355450601035
B0007,B0007,16,16,0.1144418500428556,0.1159433185703898,1.847817291322145,0.9825352090658109,1.8806626717011388,31.854304304240507,train,fleet_updated_deterministic_final,final_model,0.9825352090658109,1.847817291322145
B0007,B0007,17,17,0.1210806522574078,0.12266922137429756,1.8485252916137047,0.9829116722679647,1.8806626717011388,31.85655540457675,train,fleet_updated_deterministic_final,final_model,0.9825352090658109,1.847817291322145
B0007,B0007,18,18,0.1277138197362293,0.1293894155151626,1.848378951850034,0.982833859396006,1.8806626717011388,31.867182607083926,train,fleet_updated_deterministic_final,final_model,0.9825352090658109,1.847817291322145
B0007,B0007,19,19,0.1344966829519803,0.13626126938984828,1.8807805437609768,1.000062675811889,1.8806626717011388,32.1334860227689,train,fleet_updated_deterministic_final,final_model,0.9825352090658109,1.847817291322145
B0007,B0007,20,20,0.1412840288772002,0.1431376647868164,1.88147215974436,1.000430427027346,1.8806626717011388,32.446532980553975,train,fleet_updated_deterministic_final,final_model,0.9825352090658109,1.847817291322145
B0007,B0007,21,21,0.1480418890548561,0.1499841875854141,1.8810954313244783,1.0002301101786362,1.8806626717011388,32.051008433459806,train,fleet_updated_deterministic_final,final_model,0.9825352090658109,1.847817291322145
B0007,B0007,22,22,0.1547905406988955,0.1568213810351218,1.8710089649779995,0.9948668589702974,1.8806626717011388,31.724706032697572,train,fleet_updated_deterministic_final,final_model,0.9825352090658109,1.847817291322145
B0007,B0007,23,23,0.1615288348358825,0.16364808108805795,1.8701995151941373,0.9944364522865033,1.8806626717011388,31.613784878904134,train,fleet_updated_deterministic_final,final_model,0.9825352090658109,1.847817291322145
B0007,B0007,24,24,0.16824310231611872,0.17045043925630074,1.8706715362800983,0.994687438863237,1.8806626717011388,31.51707667966367,train,fleet_updated_deterministic_final,final_model,0.9825352090658109,1.847817291322145
B0007,B0007,25,25,0.17494689133868252,0.17724218149028886,1.8596124644020169,0.9888070265785193,1.8806626717011388,31.442860781038384,train,fleet_updated_deterministic_final,final_model,0.9825352090658109,1.847817291322145
B0007,B0007,26,26,0.18162435108428243,0.18400724900916524,1.860033909718346,0.9890311206293401,1.8806626717011388,31.32326275303232,train,fleet_updated_deterministic_final,final_model,0.9825352090658109,1.847817291322145
B0007,B0007,27,27,0.18829193908829922,0.19076231526994603,1.8591653109160768,0.9885692627877722,1.8806626717011388,31.285715705797358,train,fleet_updated_deterministic_final,final_model,0.9825352090658109,1.847817291322145
B0007,B0007,28,28,0.1949532918998068,0.19751106453295747,1.8481398178778288,0.982706705294527,1.8806626717011388,31.331850868998007,train,fleet_updated_deterministic_final,final_model,0.9825352090658109,1.847817291322145
B0007,B0007,29,29,0.2015877431015906,0.2042325592391342,1.849201702126164,0.9832713383168726,1.8806626717011388,31.322857339322585,train,fleet_updated_deterministic_final,final_model,0.9825352090658109,1.847817291322145
B0007,B0007,30,30,0.2083684200983972,0.21110219821184617,1.8834677437950849,1.0014915338811978,1.8806626717011388,31.569076238799028,train,fleet_updated_deterministic_final,final_model,0.9825352090658109,1.847817291322145
B0007,B0007,31,31,0.21507742371715752,0.21789922345714352,1.8628211117905844,0.9905131525291476,1.8806626717011388,31.78210150116521,train,fleet_updated_deterministic_final,final_model,0.9825352090658109,1.847817291322145
B0007,B0007,32,32,0.22174716098346262,0.22465646717837337,1.852085039652352,0.9848044880781639,1.8806626717011388,31.51504198920288,train,fleet_updated_deterministic_final,final_model,0.9825352090658109,1.847817291322145
B0007,B0007,33,33,0.22838969612938392,0.2313861518894311,1.8469504648208708,0.9820742936053631,1.8806626717011388,31.13866351339678,train,fleet_updated_deterministic_final,final_model,0.9820742936053631,1.8469504648208708
B0007,B0007,34,34,0.23499853285558833,0.23808169606002139,1.836828431169018,0.9766921302838053,1.8806626717011388,31.068710515588776,train,fleet_updated_deterministic_final,final_model,0.9766921302838053,1.836828431169018
B0007,B0007,35,35,0.24160835064757344,0.24477823416790215,1.8371619619672277,0.9768694777705335,1.8806626717011388,31.618244836823447,train,fleet_updated_deterministic_final,final_model,0.9766921302838053,1.836828431169018
B0007,B0007,36,36,0.24819237140287903,0.2514486367839084,1.8316722583718852,0.9739504515794214,1.8806626717011388,31.331528063668397,train,fleet_updated_deterministic_final,final_model,0.9739504515794214,1.8316722583718852
B0007,B0007,37,37,0.2547432857502545,0.25808549863838437,1.8211470951317783,0.9683539331827509,1.8806626717011388,31.132569191182146,train,fleet_updated_deterministic_final,final_model,0.9683539331827509,1.8211470951317783
B0007,B0007,38,38,0.261272249720768,0.2647001221286929,1.816506091511515,0.965886184080215,1.8806626717011388,30.972969676157927,train,fleet_updated_deterministic_final,final_model,0.965886184080215,1.816506091511515
B0007,B0007,39,39,0.26778569338076214,0.271299021683167,1.8113815601504557,0.9631613299965084,1.8806626717011388,31.1990648511682,train,fleet_updated_deterministic_final,final_model,0.9631613299965084,1.8113815601504557
B0007,B0007,40,40,0.2742994420532429,0.2778982302518687,1.8116056333939583,0.9632804758948528,1.8806626717011388,31.722267598269813,train,fleet_updated_deterministic_final,final_model,0.9631613299965084,1.8113815601504557
B0007,B0007,41,41,0.2807943613048851,0.2844783623591364,1.8060548955557405,0.9603289961203343,1.8806626717011388,31.900827580605675,train,fleet_updated_deterministic_final,final_model,0.9603289961203343,1.8060548955557405
B0007,B0007,42,42,0.2872909511659225,0.2910601869940698,1.8132041826994056,0.9641304684690136,1.8806626717011388,31.537240249861696,train,fleet_updated_deterministic_final,final_model,0.9603289961203343,1.8060548955557405
B0007,B0007,43,43,0.2937810439745224,0.2976354293357229,1.8062641938283532,0.9604402857608223,1.8806626717011388,31.24662583059252,train,fleet_updated_deterministic_final,final_model,0.9603289961203343,1.8060548955557405
B0007,B0007,44,44,0.30022675843095453,0.3041657110845413,1.7958310249900458,0.9548926833144621,1.8806626717011388,30.939399361884792,train,fleet_updated_deterministic_final,final_model,0.9548926833144621,1.7958310249900458
B0007,B0007,45,45,0.30664018143595784,0.31066327772049934,1.7858852600390451,0.9496042469028412,1.8806626717011388,30.884857004354572,train,fleet_updated_deterministic_final,final_model,0.9496042469028412,1.7858852600390451
B0007,B0007,46,46,0.31302964146921813,0.31713656699231424,1.780326860450275,0.9466486931651035,1.8806626717011388,30.92068231669583,train,fleet_updated_deterministic_final,final_model,0.9466486931651035,1.780326860450275
B0007,B0007,47,47,0.3195679363639231,0.323760643827843,1.8150756899575575,0.9651256002841514,1.8806626717011388,33.880577817079796,train,fleet_updated_deterministic_final,final_model,0.9466486931651035,1.780326860450275
B0007,B0007,48,48,0.3261114488711309,0.330390006730561,1.815702515484584,0.9654589006343197,1.8806626717011388,33.038339318294426,train,fleet_updated_deterministic_final,final_model,0.9466486931651035,1.780326860450275
B0007,B0007,49,49,0.3325919552411926,0.33695553686031804,1.800243217805667,0.957238767427266,1.8806626717011388,32.27329169539201,train,fleet_updated_deterministic_final,final_model,0.9466486931651035,1.780326860450275
B0007,B0007,50,50,0.3390309597661647,0.3434790206438767,1.7904476205609308,0.9520301793098256,1.8806626717011388,31.937919783481355,train,fleet_updated_deterministic_final,final_model,0.9466486931651035,1.780326860450275
B0007,B0007,51,51,0.3454299431761429,0.349961958238401,1.780343032300132,0.9466572921818757,1.8806626717011388,31.666536557848985,train,fleet_updated_deterministic_final,final_model,0.9466486931651035,1.780326860450275
B0007,B0007,52,52,0.351806649018713,0.3564223259854962,1.775328769596812,0.9439910709723144,1.8806626717011388,31.75629643677935,train,fleet_updated_deterministic_final,final_model,0.9439910709723144,1.775328769596812
B0007,B0007,53,53,0.358165547068529,0.362864652302926,1.770262973473285,0.941297448027725,1.8806626717011388,32.088325013914364,train,fleet_updated_deterministic_final,final_model,0.941297448027725,1.770262973473285
B0007,B0007,54,54,0.364486916005149,0.3692689571279969,1.760081061854204,0.9358834459462825,1.8806626717011388,31.82251993749757,train,fleet_updated_deterministic_final,final_model,0.9358834459462825,1.760081061854204
B0007,B0007,55,55,0.3707805906578124,0.3756452043221735,1.749647593537689,0.9303356842591334,1.8806626717011388,31.74791532159688,train,fleet_updated_deterministic_final,final_model,0.9303356842591334,1.749647593537689
B0007,B0007,56,56,0.3770545028272185,0.3820014297507881,1.749650075059311,0.9303370037523415,1.8806626717011388,31.653283034756647,train,fleet_updated_deterministic_final,final_model,0.9303356842591334,1.749647593537689
B0007,B0007,57,57,0.3833113674155636,0.3883403839353511,1.745028739214683,0.9278797125463393,1.8806626717011388,31.86324654660876,train,fleet_updated_deterministic_final,final_model,0.9278797125463393,1.745028739214683
B0007,B0007,58,58,0.38955160131286437,0.394662489235445,1.739645745528673,0.9250174269450937,1.8806626717011388,32.20709620204254,train,fleet_updated_deterministic_final,final_model,0.9250174269450937,1.739645745528673
B0007,B0007,59,59,0.3957641339990319,0.4009565298865839,1.7285642277717963,0.9191250795700842,1.8806626717011388,32.01265163907753,train,fleet_updated_deterministic_final,final_model,0.9191250795700842,1.7285642277717963
B0007,B0007,60,60,0.4019444746749596,0.4072179561707124,1.723900324588418,0.9166451541408419,1.8806626717011388,31.906559827179365,train,fleet_updated_deterministic_final,final_model,0.9166451541408419,1.723900324588418
B0007,B0007,61,61,0.4080987639884179,0.413452989300441,1.7139788776485192,0.9113696482836834,1.8806626717011388,31.717489207935248,train,fleet_updated_deterministic_final,final_model,0.9113696482836834,1.7139788776485192
B0007,B0007,62,62,0.4142393486965766,0.4196741380214718,1.7139701997004613,0.9113650339803379,1.8806626717011388,32.019992007344264,train,fleet_updated_deterministic_final,final_model,0.9113650339803379,1.7139701997004613
B0007,B0007,63,63,0.420355188260944,0.4258702169442724,1.7036521173638766,0.9058786261881039,1.8806626717011388,31.962811077449473,train,fleet_updated_deterministic_final,final_model,0.9058786261881039,1.7036521173638766
B0007,B0007,64,64,0.4264581118350981,0.4320532104200325,1.7040137474382486,0.9060709148317897,1.8806626717011388,32.17475335929765,train,fleet_updated_deterministic_final,final_model,0.9058786261881039,1.7036521173638766
B0007,B0007,65,65,0.43252275603305246,0.43819742229703534,1.6935716157343033,0.9005185465835807,1.8806626717011388,32.02907660487451,train,fleet_updated_deterministic_final,final_model,0.9005185465835807,1.6935716157343033
B0007,B0007,66,66,0.43856232368746895,0.4443162286281214,1.6876577363877656,0.8973739744944307,1.8806626717011388,31.91266258072544,train,fleet_updated_deterministic_final,final_model,0.8973739744944307,1.6876577363877656
B0007,B0007,67,67,0.44458436627706743,0.45041727996684766,1.6830744356583152,0.894936907603905,1.8806626717011388,31.924466226342133,train,fleet_updated_deterministic_final,final_model,0.894936907603905,1.6830744356583152
B0007,B0007,68,68,0.4505872165680425,0.45649888720542564,1.6779270142025482,0.8921998822281044,1.8806626717011388,31.99308942554409,train,fleet_updated_deterministic_final,final_model,0.8921998822281044,1.6779270142025482
B0007,B0007,69,69,0.45657141506773874,0.4625615979426158,1.6732060275966172,0.8896896039751412,1.8806626717011388,32.02146298729415,train,fleet_updated_deterministic_final,final_model,0.8896896039751412,1.6732060275966172
B0007,B0007,70,70,0.4625326133183764,0.46860100666919713,1.6674367208253988,0.886621905095363,1.8806626717011388,31.998698970590773,train,fleet_updated_deterministic_final,final_model,0.886621905095363,1.6674367208253988
B0007,B0007,71,71,0.4684738778754167,0.4746202201736095,1.6622662630667526,0.8838726306845675,1.8806626717011388,31.981838574416024,train,fleet_updated_deterministic_final,final_model,0.8838726306845675,1.6622662630667526
B0007,B0007,72,72,0.47439483712433694,0.48061886196577536,1.6574243065763063,0.8812980294212445,1.8806626717011388,31.995317071485786,train,fleet_updated_deterministic_final,final_model,0.8812980294212445,1.6574243065763063
B0007,B0007,73,73,0.48029581644032515,0.48659726168978096,1.652538684928734,0.8787002101944965,1.8806626717011388,31.987552515727433,train,fleet_updated_deterministic_final,final_model,0.8787002101944965,1.652538684928734
B0007,B0007,74,74,0.48617686657963033,0.49255547076779355,1.6472174627573322,0.8758707702042889,1.8806626717011388,31.942511984710038,train,fleet_updated_deterministic_final,final_model,0.8758707702042889,1.6472174627573322
B0007,B0007,75,75,0.4920343601429164,0.4984898142092685,1.6364136810898071,0.8701261027367561,1.8806626717011388,31.906280371231965,train,fleet_updated_deterministic_final,final_model,0.8701261027367561,1.6364136810898071
B0007,B0007,76,76,0.4978887975703234,0.5044210614185899,1.6362554312048496,0.8700419569261656,1.8806626717011388,31.769690611667084,train,fleet_updated_deterministic_final,final_model,0.8700419569261656,1.6362554312048496
B0007,B0007,77,77,0.5037662004509152,0.5103755753861272,1.641119179218384,0.8726281453408773,1.8806626717011388,32.269234834275885,train,fleet_updated_deterministic_final,final_model,0.8700419569261656,1.6362554312048496
B0007,B0007,78,78,0.5095842249877826,0.5162699319705039,1.6315700789656966,0.867550626444812,1.8806626717011388,31.701186208088405,train,fleet_updated_deterministic_final,final_model,0.867550626444812,1.6315700789656966
B0007,B0007,79,79,0.5153771942707486,0.5221389045779188,1.621213282987236,0.8620436335458184,1.8806626717011388,31.526867347718444,train,fleet_updated_deterministic_final,final_model,0.8620436335458184,1.621213282987236
B0007,B0007,80,80,0.521154909030089,0.5279924225234972,1.6164273214762122,0.8594988063511068,1.8806626717011388,31.662503382549602,train,fleet_updated_deterministic_final,final_model,0.8594988063511068,1.6164273214762122
B0007,B0007,81,81,0.5269304257877652,0.5338437136297937,1.615823510161921,0.859177743289997,1.8806626717011388,32.12033996392636,train,fleet_updated_deterministic_final,final_model,0.859177743289997,1.615823510161921
B0007,B0007,82,82,0.5326942944495346,0.5396832038180348,1.61672418029789,0.8596566543406186,1.8806626717011388,32.35105024831795,train,fleet_updated_deterministic_final,final_model,0.859177743289997,1.615823510161921
B0007,B0007,83,83,0.5384353507284978,0.5454995823267106,1.6108655863730026,0.8565414790287227,1.8806626717011388,32.25296938230856,train,fleet_updated_deterministic_final,final_model,0.8565414790287227,1.6108655863730026
B0007,B0007,84,84,0.5441521030570095,0.5512913380189197,1.6006603374309376,0.8511150678516274,1.8806626717011388,31.987953502895795,train,fleet_updated_deterministic_final,final_model,0.8511150678516274,1.6006603374309376
B0007,B0007,85,85,0.5498437235526931,0.5570576321505305,1.5959174487005665,0.8485931436374987,1.8806626717011388,31.75482465089372,train,fleet_updated_deterministic_final,final_model,0.8485931436374987,1.5959174487005665
B0007,B0007,86,86,0.555526018320595,0.5628144782015075,1.5962179519462243,0.8487529294673445,1.8806626717011388,32.04392785058054,train,fleet_updated_deterministic_final,final_model,0.8485931436374987,1.5959174487005665
B0007,B0007,87,87,0.5612076783805505,0.5685706812172172,1.5958065114633972,0.8485341552613064,1.8806626717011388,32.366928177053225,train,fleet_updated_deterministic_final,final_model,0.8485341552613064,1.5958065114633972
B0007,B0007,88,88,0.5668829238525788,0.574320385486085,1.5906507821480704,0.84579271236838,1.8806626717011388,32.43772938796022,train,fleet_updated_deterministic_final,final_model,0.84579271236838,1.5906507821480704
B0007,B0007,89,89,0.5729354655213156,0.5804523360495906,1.6888211161855506,0.8979925754882669,1.8806626717011388,32.33097597966491,train,fleet_updated_deterministic_final,final_model,0.84579271236838,1.5906507821480704
B0007,B0007,90,90,0.5787559384767407,0.5863491731755937,1.6259938279733204,0.86458558062544,1.8806626717011388,32.69333705975184,train,fleet_updated_deterministic_final,final_model,0.84579271236838,1.5906507821480704
B0007,B0007,91,91,0.5845333080713863,0.5922023414279423,1.6157433862812898,0.8591351392218476,1.8806626717011388,32.695252149274175,train,fleet_updated_deterministic_final,final_model,0.84579271236838,1.5906507821480704
B0007,B0007,92,92,0.5902707731421039,0.5980150816119885,1.6056626764846538,0.8537749489291794,1.8806626717011388,32.49106117414983,train,fleet_updated_deterministic_final,final_model,0.84579271236838,1.5906507821480704
B0007,B0007,93,93,0.595969645142828,0.6037887223878445,1.5949746921524348,0.8480918540855138,1.8806626717011388,32.299866128540074,train,fleet_updated_deterministic_final,final_model,0.84579271236838,1.5906507821480704
B0007,B0007,94,94,0.6016481695509486,0.6095417486122012,1.5904102438871943,0.8456648115680422,1.8806626717011388,32.22041565375877,train,fleet_updated_deterministic_final,final_model,0.8456648115680422,1.5904102438871943
B0007,B0007,95,95,0.6073084017466276,0.6152762426316551,1.5853517062988178,0.8429750481859675,1.8806626717011388,32.27490334143234,train,fleet_updated_deterministic_final,final_model,0.8429750481859675,1.5853517062988178
B0007,B0007,96,96,0.6129487353236199,0.6209905769640309,1.5799737147242376,0.8401154223447657,1.8806626717011388,32.302694087200756,train,fleet_updated_deterministic_final,final_model,0.8401154223447657,1.5799737147242376
B0007,B0007,97,97,0.6185714001861948,0.6266870107697753,1.5752185465278068,0.8375869688012445,1.8806626717011388,32.326595712453006,train,fleet_updated_deterministic_final,final_model,0.8375869688012445,1.5752185465278068
B0007,B0007,98,98,0.6241730688194127,0.6323621728772013,1.569798484648868,0.8347049730236412,1.8806626717011388,32.32030927392286,train,fleet_updated_deterministic_final,final_model,0.8347049730236412,1.569798484648868
B0007,B0007,99,99,0.6297588609010533,0.6380212501338787,1.5702565375950357,0.8349485323567742,1.8806626717011388,32.35294813828874,train,fleet_updated_deterministic_final,final_model,0.8347049730236412,1.569798484648868
B0007,B0007,100,100,0.6353370997101836,0.6436726750196745,1.565249873909438,0.8322863517536633,1.8806626717011388,32.38706440854508,train,fleet_updated_deterministic_final,final_model,0.8322863517536633,1.565249873909438
B0007,B0007,101,101,0.640897098250419,0.6493056203256095,1.559633933561147,0.8293002020135766,1.8806626717011388,32.369650456461514,train,fleet_updated_deterministic_final,final_model,0.8293002020135766,1.559633933561147
B0007,B0007,102,102,0.6464749824042971,0.6549566859031027,1.5649820533392105,0.8321439442000612,1.8806626717011388,32.41032754606433,train,fleet_updated_deterministic_final,final_model,0.8293002020135766,1.559633933561147
B0007,B0007,103,103,0.6520999789690342,0.6606554820027676,1.57497949984227,0.8374598611124846,1.8806626717011388,33.07956179982091,train,fleet_updated_deterministic_final,final_model,0.8293002020135766,1.559633933561147
B0007,B0007,104,104,0.6576821220650126,0.6663108623993634,1.5652811168780458,0.8323029644982441,1.8806626717011388,32.95565253868652,train,fleet_updated_deterministic_final,final_model,0.8293002020135766,1.559633933561147
B0007,B0007,105,105,0.6632295777853853,0.6719311003245756,1.559755497470126,0.8293648408830603,1.8806626717011388,32.78617666075475,train,fleet_updated_deterministic_final,final_model,0.8293002020135766,1.559633933561147
B0007,B0007,106,106,0.6687494099725386,0.6775233522978752,1.549897685670499,0.8241231715778944,1.8806626717011388,32.60766808692733,train,fleet_updated_deterministic_final,final_model,0.8241231715778944,1.549897685670499
B0007,B0007,107,107,0.6742527035064081,0.6830988486319947,1.543877153134502,0.8209218890583924,1.8806626717011388,32.5947819968591,train,fleet_updated_deterministic_final,final_model,0.8209218890583924,1.543877153134502
B0007,B0007,108,108,0.6797584316146762,0.6886768114819471,1.5450187488690073,0.8215289068674249,1.8806626717011388,32.88621415929196,train,fleet_updated_deterministic_final,final_model,0.8209218890583924,1.543877153134502
B0007,B0007,109,109,0.6852472661630179,0.6942376591297283,1.5445940154102908,0.821303064420979,1.8806626717011388,33.00480345410737,train,fleet_updated_deterministic_final,final_model,0.8209218890583924,1.543877153134502
B0007,B0007,110,110,0.6907124903821381,0.6997745866825316,1.5343086721758876,0.8158340649086424,1.8806626717011388,32.762639292411876,train,fleet_updated_deterministic_final,final_model,0.8158340649086424,1.5343086721758876
B0007,B0007,111,111,0.6961561602045924,0.705289677046594,1.5287603942958483,0.8128838931614567,1.8806626717011388,32.6265024274454,test,fleet_updated_deterministic_final,final_model,0.8143999942738631,1.5316116690644754
B0007,B0007,112,112,0.7016007501193042,0.7108056995744557,1.5289260249179843,0.8129719635127368,1.8806626717011388,32.86437391659774,test,fleet_updated_deterministic_final,final_model,0.8110332583839506,1.5252799745508405
B0007,B0007,113,113,0.7070422562265477,0.7163185978355254,1.529091650133123,0.813060030988968,1.8806626717011388,33.13650778836407,test,fleet_updated_deterministic_final,final_model,0.8090589202367439,1.5215669104960732
B0007,B0007,114,114,0.7124645500468264,0.7218120317458598,1.5239059324661248,0.8103026424657472,1.8806626717011388,33.010652051496784,test,fleet_updated_deterministic_final,final_model,0.8079772250079252,1.519532606657077
B0007,B0007,115,115,0.7178670290552273,0.7272853908754641,1.5186675419100617,0.8075172463206083,1.8806626717011388,32.80753006535765,test,fleet_updated_deterministic_final,final_model,0.8062033711226986,1.516196585870079
B0007,B0007,116,116,0.7232490086553535,0.7327379816460877,1.5136482266426952,0.8048483385239611,1.8806626717011388,32.641268601406274,test,fleet_updated_deterministic_final,final_model,0.8030674579226399,1.5102989909730338
B0007,B0007,117,117,0.7286315012449207,0.7381910921365357,1.5136050185229033,0.8048253635798406,1.8806626717011388,32.89473482960106,test,fleet_updated_deterministic_final,final_model,0.8006447604009981,1.5057427141792592
B0007,B0007,118,118,0.7340166280691961,0.7436468714226543,1.5139470614867965,0.8050072372188721,1.8806626717011388,33.243398948655575,test,fleet_updated_deterministic_final,final_model,0.7996792185293919,1.5039268556233651
B0007,B0007,119,119,0.7394737701540678,0.7491756108042111,1.5339599193158786,0.8156486234335406,1.8806626717011388,32.98684212940174,test,fleet_updated_deterministic_final,final_model,0.7985612664121329,1.5018243648076866
B0007,B0007,120,120,0.7449454325146311,0.7547190609663925,1.5391372798653098,0.8184015682478002,1.8806626717011388,33.07237495199648,test,fleet_updated_deterministic_final,final_model,0.7977866618845542,1.5003675949873387
B0007,B0007,121,121,0.7503669995049457,0.7602117585108079,1.5236247972838737,0.8101531551672106,1.8806626717011388,32.801237747309585,test,fleet_updated_deterministic_final,final_model,0.7974417519558556,1.4997189357593363
B0007,B0007,122,122,0.7557510430646763,0.765666440320032,1.5135813035589147,0.8048127536820926,1.8806626717011388,32.48270190090249,test,fleet_updated_deterministic_final,final_model,0.7965374483084835,1.4980182456458402
B0007,B0007,123,123,0.7611124191017807,0.7710981572104254,1.5077850749847914,0.80173073974023,1.8806626717011388,32.39706532183529,test,fleet_updated_deterministic_final,final_model,0.795818069400393,1.4966653365865854
B0007,B0007,124,124,0.7664560736122508,0.7765119200690782,1.5031960676037333,0.799290638466296,1.8806626717011388,32.38951238720904,test,fleet_updated_deterministic_final,final_model,0.7944778047425237,1.4941447508743304
B0007,B0007,125,125,0.7717804886556895,0.7819061910403288,1.497822059699588,0.7964331308520867,1.8806626717011388,32.35844017220853,test,fleet_updated_deterministic_final,final_model,0.7936309755898564,1.4925521508976005
B0007,B0007,126,126,0.7770858668761584,0.7872811754269137,1.492848534633516,0.7937885709632189,1.8806626717011388,32.32653709728302,test,fleet_updated_deterministic_final,final_model,0.7921622159486846,1.4897899094667477
B0007,B0007,127,127,0.7823691220708671,0.7926337465352922,1.492414389867026,0.7935577242659227,1.8806626717011388,32.21586424028177,test,fleet_updated_deterministic_final,final_model,0.7900065812737236,1.4857358877997238
B0007,B0007,128,128,0.787646163399631,0.7979800222522687,1.487482776538081,0.7909354499989039,1.8806626717011388,32.1793677745159,test,fleet_updated_deterministic_final,final_model,0.7886130298295164,1.483115087617508
B0007,B0007,129,129,0.7929072247490873,0.8033101083338022,1.482535148640411,0.7883046603458107,1.8806626717011388,32.19063547440454,test,fleet_updated_deterministic_final,final_model,0.7869390041099686,1.479966809935287
B0007,B0007,130,130,0.7981522061705466,0.8086239035198842,1.4827874322228984,0.7884388064562661,1.8806626717011388,32.21420586219997,test,fleet_updated_deterministic_final,final_model,0.7850472333961763,1.4764090273704404
B0007,B0007,131,131,0.803389123651771,0.8139295289674373,1.476971179775059,0.7853461452707392,1.8806626717011388,32.166352823813924,test,fleet_updated_deterministic_final,final_model,0.7839541985616394,1.4743533975582577
B0007,B0007,132,132,0.8086509050182045,0.8192603445125171,1.4819015554137276,0.7879677614238417,1.8806626717011388,32.471070068123446,test,fleet_updated_deterministic_final,final_model,0.7833201356307393,1.4731609390726046
B0007,B0007,133,133,0.8139603390215269,0.8246394378935237,1.4981366198874824,0.7966003911442314,1.8806626717011388,32.706710734163245,test,fleet_updated_deterministic_final,final_model,0.7830430404073011,1.4726398164293777
B0007,B0007,134,134,0.8192246451372781,0.8299728113124437,1.4820775214392872,0.7880613273930117,1.8806626717011388,32.52996523954131,test,fleet_updated_deterministic_final,final_model,0.782789930800868,1.47216380264071
B0007,B0007,135,135,0.8244621274187334,0.8352790089703647,1.4771155312812152,0.7854229009315646,1.8806626717011388,32.342667854606155,test,fleet_updated_deterministic_final,final_model,0.7823882847367725,1.4714084418807298
B0007,B0007,136,136,0.8296774700982759,0.8405627765564488,1.4720772783056488,0.7827439234352925,1.8806626717011388,32.10932663078957,test,fleet_updated_deterministic_final,final_model,0.7816858734700513,1.470087443231225
B0007,B0007,137,137,0.8348834674406994,0.8458370761952888,1.472248013656454,0.7828347081110211,1.8806626717011388,32.420792037942235,test,fleet_updated_deterministic_final,final_model,0.7803986381856436,1.4676665878821429
B0007,B0007,138,138,0.8400878833177724,0.8511097736200709,1.4670106672274663,0.7800498671569278,1.8806626717011388,32.641629225234944,test,fleet_updated_deterministic_final,final_model,0.778253680669638,1.4636326463494063
B0007,B0007,139,139,0.8452711955388637,0.8563610905104806,1.461767249533538,0.7772617979445021,1.8806626717011388,32.41939085895412,test,fleet_updated_deterministic_final,final_model,0.7772704674172769,1.461783553887369
B0007,B0007,140,140,0.8504308831105701,0.8615884727978695,1.4566952670489708,0.7745648855418226,1.8806626717011388,32.133611635202044,test,fleet_updated_deterministic_final,final_model,0.7760456750659561,1.4594801326316549
B0007,B0007,141,141,0.8555706891621103,0.8667957127210322,1.451354972758956,0.7717253043822815,1.8806626717011388,31.991267905355837,test,fleet_updated_deterministic_final,final_model,0.77504203201309,1.4575926186064172
B0007,B0007,142,142,0.8607135399968031,0.8720060373746749,1.451615926257375,0.7718640605251802,1.8806626717011388,32.279680132216704,test,fleet_updated_deterministic_final,final_model,0.771308730891974,1.4505715385457145
B0007,B0007,143,143,0.8658410279394388,0.8772007975762639,1.4468161332173683,0.7693118787265885,1.8806626717011388,32.3264917262312,test,fleet_updated_deterministic_final,final_model,0.7695205699423715,1.4472086109968034
B0007,B0007,144,144,0.8709583437452144,0.8823852521833168,1.4467570607768785,0.7692804682873966,1.8806626717011388,32.112812580469615,test,fleet_updated_deterministic_final,final_model,0.7683495524995937,1.4450063222042602
B0007,B0007,145,145,0.8760524556522385,0.887546198458199,1.4413797481446793,0.7664212034585077,1.8806626717011388,31.87606103874967,test,fleet_updated_deterministic_final,final_model,0.7668988026648893,1.442277951144155
B0007,B0007,146,146,0.8811311592946762,0.892691534313214,1.4362456252208178,0.7636912492774013,1.8806626717011388,31.79794290293442,test,fleet_updated_deterministic_final,final_model,0.7661290702913395,1.44083034420202
B0007,B0007,147,147,0.8862121043138673,0.897839140951678,1.4368154153924828,0.7639942223624945,1.8806626717011388,32.11425775812325,test,fleet_updated_deterministic_final,final_model,0.7643550326579008,1.437493977846619
B0007,B0007,148,148,0.891289041482796,0.9029826871571834,1.4362945145860049,0.7637172450957491,1.8806626717011388,32.13496326463143,test,fleet_updated_deterministic_final,final_model,0.7638240672258925,1.4364954109786772
B0007,B0007,149,149,0.8963800970730339,0.9081405370166316,1.4418575315878015,0.7666752540388226,1.8806626717011388,31.790587942538302,test,fleet_updated_deterministic_final,final_model,0.7633080006181726,1.435524863773427
B0007,B0007,150,150,0.9015680154294082,0.9133965204744753,1.4672063484781797,0.7801539162528438,1.8806626717011388,32.21342390731637,test,fleet_updated_deterministic_final,final_model,0.7623924579912469,1.4338030369306165
B0007,B0007,151,151,0.9067089666300185,0.9186049205709782,1.4518640367848883,0.7719959877076817,1.8806626717011388,32.22400342501296,test,fleet_updated_deterministic_final,final_model,0.7614099595083305,1.4319552887087927
B0007,B0007,152,152,0.9118168229318644,0.923779791566116,1.44713797527485,0.7694830109888089,1.8806626717011388,32.050248913194764,test,fleet_updated_deterministic_final,final_model,0.7606617095784837,1.4305480829966268
B0007,B0007,153,153,0.9169027744371754,0.928932470375424,1.441790586562399,0.7666396575299911,1.8806626717011388,31.97159294459724,test,fleet_updated_deterministic_final,final_model,0.7596519540338327,1.4286490734362585
B0007,B0007,154,154,0.9219685593445461,0.9340647180025327,1.431630947911111,0.761237498597311,1.8806626717011388,31.914652817971838,test,fleet_updated_deterministic_final,final_model,0.7557567595525867,1.4213235265763629
B0007,B0007,155,155,0.9270266424636948,0.9391891627945327,1.4318084249673686,0.7613318680230078,1.8806626717011388,31.919889411054154,test,fleet_updated_deterministic_final,final_model,0.7530770729170282,1.4162839399490115
B0007,B0007,156,156,0.9320697704701951,0.9442984562639232,1.4262562585106868,0.7583796286128112,1.8806626717011388,31.9155630000974,test,fleet_updated_deterministic_final,final_model,0.7514233687044581,1.413173880166396
B0007,B0007,157,157,0.9370935035470704,0.9493881003436601,1.4260877528924911,0.7582900295471566,1.8806626717011388,31.861609898405113,test,fleet_updated_deterministic_final,final_model,0.7490954291989977,1.4087958112364982
B0007,B0007,158,158,0.9421120693379053,0.9544725093429495,1.4212633510031694,0.7557247625474358,1.8806626717011388,31.883218167596084,test,fleet_updated_deterministic_final,final_model,0.74651095510152,1.4039352872753934
B0007,B0007,159,159,0.947118213386072,0.9595443336272345,1.4163272748795108,0.7531001152898851,1.8806626717011388,31.92582811786564,test,fleet_updated_deterministic_final,final_model,0.7452034248347102,1.401476263910485
B0007,B0007,160,160,0.9521178581361519,0.964609573343127,1.4165781829175994,0.7532335299856006,1.8806626717011388,31.985311142340915,test,fleet_updated_deterministic_final,final_model,0.742654274968228,1.3966821729120198
B0007,B0007,161,161,0.957102443048094,0.9696595556369298,1.4108401729425175,0.7501824724719788,1.8806626717011388,32.01550193603968,test,fleet_updated_deterministic_final,final_model,0.7402016429293807,1.3920695993891414
B0007,B0007,162,162,0.9620805188350012,0.9747029434064634,1.4109949628347804,0.7502647785094155,1.8806626717011388,31.9591538800485,test,fleet_updated_deterministic_final,final_model,0.738790968996627,1.3894165975818698
B0007,B0007,163,163,0.9670454365558468,0.979733000477091,1.40617142903988,0.747699973099343,1.8806626717011388,31.950282082584657,test,fleet_updated_deterministic_final,final_model,0.7377844821591028,1.3875237353569794
B0007,B0007,164,164,0.9720058055716266,0.984758449163982,1.4063358479692922,0.7477873991603194,1.8806626717011388,32.03146836897805,test,fleet_updated_deterministic_final,final_model,0.7364288242885637,1.3849742002042587
B0007,B0007,165,165,0.9769500273390578,0.9897675387518318,1.4004552399066514,0.7446605183267027,1.8806626717011388,32.04487078197156,test,fleet_updated_deterministic_final,final_model,0.7357697715157532,1.3837347442557528
B0007,B0007,166,166,0.981972871083752,0.9948562818314157,1.4217865046055154,0.7560029376876234,1.8806626717011388,32.36577736519632,test,fleet_updated_deterministic_final,final_model,0.7332566062427341,1.3790083281389702
B0007,B0007,167,167,0.9870499779888339,1.0,1.4324552720625434,0.7616758143909068,1.8806626717011388,32.51333699174179,test,fleet_updated_deterministic_final,final_model,0.729799702081153,1.3725070575226364
B0007,B0007,0,0,0.0067877999488538,0.0068768553773581945,1.89105229539079,1.005524448294735,1.8806626717011388,32.28484691034007,train,uniform_fleet_prior_diagnostic_only,diagnostic_prior,1.0043748715509022,1.8888903293204078
B0007,B0007,1,1,0.013558315000749,0.013736199081200303,1.880637027686859,0.9999863643732256,1.8806626717011388,32.4165431995307,train,uniform_fleet_prior_diagnostic_only,diagnostic_prior,1.0018262834918188,1.8840972948921464
B0007,B0007,2,2,0.0203298541115804,0.020596580279555392,1.8806626717011388,1.0,1.8806626717011388,32.383898491182386,train,uniform_fleet_prior_diagnostic_only,diagnostic_prior,0.9988485672086375,1.8784972150314505
B0007,B0007,3,3,0.0270990552982708,0.027454592880379318,1.8807709009833444,1.000057548482157,1.8806626717011388,32.27316014909398,train,uniform_fleet_prior_diagnostic_only,diagnostic_prior,0.998208511784789,1.877293486687999
B0007,B0007,4,4,0.0338625451944767,0.03430681925901403,1.8794508728285055,0.9993556532541069,1.8806626717011388,32.18350092144967,train,uniform_fleet_prior_diagnostic_only,diagnostic_prior,0.9973318650333405,1.8756448098662817
B0007,B0007,5,5,0.0406089171360317,0.04114170309671097,1.8807003517117404,1.0000200354966198,1.8806626717011388,32.177798836857754,train,uniform_fleet_prior_diagnostic_only,diagnostic_prior,0.996950128866385,1.8749268929066503
B0007,B0007,6,6,0.047353163803319304,0.04797443377670081,1.8799352523566075,0.9996132111539847,1.8806626717011388,32.24520798906972,train,uniform_fleet_prior_diagnostic_only,diagnostic_prior,0.9969011436212064,1.8748347681845787
B0007,B0007,7,7,0.0541018342572135,0.054811646283047216,1.88150881240388,1.0004499162531768,1.8806626717011388,32.23822028591172,train,uniform_fleet_prior_diagnostic_only,diagnostic_prior,0.995682613841029,1.8725431247126427
B0007,B0007,8,8,0.0608444643193756,0.06164273914817302,1.8696907870385844,0.9941659475526093,1.8806626717011388,32.18495717325262,train,uniform_fleet_prior_diagnostic_only,diagnostic_prior,0.9913508368867652,1.8643965134926237
B0007,B0007,9,9,0.0675848234543631,0.06847153129172925,1.870052380139199,0.9943582165363328,1.8806626717011388,32.11311897669176,train,uniform_fleet_prior_diagnostic_only,diagnostic_prior,0.9901857649074151,1.862205406111215
B0007,B0007,10,10,0.07432050678640291,0.07529558628615224,1.8700442394188577,0.9943538878917205,1.8806626717011388,32.02149197779285,train,uniform_fleet_prior_diagnostic_only,diagnostic_prior,0.9894022348832345,1.8607318504425814
B0007,B0007,11,11,0.0810272955446865,0.08209036761216881,1.8596518987766364,0.9888279949186756,1.8806626717011388,32.25632900322152,train,uniform_fleet_prior_diagnostic_only,diagnostic_prior,0.9877400492141484,1.8576058399012945
B0007,B0007,12,12,0.0877348123911171,0.08888588657879451,1.8590746560862208,0.9885210591246592,1.8806626717011388,32.2088232522219,train,uniform_fleet_prior_diagnostic_only,diagnostic_prior,0.9857396112808722,1.853843690953127
B0007,B0007,13,13,0.0944337196992374,0.09567268305061012,1.8590084577709232,0.9884858596621007,1.8806626717011388,32.06222749979977,train,uniform_fleet_prior_diagnostic_only,diagnostic_prior,0.9828516669569066,1.8484124418650938
B0007,B0007,14,14,0.10111002554808621,0.10243658153369618,1.8593622586957048,0.9886739853319007,1.8806626717011388,31.933954214210992,train,uniform_fleet_prior_diagnostic_only,diagnostic_prior,0.979346419068836,1.8418202530069403
B0007,B0007,15,15,0.107779114776125,0.10919316871444606,1.8587355450601035,0.9883407444774766,1.8806626717011388,31.839330052030135,train,uniform_fleet_prior_diagnostic_only,diagnostic_prior,0.9777972117162532,1.838906716568213
B0007,B0007,16,16,0.1144418500428556,0.1159433185703898,1.847817291322145,0.9825352090658109,1.8806626717011388,31.854304304240507,train,uniform_fleet_prior_diagnostic_only,diagnostic_prior,0.9762552853592735,1.836006873226129
B0007,B0007,17,17,0.1210806522574078,0.12266922137429756,1.8485252916137047,0.9829116722679647,1.8806626717011388,31.85655540457675,train,uniform_fleet_prior_diagnostic_only,diagnostic_prior,0.9731320273507345,1.830133078475378
B0007,B0007,18,18,0.1277138197362293,0.1293894155151626,1.848378951850034,0.982833859396006,1.8806626717011388,31.867182607083926,train,uniform_fleet_prior_diagnostic_only,diagnostic_prior,0.9727243037353313,1.829366287891518
B0007,B0007,19,19,0.1344966829519803,0.13626126938984828,1.8807805437609768,1.000062675811889,1.8806626717011388,32.1334860227689,train,uniform_fleet_prior_diagnostic_only,diagnostic_prior,0.9721151876301755,1.8282207459698196
B0007,B0007,20,20,0.1412840288772002,0.1431376647868164,1.88147215974436,1.000430427027346,1.8806626717011388,32.446532980553975,train,uniform_fleet_prior_diagnostic_only,diagnostic_prior,0.9695629106516943,1.823420773928548
B0007,B0007,21,21,0.1480418890548561,0.1499841875854141,1.8810954313244783,1.0002301101786362,1.8806626717011388,32.051008433459806,train,uniform_fleet_prior_diagnostic_only,diagnostic_prior,0.9693188564987578,1.8229617903932467
B0007,B0007,22,22,0.1547905406988955,0.1568213810351218,1.8710089649779995,0.9948668589702974,1.8806626717011388,31.724706032697572,train,uniform_fleet_prior_diagnostic_only,diagnostic_prior,0.9682249818034044,1.820904581086177
B0007,B0007,23,23,0.1615288348358825,0.16364808108805795,1.8701995151941373,0.9944364522865033,1.8806626717011388,31.613784878904134,train,uniform_fleet_prior_diagnostic_only,diagnostic_prior,0.96724672432987,1.8190648087723882
B0007,B0007,24,24,0.16824310231611872,0.17045043925630074,1.8706715362800983,0.994687438863237,1.8806626717011388,31.51707667966367,train,uniform_fleet_prior_diagnostic_only,diagnostic_prior,0.9666116331607106,1.817870416517423
B0007,B0007,25,25,0.17494689133868252,0.17724218149028886,1.8596124644020169,0.9888070265785193,1.8806626717011388,31.442860781038384,train,uniform_fleet_prior_diagnostic_only,diagnostic_prior,0.9658749037475879,1.816484877011019
B0007,B0007,26,26,0.18162435108428243,0.18400724900916524,1.860033909718346,0.9890311206293401,1.8806626717011388,31.32326275303232,train,uniform_fleet_prior_diagnostic_only,diagnostic_prior,0.9653603402344784,1.8155171566196944
B0007,B0007,27,27,0.18829193908829922,0.19076231526994603,1.8591653109160768,0.9885692627877722,1.8806626717011388,31.285715705797358,train,uniform_fleet_prior_diagnostic_only,diagnostic_prior,0.9633756702390266,1.811784661843603
B0007,B0007,28,28,0.1949532918998068,0.19751106453295747,1.8481398178778288,0.982706705294527,1.8806626717011388,31.331850868998007,train,uniform_fleet_prior_diagnostic_only,diagnostic_prior,0.961005087028967,1.8073263944902824
B0007,B0007,29,29,0.2015877431015906,0.2042325592391342,1.849201702126164,0.9832713383168726,1.8806626717011388,31.322857339322585,train,uniform_fleet_prior_diagnostic_only,diagnostic_prior,0.9600414017654575,1.8055140275879316
B0007,B0007,30,30,0.2083684200983972,0.21110219821184617,1.8834677437950849,1.0014915338811978,1.8806626717011388,31.569076238799028,train,uniform_fleet_prior_diagnostic_only,diagnostic_prior,0.9599434778796155,1.8053298657911607
B0007,B0007,31,31,0.21507742371715752,0.21789922345714352,1.8628211117905844,0.9905131525291476,1.8806626717011388,31.78210150116521,train,uniform_fleet_prior_diagnostic_only,diagnostic_prior,0.9599434778796155,1.8053298657911607
B0007,B0007,32,32,0.22174716098346262,0.22465646717837337,1.852085039652352,0.9848044880781639,1.8806626717011388,31.51504198920288,train,uniform_fleet_prior_diagnostic_only,diagnostic_prior,0.9599434778796155,1.8053298657911607
B0007,B0007,33,33,0.22838969612938392,0.2313861518894311,1.8469504648208708,0.9820742936053631,1.8806626717011388,31.13866351339678,train,uniform_fleet_prior_diagnostic_only,diagnostic_prior,0.9599109330965252,1.8052686600324441
B0007,B0007,34,34,0.23499853285558833,0.23808169606002139,1.836828431169018,0.9766921302838053,1.8806626717011388,31.068710515588776,train,uniform_fleet_prior_diagnostic_only,diagnostic_prior,0.9587546394201295,1.8030940616777227
B0007,B0007,35,35,0.24160835064757344,0.24477823416790215,1.8371619619672277,0.9768694777705335,1.8806626717011388,31.618244836823447,train,uniform_fleet_prior_diagnostic_only,diagnostic_prior,0.9571479132627827,1.8000723517699548
B0007,B0007,36,36,0.24819237140287903,0.2514486367839084,1.8316722583718852,0.9739504515794214,1.8806626717011388,31.331528063668397,train,uniform_fleet_prior_diagnostic_only,diagnostic_prior,0.9534374624014972,1.7930942453399537
B0007,B0007,37,37,0.2547432857502545,0.25808549863838437,1.8211470951317783,0.9683539331827509,1.8806626717011388,31.132569191182146,train,uniform_fleet_prior_diagnostic_only,diagnostic_prior,0.9500868854519948,1.7867929403423624
B0007,B0007,38,38,0.261272249720768,0.2647001221286929,1.816506091511515,0.965886184080215,1.8806626717011388,30.972969676157927,train,uniform_fleet_prior_diagnostic_only,diagnostic_prior,0.9459008943329816,1.7789205031007618
B0007,B0007,39,39,0.26778569338076214,0.271299021683167,1.8113815601504557,0.9631613299965084,1.8806626717011388,31.1990648511682,train,uniform_fleet_prior_diagnostic_only,diagnostic_prior,0.9419307623088525,1.7714540240012568
B0007,B0007,40,40,0.2742994420532429,0.2778982302518687,1.8116056333939583,0.9632804758948528,1.8806626717011388,31.722267598269813,train,uniform_fleet_prior_diagnostic_only,diagnostic_prior,0.9390959640572282,1.7661227247476232
B0007,B0007,41,41,0.2807943613048851,0.2844783623591364,1.8060548955557405,0.9603289961203343,1.8806626717011388,31.900827580605675,train,uniform_fleet_prior_diagnostic_only,diagnostic_prior,0.9354699552833489,1.7593034253993276
B0007,B0007,42,42,0.2872909511659225,0.2910601869940698,1.8132041826994056,0.9641304684690136,1.8806626717011388,31.537240249861696,train,uniform_fleet_prior_diagnostic_only,diagnostic_prior,0.9332039294358425,1.7550417951748125
B0007,B0007,43,43,0.2937810439745224,0.2976354293357229,1.8062641938283532,0.9604402857608223,1.8806626717011388,31.24662583059252,train,uniform_fleet_prior_diagnostic_only,diagnostic_prior,0.9314251331223856,1.7516964793475345
B0007,B0007,44,44,0.30022675843095453,0.3041657110845413,1.7958310249900458,0.9548926833144621,1.8806626717011388,30.939399361884792,train,uniform_fleet_prior_diagnostic_only,diagnostic_prior,0.9297614013341089,1.7485675610776
B0007,B0007,45,45,0.30664018143595784,0.31066327772049934,1.7858852600390451,0.9496042469028412,1.8806626717011388,30.884857004354572,train,uniform_fleet_prior_diagnostic_only,diagnostic_prior,0.9282571967223964,1.7457386596137514
B0007,B0007,46,46,0.31302964146921813,0.31713656699231424,1.780326860450275,0.9466486931651035,1.8806626717011388,30.92068231669583,train,uniform_fleet_prior_diagnostic_only,diagnostic_prior,0.9273552067450064,1.7440423207330256
B0007,B0007,47,47,0.3195679363639231,0.323760643827843,1.8150756899575575,0.9651256002841514,1.8806626717011388,33.880577817079796,train,uniform_fleet_prior_diagnostic_only,diagnostic_prior,0.9268334318582987,1.7430610381805633
B0007,B0007,48,48,0.3261114488711309,0.330390006730561,1.815702515484584,0.9654589006343197,1.8806626717011388,33.038339318294426,train,uniform_fleet_prior_diagnostic_only,diagnostic_prior,0.9268190906179745,1.7430340671452198
B0007,B0007,49,49,0.3325919552411926,0.33695553686031804,1.800243217805667,0.957238767427266,1.8806626717011388,32.27329169539201,train,uniform_fleet_prior_diagnostic_only,diagnostic_prior,0.9267680247581922,1.742938029488929
B0007,B0007,50,50,0.3390309597661647,0.3434790206438767,1.7904476205609308,0.9520301793098256,1.8806626717011388,31.937919783481355,train,uniform_fleet_prior_diagnostic_only,diagnostic_prior,0.9263970413666365,1.742240334872609
B0007,B0007,51,51,0.3454299431761429,0.349961958238401,1.780343032300132,0.9466572921818757,1.8806626717011388,31.666536557848985,train,uniform_fleet_prior_diagnostic_only,diagnostic_prior,0.9261222385651535,1.741723523501781
B0007,B0007,52,52,0.351806649018713,0.3564223259854962,1.775328769596812,0.9439910709723144,1.8806626717011388,31.75629643677935,train,uniform_fleet_prior_diagnostic_only,diagnostic_prior,0.925180620996231,1.7399526584888905
B0007,B0007,53,53,0.358165547068529,0.362864652302926,1.770262973473285,0.941297448027725,1.8806626717011388,32.088325013914364,train,uniform_fleet_prior_diagnostic_only,diagnostic_prior,0.9243944159544782,1.7384740720145628
B0007,B0007,54,54,0.364486916005149,0.3692689571279969,1.760081061854204,0.9358834459462825,1.8806626717011388,31.82251993749757,train,uniform_fleet_prior_diagnostic_only,diagnostic_prior,0.9238623908108844,1.7374735121865994
B0007,B0007,55,55,0.3707805906578124,0.3756452043221735,1.749647593537689,0.9303356842591334,1.8806626717011388,31.74791532159688,train,uniform_fleet_prior_diagnostic_only,diagnostic_prior,0.9216054448843691,1.7332289582305542
B0007,B0007,56,56,0.3770545028272185,0.3820014297507881,1.749650075059311,0.9303370037523415,1.8806626717011388,31.653283034756647,train,uniform_fleet_prior_diagnostic_only,diagnostic_prior,0.9190154275435931,1.728358009298698
B0007,B0007,57,57,0.3833113674155636,0.3883403839353511,1.745028739214683,0.9278797125463393,1.8806626717011388,31.86324654660876,train,uniform_fleet_prior_diagnostic_only,diagnostic_prior,0.9161202373045542,1.722913133088664
B0007,B0007,58,58,0.38955160131286437,0.394662489235445,1.739645745528673,0.9250174269450937,1.8806626717011388,32.20709620204254,train,uniform_fleet_prior_diagnostic_only,diagnostic_prior,0.9140592957156026,1.7190371971737666
B0007,B0007,59,59,0.3957641339990319,0.4009565298865839,1.7285642277717963,0.9191250795700842,1.8806626717011388,32.01265163907753,train,uniform_fleet_prior_diagnostic_only,diagnostic_prior,0.9115515529019931,1.7143209788739842
B0007,B0007,60,60,0.4019444746749596,0.4072179561707124,1.723900324588418,0.9166451541408419,1.8806626717011388,31.906559827179365,train,uniform_fleet_prior_diagnostic_only,diagnostic_prior,0.9092491370544283,1.709990911334736
B0007,B0007,61,61,0.4080987639884179,0.413452989300441,1.7139788776485192,0.9113696482836834,1.8806626717011388,31.717489207935248,train,uniform_fleet_prior_diagnostic_only,diagnostic_prior,0.9074868147748898,1.7066765776081008
B0007,B0007,62,62,0.4142393486965766,0.4196741380214718,1.7139701997004613,0.9113650339803379,1.8806626717011388,32.019992007344264,train,uniform_fleet_prior_diagnostic_only,diagnostic_prior,0.90520868921221,1.7023921919009206
B0007,B0007,63,63,0.420355188260944,0.4258702169442724,1.7036521173638766,0.9058786261881039,1.8806626717011388,31.962811077449473,train,uniform_fleet_prior_diagnostic_only,diagnostic_prior,0.9032328887709072,1.698676377764232
B0007,B0007,64,64,0.4264581118350981,0.4320532104200325,1.7040137474382486,0.9060709148317897,1.8806626717011388,32.17475335929765,train,uniform_fleet_prior_diagnostic_only,diagnostic_prior,0.9021278217845199,1.696598119533204
B0007,B0007,65,65,0.43252275603305246,0.43819742229703534,1.6935716157343033,0.9005185465835807,1.8806626717011388,32.02907660487451,train,uniform_fleet_prior_diagnostic_only,diagnostic_prior,0.8987268909577014,1.6902021158781688
B0007,B0007,66,66,0.43856232368746895,0.4443162286281214,1.6876577363877656,0.8973739744944307,1.8806626717011388,31.91266258072544,train,uniform_fleet_prior_diagnostic_only,diagnostic_prior,0.8959159144345448,1.6849156172600397
B0007,B0007,67,67,0.44458436627706743,0.45041727996684766,1.6830744356583152,0.894936907603905,1.8806626717011388,31.924466226342133,train,uniform_fleet_prior_diagnostic_only,diagnostic_prior,0.8945237511423968,1.6822974277235845
B0007,B0007,68,68,0.4505872165680425,0.45649888720542564,1.6779270142025482,0.8921998822281044,1.8806626717011388,31.99308942554409,train,uniform_fleet_prior_diagnostic_only,diagnostic_prior,0.8924629545207056,1.678421764443202
B0007,B0007,69,69,0.45657141506773874,0.4625615979426158,1.6732060275966172,0.8896896039751412,1.8806626717011388,32.02146298729415,train,uniform_fleet_prior_diagnostic_only,diagnostic_prior,0.8912740519607844,1.6761858397784684
B0007,B0007,70,70,0.4625326133183764,0.46860100666919713,1.6674367208253988,0.886621905095363,1.8806626717011388,31.998698970590773,train,uniform_fleet_prior_diagnostic_only,diagnostic_prior,0.8896132657773972,1.673062461197695
B0007,B0007,71,71,0.4684738778754167,0.4746202201736095,1.6622662630667526,0.8838726306845675,1.8806626717011388,31.981838574416024,train,uniform_fleet_prior_diagnostic_only,diagnostic_prior,0.8881006615996284,1.6702177629835062
B0007,B0007,72,72,0.47439483712433694,0.48061886196577536,1.6574243065763063,0.8812980294212445,1.8806626717011388,31.995317071485786,train,uniform_fleet_prior_diagnostic_only,diagnostic_prior,0.8865829288763858,1.6673634197052845
B0007,B0007,73,73,0.48029581644032515,0.48659726168978096,1.652538684928734,0.8787002101944965,1.8806626717011388,31.987552515727433,train,uniform_fleet_prior_diagnostic_only,diagnostic_prior,0.8826339868891694,1.6599367919172132
B0007,B0007,74,74,0.48617686657963033,0.49255547076779355,1.6472174627573322,0.8758707702042889,1.8806626717011388,31.942511984710038,train,uniform_fleet_prior_diagnostic_only,diagnostic_prior,0.8787984212911669,1.652723386872189
B0007,B0007,75,75,0.4920343601429164,0.4984898142092685,1.6364136810898071,0.8701261027367561,1.8806626717011388,31.906280371231965,train,uniform_fleet_prior_diagnostic_only,diagnostic_prior,0.8771565522562385,1.6496355850663769
B0007,B0007,76,76,0.4978887975703234,0.5044210614185899,1.6362554312048496,0.8700419569261656,1.8806626717011388,31.769690611667084,train,uniform_fleet_prior_diagnostic_only,diagnostic_prior,0.8753806389723439,1.6462956912451783
B0007,B0007,77,77,0.5037662004509152,0.5103755753861272,1.641119179218384,0.8726281453408773,1.8806626717011388,32.269234834275885,train,uniform_fleet_prior_diagnostic_only,diagnostic_prior,0.8737454890224805,1.6432205257718362
B0007,B0007,78,78,0.5095842249877826,0.5162699319705039,1.6315700789656966,0.867550626444812,1.8806626717011388,31.701186208088405,train,uniform_fleet_prior_diagnostic_only,diagnostic_prior,0.8716400829757381,1.639260967210954
B0007,B0007,79,79,0.5153771942707486,0.5221389045779188,1.621213282987236,0.8620436335458184,1.8806626717011388,31.526867347718444,train,uniform_fleet_prior_diagnostic_only,diagnostic_prior,0.8702231879506123,1.6365962656274806
B0007,B0007,80,80,0.521154909030089,0.5279924225234972,1.6164273214762122,0.8594988063511068,1.8806626717011388,31.662503382549602,train,uniform_fleet_prior_diagnostic_only,diagnostic_prior,0.8677514663094359,1.6319477910020843
B0007,B0007,81,81,0.5269304257877652,0.5338437136297937,1.615823510161921,0.859177743289997,1.8806626717011388,32.12033996392636,train,uniform_fleet_prior_diagnostic_only,diagnostic_prior,0.864565299139318,1.6259556853394441
B0007,B0007,82,82,0.5326942944495346,0.5396832038180348,1.61672418029789,0.8596566543406186,1.8806626717011388,32.35105024831795,train,uniform_fleet_prior_diagnostic_only,diagnostic_prior,0.8618661439964569,1.620879485017135
B0007,B0007,83,83,0.5384353507284978,0.5454995823267106,1.6108655863730026,0.8565414790287227,1.8806626717011388,32.25296938230856,train,uniform_fleet_prior_diagnostic_only,diagnostic_prior,0.8605021304717231,1.6183142356974727
B0007,B0007,84,84,0.5441521030570095,0.5512913380189197,1.6006603374309376,0.8511150678516274,1.8806626717011388,31.987953502895795,train,uniform_fleet_prior_diagnostic_only,diagnostic_prior,0.8577830249322553,1.61320051540898
B0007,B0007,85,85,0.5498437235526931,0.5570576321505305,1.5959174487005665,0.8485931436374987,1.8806626717011388,31.75482465089372,train,uniform_fleet_prior_diagnostic_only,diagnostic_prior,0.8552811177664164,1.6084952719941248
B0007,B0007,86,86,0.555526018320595,0.5628144782015075,1.5962179519462243,0.8487529294673445,1.8806626717011388,32.04392785058054,train,uniform_fleet_prior_diagnostic_only,diagnostic_prior,0.8538891009807953,1.605877357987026
B0007,B0007,87,87,0.5612076783805505,0.5685706812172172,1.5958065114633972,0.8485341552613064,1.8806626717011388,32.366928177053225,train,uniform_fleet_prior_diagnostic_only,diagnostic_prior,0.8538093271247704,1.6057273302738224
B0007,B0007,88,88,0.5668829238525788,0.574320385486085,1.5906507821480704,0.84579271236838,1.8806626717011388,32.43772938796022,train,uniform_fleet_prior_diagnostic_only,diagnostic_prior,0.8536545066214773,1.6054361651324651
B0007,B0007,89,89,0.5729354655213156,0.5804523360495906,1.6888211161855506,0.8979925754882669,1.8806626717011388,32.33097597966491,train,uniform_fleet_prior_diagnostic_only,diagnostic_prior,0.8522384082235075,1.6027729617359474
B0007,B0007,90,90,0.5787559384767407,0.5863491731755937,1.6259938279733204,0.86458558062544,1.8806626717011388,32.69333705975184,train,uniform_fleet_prior_diagnostic_only,diagnostic_prior,0.8520753980161071,1.6024663945237831
B0007,B0007,91,91,0.5845333080713863,0.5922023414279423,1.6157433862812898,0.8591351392218476,1.8806626717011388,32.695252149274175,train,uniform_fleet_prior_diagnostic_only,diagnostic_prior,0.8520685900025389,1.602453590946797
B0007,B0007,92,92,0.5902707731421039,0.5980150816119885,1.6056626764846538,0.8537749489291794,1.8806626717011388,32.49106117414983,train,uniform_fleet_prior_diagnostic_only,diagnostic_prior,0.8482973793739306,1.5953612158904507
B0007,B0007,93,93,0.595969645142828,0.6037887223878445,1.5949746921524348,0.8480918540855138,1.8806626717011388,32.299866128540074,train,uniform_fleet_prior_diagnostic_only,diagnostic_prior,0.844830925325351,1.58884198515812
B0007,B0007,94,94,0.6016481695509486,0.6095417486122012,1.5904102438871943,0.8456648115680422,1.8806626717011388,32.22041565375877,train,uniform_fleet_prior_diagnostic_only,diagnostic_prior,0.8420928617168535,1.5836926111368752
B0007,B0007,95,95,0.6073084017466276,0.6152762426316551,1.5853517062988178,0.8429750481859675,1.8806626717011388,32.27490334143234,train,uniform_fleet_prior_diagnostic_only,diagnostic_prior,0.8403413158691817,1.5803985442433859
B0007,B0007,96,96,0.6129487353236199,0.6209905769640309,1.5799737147242376,0.8401154223447657,1.8806626717011388,32.302694087200756,train,uniform_fleet_prior_diagnostic_only,diagnostic_prior,0.8384861919799849,1.5769096819935924
B0007,B0007,97,97,0.6185714001861948,0.6266870107697753,1.5752185465278068,0.8375869688012445,1.8806626717011388,32.326595712453006,train,uniform_fleet_prior_diagnostic_only,diagnostic_prior,0.8368311286037897,1.5737970660826823
B0007,B0007,98,98,0.6241730688194127,0.6323621728772013,1.569798484648868,0.8347049730236412,1.8806626717011388,32.32030927392286,train,uniform_fleet_prior_diagnostic_only,diagnostic_prior,0.8353667462838482,1.5710430569164693
B0007,B0007,99,99,0.6297588609010533,0.6380212501338787,1.5702565375950357,0.8349485323567742,1.8806626717011388,32.35294813828874,train,uniform_fleet_prior_diagnostic_only,diagnostic_prior,0.8329035453759015,1.5664106069159935
B0007,B0007,100,100,0.6353370997101836,0.6436726750196745,1.565249873909438,0.8322863517536633,1.8806626717011388,32.38706440854508,train,uniform_fleet_prior_diagnostic_only,diagnostic_prior,0.8299242755342376,1.5608076053358515
B0007,B0007,101,101,0.640897098250419,0.6493056203256095,1.559633933561147,0.8293002020135766,1.8806626717011388,32.369650456461514,train,uniform_fleet_prior_diagnostic_only,diagnostic_prior,0.827551911006667,1.5563459879251815
B0007,B0007,102,102,0.6464749824042971,0.6549566859031027,1.5649820533392105,0.8321439442000612,1.8806626717011388,32.41032754606433,train,uniform_fleet_prior_diagnostic_only,diagnostic_prior,0.82682499532967,1.5549789047459788
B0007,B0007,103,103,0.6520999789690342,0.6606554820027676,1.57497949984227,0.8374598611124846,1.8806626717011388,33.07956179982091,train,uniform_fleet_prior_diagnostic_only,diagnostic_prior,0.8255892565618015,1.5526548969732745
B0007,B0007,104,104,0.6576821220650126,0.6663108623993634,1.5652811168780458,0.8323029644982441,1.8806626717011388,32.95565253868652,train,uniform_fleet_prior_diagnostic_only,diagnostic_prior,0.8244995994020072,1.5506056194278977
B0007,B0007,105,105,0.6632295777853853,0.6719311003245756,1.559755497470126,0.8293648408830603,1.8806626717011388,32.78617666075475,train,uniform_fleet_prior_diagnostic_only,diagnostic_prior,0.824436756544658,1.5504874332118979
B0007,B0007,106,106,0.6687494099725386,0.6775233522978752,1.549897685670499,0.8241231715778944,1.8806626717011388,32.60766808692733,train,uniform_fleet_prior_diagnostic_only,diagnostic_prior,0.824172453813507,1.5499903689313934
B0007,B0007,107,107,0.6742527035064081,0.6830988486319947,1.543877153134502,0.8209218890583924,1.8806626717011388,32.5947819968591,train,uniform_fleet_prior_diagnostic_only,diagnostic_prior,0.8231514084545599,1.548070127038708
B0007,B0007,108,108,0.6797584316146762,0.6886768114819471,1.5450187488690073,0.8215289068674249,1.8806626717011388,32.88621415929196,train,uniform_fleet_prior_diagnostic_only,diagnostic_prior,0.821303064420979,1.5445940154102908
B0007,B0007,109,109,0.6852472661630179,0.6942376591297283,1.5445940154102908,0.821303064420979,1.8806626717011388,33.00480345410737,train,uniform_fleet_prior_diagnostic_only,diagnostic_prior,0.8208068757325231,1.5436608518657915
B0007,B0007,110,110,0.6907124903821381,0.6997745866825316,1.5343086721758876,0.8158340649086424,1.8806626717011388,32.762639292411876,train,uniform_fleet_prior_diagnostic_only,diagnostic_prior,0.8194391304202719,1.5410885843126465
B0007,B0007,111,111,0.6961561602045924,0.705289677046594,1.5287603942958483,0.8128838931614567,1.8806626717011388,32.6265024274454,test,uniform_fleet_prior_diagnostic_only,diagnostic_prior,0.8184867597004076,1.5392974962501766
B0007,B0007,112,112,0.7016007501193042,0.7108056995744557,1.5289260249179843,0.8129719635127368,1.8806626717011388,32.86437391659774,test,uniform_fleet_prior_diagnostic_only,diagnostic_prior,0.8155364047858693,1.5337488738941343
B0007,B0007,113,113,0.7070422562265477,0.7163185978355254,1.529091650133123,0.813060030988968,1.8806626717011388,33.13650778836407,test,uniform_fleet_prior_diagnostic_only,diagnostic_prior,0.8139870639206873,1.5308350863632454
B0007,B0007,114,114,0.7124645500468264,0.7218120317458598,1.5239059324661248,0.8103026424657472,1.8806626717011388,33.010652051496784,test,uniform_fleet_prior_diagnostic_only,diagnostic_prior,0.8133349206072109,1.5296086247769909
B0007,B0007,115,115,0.7178670290552273,0.7272853908754641,1.5186675419100617,0.8075172463206083,1.8806626717011388,32.80753006535765,test,uniform_fleet_prior_diagnostic_only,diagnostic_prior,0.8120181336890097,1.5271321927733454
B0007,B0007,116,116,0.7232490086553535,0.7327379816460877,1.5136482266426952,0.8048483385239611,1.8806626717011388,32.641268601406274,test,uniform_fleet_prior_diagnostic_only,diagnostic_prior,0.8093500952498497,1.5221145124741535
B0007,B0007,117,117,0.7286315012449207,0.7381910921365357,1.5136050185229033,0.8048253635798406,1.8806626717011388,32.89473482960106,test,uniform_fleet_prior_diagnostic_only,diagnostic_prior,0.8072046125291137,1.5180795832084855
B0007,B0007,118,118,0.7340166280691961,0.7436468714226543,1.5139470614867965,0.8050072372188721,1.8806626717011388,33.243398948655575,test,uniform_fleet_prior_diagnostic_only,diagnostic_prior,0.8066114479674332,1.5169640407591571
B0007,B0007,119,119,0.7394737701540678,0.7491756108042111,1.5339599193158786,0.8156486234335406,1.8806626717011388,32.98684212940174,test,uniform_fleet_prior_diagnostic_only,diagnostic_prior,0.8058375091205652,1.515508522859673
B0007,B0007,120,120,0.7449454325146311,0.7547190609663925,1.5391372798653098,0.8184015682478002,1.8806626717011388,33.07237495199648,test,uniform_fleet_prior_diagnostic_only,diagnostic_prior,0.8053825620125238,1.5146529208159811
B0007,B0007,121,121,0.7503669995049457,0.7602117585108079,1.5236247972838737,0.8101531551672106,1.8806626717011388,32.801237747309585,test,uniform_fleet_prior_diagnostic_only,diagnostic_prior,0.8053725001794747,1.5146339979021568
B0007,B0007,122,122,0.7557510430646763,0.765666440320032,1.5135813035589147,0.8048127536820926,1.8806626717011388,32.48270190090249,test,uniform_fleet_prior_diagnostic_only,diagnostic_prior,0.8047569874241661,1.5134764260392919
B0007,B0007,123,123,0.7611124191017807,0.7710981572104254,1.5077850749847914,0.80173073974023,1.8806626717011388,32.39706532183529,test,uniform_fleet_prior_diagnostic_only,diagnostic_prior,0.804310110925691,1.5126360020897494
B0007,B0007,124,124,0.7664560736122508,0.7765119200690782,1.5031960676037333,0.799290638466296,1.8806626717011388,32.38951238720904,test,uniform_fleet_prior_diagnostic_only,diagnostic_prior,0.8031602742465691,1.510473547168772
B0007,B0007,125,125,0.7717804886556895,0.7819061910403288,1.497822059699588,0.7964331308520867,1.8806626717011388,32.35844017220853,test,uniform_fleet_prior_diagnostic_only,diagnostic_prior,0.8025563281072794,1.5093377282088918
B0007,B0007,126,126,0.7770858668761584,0.7872811754269137,1.492848534633516,0.7937885709632189,1.8806626717011388,32.32653709728302,test,uniform_fleet_prior_diagnostic_only,diagnostic_prior,0.8014661715924507,1.5072875115451416
B0007,B0007,127,127,0.7823691220708671,0.7926337465352922,1.492414389867026,0.7935577242659227,1.8806626717011388,32.21586424028177,test,uniform_fleet_prior_diagnostic_only,diagnostic_prior,0.7997903135921842,1.5041357879609687
B0007,B0007,128,128,0.787646163399631,0.7979800222522687,1.487482776538081,0.7909354499989039,1.8806626717011388,32.1793677745159,test,uniform_fleet_prior_diagnostic_only,diagnostic_prior,0.7987307909331985,1.502143183246393
B0007,B0007,129,129,0.7929072247490873,0.8033101083338022,1.482535148640411,0.7883046603458107,1.8806626717011388,32.19063547440454,test,uniform_fleet_prior_diagnostic_only,diagnostic_prior,0.7974195086699741,1.499677103641883
B0007,B0007,130,130,0.7981522061705466,0.8086239035198842,1.4827874322228984,0.7884388064562661,1.8806626717011388,32.21420586219997,test,uniform_fleet_prior_diagnostic_only,diagnostic_prior,0.7959842131544921,1.4969777969430558
B0007,B0007,131,131,0.803389123651771,0.8139295289674373,1.476971179775059,0.7853461452707392,1.8806626717011388,32.166352823813924,test,uniform_fleet_prior_diagnostic_only,diagnostic_prior,0.7952901354327009,1.4956724708804237
B0007,B0007,132,132,0.8086509050182045,0.8192603445125171,1.4819015554137276,0.7879677614238417,1.8806626717011388,32.471070068123446,test,uniform_fleet_prior_diagnostic_only,diagnostic_prior,0.7949893117145069,1.495106722942854
B0007,B0007,133,133,0.8139603390215269,0.8246394378935237,1.4981366198874824,0.7966003911442314,1.8806626717011388,32.706710734163245,test,uniform_fleet_prior_diagnostic_only,diagnostic_prior,0.794975459484785,1.4950806715714962
B0007,B0007,134,134,0.8192246451372781,0.8299728113124437,1.4820775214392872,0.7880613273930117,1.8806626717011388,32.52996523954131,test,uniform_fleet_prior_diagnostic_only,diagnostic_prior,0.794975459484785,1.4950806715714962
B0007,B0007,135,135,0.8244621274187334,0.8352790089703647,1.4771155312812152,0.7854229009315646,1.8806626717011388,32.342667854606155,test,uniform_fleet_prior_diagnostic_only,diagnostic_prior,0.7948031090026033,1.4947565384532073
B0007,B0007,136,136,0.8296774700982759,0.8405627765564488,1.4720772783056488,0.7827439234352925,1.8806626717011388,32.10932663078957,test,uniform_fleet_prior_diagnostic_only,diagnostic_prior,0.794288831258886,1.4937893554977115
B0007,B0007,137,137,0.8348834674406994,0.8458370761952888,1.472248013656454,0.7828347081110211,1.8806626717011388,32.420792037942235,test,uniform_fleet_prior_diagnostic_only,diagnostic_prior,0.7931195305391694,1.4915902952821471
B0007,B0007,138,138,0.8400878833177724,0.8511097736200709,1.4670106672274663,0.7800498671569278,1.8806626717011388,32.641629225234944,test,uniform_fleet_prior_diagnostic_only,diagnostic_prior,0.7914991687096868,1.48854294127479
B0007,B0007,139,139,0.8452711955388637,0.8563610905104806,1.461767249533538,0.7772617979445021,1.8806626717011388,32.41939085895412,test,uniform_fleet_prior_diagnostic_only,diagnostic_prior,0.7908880656048802,1.4873936624770197
B0007,B0007,140,140,0.8504308831105701,0.8615884727978695,1.4566952670489708,0.7745648855418226,1.8806626717011388,32.133611635202044,test,uniform_fleet_prior_diagnostic_only,diagnostic_prior,0.7899630291456818,1.4856539809382425
B0007,B0007,141,141,0.8555706891621103,0.8667957127210322,1.451354972758956,0.7717253043822815,1.8806626717011388,31.991267905355837,test,uniform_fleet_prior_diagnostic_only,diagnostic_prior,0.7891076286089622,1.4840452610794808
B0007,B0007,142,142,0.8607135399968031,0.8720060373746749,1.451615926257375,0.7718640605251802,1.8806626717011388,32.279680132216704,test,uniform_fleet_prior_diagnostic_only,diagnostic_prior,0.7857108293717465,1.4776570275507863
B0007,B0007,143,143,0.8658410279394388,0.8772007975762639,1.4468161332173683,0.7693118787265885,1.8806626717011388,32.3264917262312,test,uniform_fleet_prior_diagnostic_only,diagnostic_prior,0.7843027546709672,1.475008914022064
B0007,B0007,144,144,0.8709583437452144,0.8823852521833168,1.4467570607768785,0.7692804682873966,1.8806626717011388,32.112812580469615,test,uniform_fleet_prior_diagnostic_only,diagnostic_prior,0.7832883230405628,1.4731011103217695
B0007,B0007,145,145,0.8760524556522385,0.887546198458199,1.4413797481446793,0.7664212034585077,1.8806626717011388,31.87606103874967,test,uniform_fleet_prior_diagnostic_only,diagnostic_prior,0.7820583512905958,1.4707879483643596
B0007,B0007,146,146,0.8811311592946762,0.892691534313214,1.4362456252208178,0.7636912492774013,1.8806626717011388,31.79794290293442,test,uniform_fleet_prior_diagnostic_only,diagnostic_prior,0.7815685418049985,1.4698667819485516
B0007,B0007,147,147,0.8862121043138673,0.897839140951678,1.4368154153924828,0.7639942223624945,1.8806626717011388,32.11425775812325,test,uniform_fleet_prior_diagnostic_only,diagnostic_prior,0.7801796289386697,1.4672547053666016
B0007,B0007,148,148,0.891289041482796,0.9029826871571834,1.4362945145860049,0.7637172450957491,1.8806626717011388,32.13496326463143,test,uniform_fleet_prior_diagnostic_only,diagnostic_prior,0.7798527591190539,1.4666399734983446
B0007,B0007,149,149,0.8963800970730339,0.9081405370166316,1.4418575315878015,0.7666752540388226,1.8806626717011388,31.790587942538302,test,uniform_fleet_prior_diagnostic_only,diagnostic_prior,0.7795063946036281,1.4659885786833815
B0007,B0007,150,150,0.9015680154294082,0.9133965204744753,1.4672063484781797,0.7801539162528438,1.8806626717011388,32.21342390731637,test,uniform_fleet_prior_diagnostic_only,diagnostic_prior,0.7787353619619429,1.4645385263755009
B0007,B0007,151,151,0.9067089666300185,0.9186049205709782,1.4518640367848883,0.7719959877076817,1.8806626717011388,32.22400342501296,test,uniform_fleet_prior_diagnostic_only,diagnostic_prior,0.7778880889059155,1.462945091566292
B0007,B0007,152,152,0.9118168229318644,0.923779791566116,1.44713797527485,0.7694830109888089,1.8806626717011388,32.050248913194764,test,uniform_fleet_prior_diagnostic_only,diagnostic_prior,0.777285961317185,1.461812692686565
B0007,B0007,153,153,0.9169027744371754,0.928932470375424,1.441790586562399,0.7666396575299911,1.8806626717011388,31.97159294459724,test,uniform_fleet_prior_diagnostic_only,diagnostic_prior,0.7764431944213731,1.4602277324446662
B0007,B0007,154,154,0.9219685593445461,0.9340647180025327,1.431630947911111,0.761237498597311,1.8806626717011388,31.914652817971838,test,uniform_fleet_prior_diagnostic_only,diagnostic_prior,0.7729941527209351,1.453741248465512
B0007,B0007,155,155,0.9270266424636948,0.9391891627945327,1.4318084249673686,0.7613318680230078,1.8806626717011388,31.919889411054154,test,uniform_fleet_prior_diagnostic_only,diagnostic_prior,0.7707445174921255,1.4495104434657458
B0007,B0007,156,156,0.9320697704701951,0.9442984562639232,1.4262562585106868,0.7583796286128112,1.8806626717011388,31.9155630000974,test,uniform_fleet_prior_diagnostic_only,diagnostic_prior,0.7693119811078025,1.4468163257618958
B0007,B0007,157,157,0.9370935035470704,0.9493881003436601,1.4260877528924911,0.7582900295471566,1.8806626717011388,31.861609898405113,test,uniform_fleet_prior_diagnostic_only,diagnostic_prior,0.7672864797379048,1.4430070409440496
B0007,B0007,158,158,0.9421120693379053,0.9544725093429495,1.4212633510031694,0.7557247625474358,1.8806626717011388,31.883218167596084,test,uniform_fleet_prior_diagnostic_only,diagnostic_prior,0.764943839981492,1.438601325800921
B0007,B0007,159,159,0.947118213386072,0.9595443336272345,1.4163272748795108,0.7531001152898851,1.8806626717011388,31.92582811786564,test,uniform_fleet_prior_diagnostic_only,diagnostic_prior,0.7638784364832512,1.4365976612114797
B0007,B0007,160,160,0.9521178581361519,0.964609573343127,1.4165781829175994,0.7532335299856006,1.8806626717011388,31.985311142340915,test,uniform_fleet_prior_diagnostic_only,diagnostic_prior,0.7616813539762212,1.4324656901538608
B0007,B0007,161,161,0.957102443048094,0.9696595556369298,1.4108401729425175,0.7501824724719788,1.8806626717011388,32.01550193603968,test,uniform_fleet_prior_diagnostic_only,diagnostic_prior,0.7594528052093485,1.428274541675938
B0007,B0007,162,162,0.9620805188350012,0.9747029434064634,1.4109949628347804,0.7502647785094155,1.8806626717011388,31.9591538800485,test,uniform_fleet_prior_diagnostic_only,diagnostic_prior,0.7583107536873389,1.426126728009335
B0007,B0007,163,163,0.9670454365558468,0.979733000477091,1.40617142903988,0.747699973099343,1.8806626717011388,31.950282082584657,test,uniform_fleet_prior_diagnostic_only,diagnostic_prior,0.757618837444559,1.4248254669595952
B0007,B0007,164,164,0.9720058055716266,0.984758449163982,1.4063358479692922,0.7477873991603194,1.8806626717011388,32.03146836897805,test,uniform_fleet_prior_diagnostic_only,diagnostic_prior,0.7564606577276932,1.4226473215989641
B0007,B0007,165,165,0.9769500273390578,0.9897675387518318,1.4004552399066514,0.7446605183267027,1.8806626717011388,32.04487078197156,test,uniform_fleet_prior_diagnostic_only,diagnostic_prior,0.755915710032258,1.4216224588101296
B0007,B0007,166,166,0.981972871083752,0.9948562818314157,1.4217865046055154,0.7560029376876234,1.8806626717011388,32.36577736519632,test,uniform_fleet_prior_diagnostic_only,diagnostic_prior,0.7534278883313211,1.4169437054033296
B0007,B0007,167,167,0.9870499779888339,1.0,1.4324552720625434,0.7616758143909068,1.8806626717011388,32.51333699174179,test,uniform_fleet_prior_diagnostic_only,diagnostic_prior,0.7499935830541347,1.4104849356652989
B0007,B0007,0,0,0.0067877999488538,0.0068768553773581945,1.89105229539079,1.005524448294735,1.8806626717011388,32.28484691034007,train,similarity_weighted_prior_diagnostic_only,diagnostic_prior,1.0102858515221784,1.9000068887055601
B0007,B0007,1,1,0.013558315000749,0.013736199081200303,1.880637027686859,0.9999863643732256,1.8806626717011388,32.4165431995307,train,similarity_weighted_prior_diagnostic_only,diagnostic_prior,1.0077273555058477,1.8951952207519507
B0007,B0007,2,2,0.0203298541115804,0.020596580279555392,1.8806626717011388,1.0,1.8806626717011388,32.383898491182386,train,similarity_weighted_prior_diagnostic_only,diagnostic_prior,1.0046491079496236,1.8894060754787048
B0007,B0007,3,3,0.0270990552982708,0.027454592880379318,1.8807709009833444,1.000057548482157,1.8806626717011388,32.27316014909398,train,similarity_weighted_prior_diagnostic_only,diagnostic_prior,1.0039498948019174,1.8880910914122513
B0007,B0007,4,4,0.0338625451944767,0.03430681925901403,1.8794508728285055,0.9993556532541069,1.8806626717011388,32.18350092144967,train,similarity_weighted_prior_diagnostic_only,diagnostic_prior,1.0030971514360003,1.8864873687954302
B0007,B0007,5,5,0.0406089171360317,0.04114170309671097,1.8807003517117404,1.0000200354966198,1.8806626717011388,32.177798836857754,train,similarity_weighted_prior_diagnostic_only,diagnostic_prior,1.0026472948893617,1.8856413403805465
B0007,B0007,6,6,0.047353163803319304,0.04797443377670081,1.8799352523566075,0.9996132111539847,1.8806626717011388,32.24520798906972,train,similarity_weighted_prior_diagnostic_only,diagnostic_prior,1.0026012838656064,1.8855548091656833
B0007,B0007,7,7,0.0541018342572135,0.054811646283047216,1.88150881240388,1.0004499162531768,1.8806626717011388,32.23822028591172,train,similarity_weighted_prior_diagnostic_only,diagnostic_prior,1.0014954045488138,1.883475023215185
B0007,B0007,8,8,0.0608444643193756,0.06164273914817302,1.8696907870385844,0.9941659475526093,1.8806626717011388,32.18495717325262,train,similarity_weighted_prior_diagnostic_only,diagnostic_prior,0.9964085073294927,1.8739082855000275
B0007,B0007,9,9,0.0675848234543631,0.06847153129172925,1.870052380139199,0.9943582165363328,1.8806626717011388,32.11311897669176,train,similarity_weighted_prior_diagnostic_only,diagnostic_prior,0.9951511026886879,1.871543531528842
B0007,B0007,10,10,0.07432050678640291,0.07529558628615224,1.8700442394188577,0.9943538878917205,1.8806626717011388,32.02149197779285,train,similarity_weighted_prior_diagnostic_only,diagnostic_prior,0.9942668415344557,1.8698805345840421
B0007,B0007,11,11,0.0810272955446865,0.08209036761216881,1.8596518987766364,0.9888279949186756,1.8806626717011388,32.25632900322152,train,similarity_weighted_prior_diagnostic_only,diagnostic_prior,0.992403141858367,1.8663755441719607
B0007,B0007,12,12,0.0877348123911171,0.08888588657879451,1.8590746560862208,0.9885210591246592,1.8806626717011388,32.2088232522219,train,similarity_weighted_prior_diagnostic_only,diagnostic_prior,0.9901895699460526,1.862212562105345
B0007,B0007,13,13,0.0944337196992374,0.09567268305061012,1.8590084577709232,0.9884858596621007,1.8806626717011388,32.06222749979977,train,similarity_weighted_prior_diagnostic_only,diagnostic_prior,0.9870953736864259,1.8563934227009475
B0007,B0007,14,14,0.10111002554808621,0.10243658153369618,1.8593622586957048,0.9886739853319007,1.8806626717011388,31.933954214210992,train,similarity_weighted_prior_diagnostic_only,diagnostic_prior,0.983396679911068,1.8494374273835787
B0007,B0007,15,15,0.107779114776125,0.10919316871444606,1.8587355450601035,0.9883407444774766,1.8806626717011388,31.839330052030135,train,similarity_weighted_prior_diagnostic_only,diagnostic_prior,0.9817369967831078,1.8463161232779717
B0007,B0007,16,16,0.1144418500428556,0.1159433185703898,1.847817291322145,0.9825352090658109,1.8806626717011388,31.854304304240507,train,similarity_weighted_prior_diagnostic_only,diagnostic_prior,0.9802714863570294,1.8435599925246573
B0007,B0007,17,17,0.1210806522574078,0.12266922137429756,1.8485252916137047,0.9829116722679647,1.8806626717011388,31.85655540457675,train,similarity_weighted_prior_diagnostic_only,diagnostic_prior,0.9772138206759517,1.837809554815713
B0007,B0007,18,18,0.1277138197362293,0.1293894155151626,1.848378951850034,0.982833859396006,1.8806626717011388,31.867182607083926,train,similarity_weighted_prior_diagnostic_only,diagnostic_prior,0.9768244537090967,1.8370772868955552
B0007,B0007,19,19,0.1344966829519803,0.13626126938984828,1.8807805437609768,1.000062675811889,1.8806626717011388,32.1334860227689,train,similarity_weighted_prior_diagnostic_only,diagnostic_prior,0.9762401614998613,1.8359784303482802
B0007,B0007,20,20,0.1412840288772002,0.1431376647868164,1.88147215974436,1.000430427027346,1.8806626717011388,32.446532980553975,train,similarity_weighted_prior_diagnostic_only,diagnostic_prior,0.9737554864557878,1.831305594741584
B0007,B0007,21,21,0.1480418890548561,0.1499841875854141,1.8810954313244783,1.0002301101786362,1.8806626717011388,32.051008433459806,train,similarity_weighted_prior_diagnostic_only,diagnostic_prior,0.9735236067909045,1.8308695073115113
B0007,B0007,22,22,0.1547905406988955,0.1568213810351218,1.8710089649779995,0.9948668589702974,1.8806626717011388,31.724706032697572,train,similarity_weighted_prior_diagnostic_only,diagnostic_prior,0.9724956100632112,1.8289361922391076
B0007,B0007,23,23,0.1615288348358825,0.16364808108805795,1.8701995151941373,0.9944364522865033,1.8806626717011388,31.613784878904134,train,similarity_weighted_prior_diagnostic_only,diagnostic_prior,0.9715762675773607,1.8272072191434596
B0007,B0007,24,24,0.16824310231611872,0.17045043925630074,1.8706715362800983,0.994687438863237,1.8806626717011388,31.51707667966367,train,similarity_weighted_prior_diagnostic_only,diagnostic_prior,0.9709794244046865,1.8260847584677518
B0007,B0007,25,25,0.17494689133868252,0.17724218149028886,1.8596124644020169,0.9888070265785193,1.8806626717011388,31.442860781038384,train,similarity_weighted_prior_diagnostic_only,diagnostic_prior,0.9702870640922094,1.8247826622727086
B0007,B0007,26,26,0.18162435108428243,0.18400724900916524,1.860033909718346,0.9890311206293401,1.8806626717011388,31.32326275303232,train,similarity_weighted_prior_diagnostic_only,diagnostic_prior,0.969803489867562,1.8238732222794174
B0007,B0007,27,27,0.18829193908829922,0.19076231526994603,1.8591653109160768,0.9885692627877722,1.8806626717011388,31.285715705797358,train,similarity_weighted_prior_diagnostic_only,diagnostic_prior,0.9676227909881618,1.819772063298709
B0007,B0007,28,28,0.1949532918998068,0.19751106453295747,1.8481398178778288,0.982706705294527,1.8806626717011388,31.331850868998007,train,similarity_weighted_prior_diagnostic_only,diagnostic_prior,0.9647675931081294,1.814402399225412
B0007,B0007,29,29,0.2015877431015906,0.2042325592391342,1.849201702126164,0.9832713383168726,1.8806626717011388,31.322857339322585,train,similarity_weighted_prior_diagnostic_only,diagnostic_prior,0.9635771013593999,1.812163485832608
B0007,B0007,30,30,0.2083684200983972,0.21110219821184617,1.8834677437950849,1.0014915338811978,1.8806626717011388,31.569076238799028,train,similarity_weighted_prior_diagnostic_only,diagnostic_prior,0.9634561307660818,1.8119359809533813
B0007,B0007,31,31,0.21507742371715752,0.21789922345714352,1.8628211117905844,0.9905131525291476,1.8806626717011388,31.78210150116521,train,similarity_weighted_prior_diagnostic_only,diagnostic_prior,0.9634561307660818,1.8119359809533813
B0007,B0007,32,32,0.22174716098346262,0.22465646717837337,1.852085039652352,0.9848044880781639,1.8806626717011388,31.51504198920288,train,similarity_weighted_prior_diagnostic_only,diagnostic_prior,0.9634561307660818,1.8119359809533813
B0007,B0007,33,33,0.22838969612938392,0.2313861518894311,1.8469504648208708,0.9820742936053631,1.8806626717011388,31.13866351339678,train,similarity_weighted_prior_diagnostic_only,diagnostic_prior,0.9634269924099228,1.811881181534638
B0007,B0007,34,34,0.23499853285558833,0.23808169606002139,1.836828431169018,0.9766921302838053,1.8806626717011388,31.068710515588776,train,similarity_weighted_prior_diagnostic_only,diagnostic_prior,0.9623871080593714,1.80992550985367
B0007,B0007,35,35,0.24160835064757344,0.24477823416790215,1.8371619619672277,0.9768694777705335,1.8806626717011388,31.618244836823447,train,similarity_weighted_prior_diagnostic_only,diagnostic_prior,0.9608733642064725,1.807078668295006
B0007,B0007,36,36,0.24819237140287903,0.2514486367839084,1.8316722583718852,0.9739504515794214,1.8806626717011388,31.331528063668397,train,similarity_weighted_prior_diagnostic_only,diagnostic_prior,0.9569017049363283,1.79960931696093
B0007,B0007,37,37,0.2547432857502545,0.25808549863838437,1.8211470951317783,0.9683539331827509,1.8806626717011388,31.132569191182146,train,similarity_weighted_prior_diagnostic_only,diagnostic_prior,0.9533688895424455,1.7929652829236433
B0007,B0007,38,38,0.261272249720768,0.2647001221286929,1.816506091511515,0.965886184080215,1.8806626717011388,30.972969676157927,train,similarity_weighted_prior_diagnostic_only,diagnostic_prior,0.948833984775934,1.7844366568095456
B0007,B0007,39,39,0.26778569338076214,0.271299021683167,1.8113815601504557,0.9631613299965084,1.8806626717011388,31.1990648511682,train,similarity_weighted_prior_diagnostic_only,diagnostic_prior,0.9449344149358544,1.7771028813756164
B0007,B0007,40,40,0.2742994420532429,0.2778982302518687,1.8116056333939583,0.9632804758948528,1.8806626717011388,31.722267598269813,train,similarity_weighted_prior_diagnostic_only,diagnostic_prior,0.9418455259987413,1.7712937232545571
B0007,B0007,41,41,0.2807943613048851,0.2844783623591364,1.8060548955557405,0.9603289961203343,1.8806626717011388,31.900827580605675,train,similarity_weighted_prior_diagnostic_only,diagnostic_prior,0.9379919491369175,1.764046445097994
B0007,B0007,42,42,0.2872909511659225,0.2910601869940698,1.8132041826994056,0.9641304684690136,1.8806626717011388,31.537240249861696,train,similarity_weighted_prior_diagnostic_only,diagnostic_prior,0.9355660742279289,1.7594841927104428
B0007,B0007,43,43,0.2937810439745224,0.2976354293357229,1.8062641938283532,0.9604402857608223,1.8806626717011388,31.24662583059252,train,similarity_weighted_prior_diagnostic_only,diagnostic_prior,0.93358538234112,1.7557591794147798
B0007,B0007,44,44,0.30022675843095453,0.3041657110845413,1.7958310249900458,0.9548926833144621,1.8806626717011388,30.939399361884792,train,similarity_weighted_prior_diagnostic_only,diagnostic_prior,0.9318233326691191,1.7524453583709645
B0007,B0007,45,45,0.30664018143595784,0.31066327772049934,1.7858852600390451,0.9496042469028412,1.8806626717011388,30.884857004354572,train,similarity_weighted_prior_diagnostic_only,diagnostic_prior,0.9303572835798317,1.7496882145738604
B0007,B0007,46,46,0.31302964146921813,0.31713656699231424,1.780326860450275,0.9466486931651035,1.8806626717011388,30.92068231669583,train,similarity_weighted_prior_diagnostic_only,diagnostic_prior,0.9294793378787035,1.748037094865968
B0007,B0007,47,47,0.3195679363639231,0.323760643827843,1.8150756899575575,0.9651256002841514,1.8806626717011388,33.880577817079796,train,similarity_weighted_prior_diagnostic_only,diagnostic_prior,0.9289625969804264,1.747065279547637
B0007,B0007,48,48,0.3261114488711309,0.330390006730561,1.815702515484584,0.9654589006343197,1.8806626717011388,33.038339318294426,train,similarity_weighted_prior_diagnostic_only,diagnostic_prior,0.9289483941017592,1.747038568723897
B0007,B0007,49,49,0.3325919552411926,0.33695553686031804,1.800243217805667,0.957238767427266,1.8806626717011388,32.27329169539201,train,similarity_weighted_prior_diagnostic_only,diagnostic_prior,0.9288978209160282,1.7469434576213037
B0007,B0007,50,50,0.3390309597661647,0.3434790206438767,1.7904476205609308,0.9520301793098256,1.8806626717011388,31.937919783481355,train,similarity_weighted_prior_diagnostic_only,diagnostic_prior,0.928530416704208,1.7462524942347075
B0007,B0007,51,51,0.3454299431761429,0.349961958238401,1.780343032300132,0.9466572921818757,1.8806626717011388,31.666536557848985,train,similarity_weighted_prior_diagnostic_only,diagnostic_prior,0.9282828885321864,1.745786977241392
B0007,B0007,52,52,0.351806649018713,0.3564223259854962,1.775328769596812,0.9439910709723144,1.8806626717011388,31.75629643677935,train,similarity_weighted_prior_diagnostic_only,diagnostic_prior,0.9274398290466522,1.7442014667369243
B0007,B0007,53,53,0.358165547068529,0.362864652302926,1.770262973473285,0.941297448027725,1.8806626717011388,32.088325013914364,train,similarity_weighted_prior_diagnostic_only,diagnostic_prior,0.9267359152286646,1.7428776422953405
B0007,B0007,54,54,0.364486916005149,0.3692689571279969,1.760081061854204,0.9358834459462825,1.8806626717011388,31.82251993749757,train,similarity_weighted_prior_diagnostic_only,diagnostic_prior,0.9262561809338559,1.7419754239147587
B0007,B0007,55,55,0.3707805906578124,0.3756452043221735,1.749647593537689,0.9303356842591334,1.8806626717011388,31.74791532159688,train,similarity_weighted_prior_diagnostic_only,diagnostic_prior,0.9238236920312193,1.7374007328362429
B0007,B0007,56,56,0.3770545028272185,0.3820014297507881,1.749650075059311,0.9303370037523415,1.8806626717011388,31.653283034756647,train,similarity_weighted_prior_diagnostic_only,diagnostic_prior,0.9210192357158928,1.732126496529592
B0007,B0007,57,57,0.3833113674155636,0.3883403839353511,1.745028739214683,0.9278797125463393,1.8806626717011388,31.86324654660876,train,similarity_weighted_prior_diagnostic_only,diagnostic_prior,0.917740929538963,1.7259611084762327
B0007,B0007,58,58,0.38955160131286437,0.394662489235445,1.739645745528673,0.9250174269450937,1.8806626717011388,32.20709620204254,train,similarity_weighted_prior_diagnostic_only,diagnostic_prior,0.9155197502975253,1.7217838195897033
B0007,B0007,59,59,0.3957641339990319,0.4009565298865839,1.7285642277717963,0.9191250795700842,1.8806626717011388,32.01265163907753,train,similarity_weighted_prior_diagnostic_only,diagnostic_prior,0.912761761416436,1.7165969728520718
B0007,B0007,60,60,0.4019444746749596,0.4072179561707124,1.723900324588418,0.9166451541408419,1.8806626717011388,31.906559827179365,train,similarity_weighted_prior_diagnostic_only,diagnostic_prior,0.910304558593948,1.71197580322702
B0007,B0007,61,61,0.4080987639884179,0.413452989300441,1.7139788776485192,0.9113696482836834,1.8806626717011388,31.717489207935248,train,similarity_weighted_prior_diagnostic_only,diagnostic_prior,0.9083777817959978,1.7083521860264153
B0007,B0007,62,62,0.4142393486965766,0.4196741380214718,1.7139701997004613,0.9113650339803379,1.8806626717011388,32.019992007344264,train,similarity_weighted_prior_diagnostic_only,diagnostic_prior,0.9060093326758035,1.7038979321762424
B0007,B0007,63,63,0.420355188260944,0.4258702169442724,1.7036521173638766,0.9058786261881039,1.8806626717011388,31.962811077449473,train,similarity_weighted_prior_diagnostic_only,diagnostic_prior,0.9038889673827478,1.6999102403192219
B0007,B0007,64,64,0.4264581118350981,0.4320532104200325,1.7040137474382486,0.9060709148317897,1.8806626717011388,32.17475335929765,train,similarity_weighted_prior_diagnostic_only,diagnostic_prior,0.9025546033925759,1.6974007517724434
B0007,B0007,65,65,0.43252275603305246,0.43819742229703534,1.6935716157343033,0.9005185465835807,1.8806626717011388,32.02907660487451,train,similarity_weighted_prior_diagnostic_only,diagnostic_prior,0.8988766057458725,1.6904836788916837
B0007,B0007,66,66,0.43856232368746895,0.4443162286281214,1.6876577363877656,0.8973739744944307,1.8806626717011388,31.91266258072544,train,similarity_weighted_prior_diagnostic_only,diagnostic_prior,0.8959631667970743,1.6850044830143989
B0007,B0007,67,67,0.44458436627706743,0.45041727996684766,1.6830744356583152,0.894936907603905,1.8806626717011388,31.924466226342133,train,similarity_weighted_prior_diagnostic_only,diagnostic_prior,0.8945579345383348,1.682361715160317
B0007,B0007,68,68,0.4505872165680425,0.45649888720542564,1.6779270142025482,0.8921998822281044,1.8806626717011388,31.99308942554409,train,similarity_weighted_prior_diagnostic_only,diagnostic_prior,0.8924129245758052,1.6783276749933607
B0007,B0007,69,69,0.45657141506773874,0.4625615979426158,1.6732060275966172,0.8896896039751412,1.8806626717011388,32.02146298729415,train,similarity_weighted_prior_diagnostic_only,diagnostic_prior,0.8911126286046728,1.6758822568982885
B0007,B0007,70,70,0.4625326133183764,0.46860100666919713,1.6674367208253988,0.886621905095363,1.8806626717011388,31.998698970590773,train,similarity_weighted_prior_diagnostic_only,diagnostic_prior,0.8892449109405456,1.6723697100060877
B0007,B0007,71,71,0.4684738778754167,0.4746202201736095,1.6622662630667526,0.8838726306845675,1.8806626717011388,31.981838574416024,train,similarity_weighted_prior_diagnostic_only,diagnostic_prior,0.8875548795168404,1.6691913309935233
B0007,B0007,72,72,0.47439483712433694,0.48061886196577536,1.6574243065763063,0.8812980294212445,1.8806626717011388,31.995317071485786,train,similarity_weighted_prior_diagnostic_only,diagnostic_prior,0.88592208739686,1.6661205998028283
B0007,B0007,73,73,0.48029581644032515,0.48659726168978096,1.652538684928734,0.8787002101944965,1.8806626717011388,31.987552515727433,train,similarity_weighted_prior_diagnostic_only,diagnostic_prior,0.8819543073532259,1.658658543985245
B0007,B0007,74,74,0.48617686657963033,0.49255547076779355,1.6472174627573322,0.8758707702042889,1.8806626717011388,31.942511984710038,train,similarity_weighted_prior_diagnostic_only,diagnostic_prior,0.8779659685447548,1.6511578240660565
B0007,B0007,75,75,0.4920343601429164,0.4984898142092685,1.6364136810898071,0.8701261027367561,1.8806626717011388,31.906280371231965,train,similarity_weighted_prior_diagnostic_only,diagnostic_prior,0.8763416247174449,1.6481029812640267
B0007,B0007,76,76,0.4978887975703234,0.5044210614185899,1.6362554312048496,0.8700419569261656,1.8806626717011388,31.769690611667084,train,similarity_weighted_prior_diagnostic_only,diagnostic_prior,0.8746864575856607,1.6449901702238534
B0007,B0007,77,77,0.5037662004509152,0.5103755753861272,1.641119179218384,0.8726281453408773,1.8806626717011388,32.269234834275885,train,similarity_weighted_prior_diagnostic_only,diagnostic_prior,0.8729213125842538,1.6416705279095676
B0007,B0007,78,78,0.5095842249877826,0.5162699319705039,1.6315700789656966,0.867550626444812,1.8806626717011388,31.701186208088405,train,similarity_weighted_prior_diagnostic_only,diagnostic_prior,0.8707350853335234,1.6375589719272632
B0007,B0007,79,79,0.5153771942707486,0.5221389045779188,1.621213282987236,0.8620436335458184,1.8806626717011388,31.526867347718444,train,similarity_weighted_prior_diagnostic_only,diagnostic_prior,0.8692266332016461,1.6347220823107935
B0007,B0007,80,80,0.521154909030089,0.5279924225234972,1.6164273214762122,0.8594988063511068,1.8806626717011388,31.662503382549602,train,similarity_weighted_prior_diagnostic_only,diagnostic_prior,0.8669157163444554,1.63037602724007
B0007,B0007,81,81,0.5269304257877652,0.5338437136297937,1.615823510161921,0.859177743289997,1.8806626717011388,32.12033996392636,train,similarity_weighted_prior_diagnostic_only,diagnostic_prior,0.8639383797723883,1.624776661487893
B0007,B0007,82,82,0.5326942944495346,0.5396832038180348,1.61672418029789,0.8596566543406186,1.8806626717011388,32.35105024831795,train,similarity_weighted_prior_diagnostic_only,diagnostic_prior,0.8613650601249179,1.61993711528454
B0007,B0007,83,83,0.5384353507284978,0.5454995823267106,1.6108655863730026,0.8565414790287227,1.8806626717011388,32.25296938230856,train,similarity_weighted_prior_diagnostic_only,diagnostic_prior,0.8600235333510339,1.6174141559578088
B0007,B0007,84,84,0.5441521030570095,0.5512913380189197,1.6006603374309376,0.8511150678516274,1.8806626717011388,31.987953502895795,train,similarity_weighted_prior_diagnostic_only,diagnostic_prior,0.8571038167778205,1.6119231539866192
B0007,B0007,85,85,0.5498437235526931,0.5570576321505305,1.5959174487005665,0.8485931436374987,1.8806626717011388,31.75482465089372,train,similarity_weighted_prior_diagnostic_only,diagnostic_prior,0.8545421444876934,1.607105512533446
B0007,B0007,86,86,0.555526018320595,0.5628144782015075,1.5962179519462243,0.8487529294673445,1.8806626717011388,32.04392785058054,train,similarity_weighted_prior_diagnostic_only,diagnostic_prior,0.8532507068576276,1.604676753989751
B0007,B0007,87,87,0.5612076783805505,0.5685706812172172,1.5958065114633972,0.8485341552613064,1.8806626717011388,32.366928177053225,train,similarity_weighted_prior_diagnostic_only,diagnostic_prior,0.8531778766486579,1.6045397849343694
B0007,B0007,88,88,0.5668829238525788,0.574320385486085,1.5906507821480704,0.84579271236838,1.8806626717011388,32.43772938796022,train,similarity_weighted_prior_diagnostic_only,diagnostic_prior,0.8530245498251917,1.6042514289009062
B0007,B0007,89,89,0.5729354655213156,0.5804523360495906,1.6888211161855506,0.8979925754882669,1.8806626717011388,32.33097597966491,train,similarity_weighted_prior_diagnostic_only,diagnostic_prior,0.8516221136848993,1.6016139196024135
B0007,B0007,90,90,0.5787559384767407,0.5863491731755937,1.6259938279733204,0.86458558062544,1.8806626717011388,32.69333705975184,train,similarity_weighted_prior_diagnostic_only,diagnostic_prior,0.8514606761700892,1.601310310094498
B0007,B0007,91,91,0.5845333080713863,0.5922023414279423,1.6157433862812898,0.8591351392218476,1.8806626717011388,32.695252149274175,train,similarity_weighted_prior_diagnostic_only,diagnostic_prior,0.8514542654220508,1.6012982536399647
B0007,B0007,92,92,0.5902707731421039,0.5980150816119885,1.6056626764846538,0.8537749489291794,1.8806626717011388,32.49106117414983,train,similarity_weighted_prior_diagnostic_only,diagnostic_prior,0.8478638434139097,1.5945458809935995
B0007,B0007,93,93,0.595969645142828,0.6037887223878445,1.5949746921524348,0.8480918540855138,1.8806626717011388,32.299866128540074,train,similarity_weighted_prior_diagnostic_only,diagnostic_prior,0.8445848919427457,1.5883792793594615
B0007,B0007,94,94,0.6016481695509486,0.6095417486122012,1.5904102438871943,0.8456648115680422,1.8806626717011388,32.22041565375877,train,similarity_weighted_prior_diagnostic_only,diagnostic_prior,0.8420539466643241,1.583619425050216
B0007,B0007,95,95,0.6073084017466276,0.6152762426316551,1.5853517062988178,0.8429750481859675,1.8806626717011388,32.27490334143234,train,similarity_weighted_prior_diagnostic_only,diagnostic_prior,0.8404382731134001,1.5805808881133385
B0007,B0007,96,96,0.6129487353236199,0.6209905769640309,1.5799737147242376,0.8401154223447657,1.8806626717011388,32.302694087200756,train,similarity_weighted_prior_diagnostic_only,diagnostic_prior,0.8387307264919721,1.5773695689222293
B0007,B0007,97,97,0.6185714001861948,0.6266870107697753,1.5752185465278068,0.8375869688012445,1.8806626717011388,32.326595712453006,train,similarity_weighted_prior_diagnostic_only,diagnostic_prior,0.8371889413937781,1.5744699912402709
B0007,B0007,98,98,0.6241730688194127,0.6323621728772013,1.569798484648868,0.8347049730236412,1.8806626717011388,32.32030927392286,train,similarity_weighted_prior_diagnostic_only,diagnostic_prior,0.8358058495242495,1.571868861989715
B0007,B0007,99,99,0.6297588609010533,0.6380212501338787,1.5702565375950357,0.8349485323567742,1.8806626717011388,32.35294813828874,train,similarity_weighted_prior_diagnostic_only,diagnostic_prior,0.8332002092207934,1.5669685315351252
B0007,B0007,100,100,0.6353370997101836,0.6436726750196745,1.565249873909438,0.8322863517536633,1.8806626717011388,32.38706440854508,train,similarity_weighted_prior_diagnostic_only,diagnostic_prior,0.8301427316280843,1.5612184475569544
B0007,B0007,101,101,0.640897098250419,0.6493056203256095,1.559633933561147,0.8293002020135766,1.8806626717011388,32.369650456461514,train,similarity_weighted_prior_diagnostic_only,diagnostic_prior,0.8276357847534798,1.556503726149948
B0007,B0007,102,102,0.6464749824042971,0.6549566859031027,1.5649820533392105,0.8321439442000612,1.8806626717011388,32.41032754606433,train,similarity_weighted_prior_diagnostic_only,diagnostic_prior,0.8268181786879594,1.5549660849423672
B0007,B0007,103,103,0.6520999789690342,0.6606554820027676,1.57497949984227,0.8374598611124846,1.8806626717011388,33.07956179982091,train,similarity_weighted_prior_diagnostic_only,diagnostic_prior,0.8254684406837965,1.5524276830613617
B0007,B0007,104,104,0.6576821220650126,0.6663108623993634,1.5652811168780458,0.8323029644982441,1.8806626717011388,32.95565253868652,train,similarity_weighted_prior_diagnostic_only,diagnostic_prior,0.8241863895395415,1.5500165773311496
B0007,B0007,105,105,0.6632295777853853,0.6719311003245756,1.559755497470126,0.8293648408830603,1.8806626717011388,32.78617666075475,train,similarity_weighted_prior_diagnostic_only,diagnostic_prior,0.8241087564097492,1.549870575601862
B0007,B0007,106,106,0.6687494099725386,0.6775233522978752,1.549897685670499,0.8241231715778944,1.8806626717011388,32.60766808692733,train,similarity_weighted_prior_diagnostic_only,diagnostic_prior,0.8238721179570445,1.5494255384971711
B0007,B0007,107,107,0.6742527035064081,0.6830988486319947,1.543877153134502,0.8209218890583924,1.8806626717011388,32.5947819968591,train,similarity_weighted_prior_diagnostic_only,diagnostic_prior,0.8229579443015913,1.5477062862279076
B0007,B0007,108,108,0.6797584316146762,0.6886768114819471,1.5450187488690073,0.8215289068674249,1.8806626717011388,32.88621415929196,train,similarity_weighted_prior_diagnostic_only,diagnostic_prior,0.8213030644209789,1.5445940154102906
B0007,B0007,109,109,0.6852472661630179,0.6942376591297283,1.5445940154102908,0.821303064420979,1.8806626717011388,33.00480345410737,train,similarity_weighted_prior_diagnostic_only,diagnostic_prior,0.8207312932047175,1.5435187066271148
B0007,B0007,110,110,0.6907124903821381,0.6997745866825316,1.5343086721758876,0.8158340649086424,1.8806626717011388,32.762639292411876,train,similarity_weighted_prior_diagnostic_only,diagnostic_prior,0.819041943221076,1.5403416091734412
B0007,B0007,111,111,0.6961561602045924,0.705289677046594,1.5287603942958483,0.8128838931614567,1.8806626717011388,32.6265024274454,test,similarity_weighted_prior_diagnostic_only,diagnostic_prior,0.8180290391010518,1.5384366782048995
B0007,B0007,112,112,0.7016007501193042,0.7108056995744557,1.5289260249179843,0.8129719635127368,1.8806626717011388,32.86437391659774,test,similarity_weighted_prior_diagnostic_only,diagnostic_prior,0.8150737162081235,1.5328787127573453
B0007,B0007,113,113,0.7070422562265477,0.7163185978355254,1.529091650133123,0.813060030988968,1.8806626717011388,33.13650778836407,test,similarity_weighted_prior_diagnostic_only,diagnostic_prior,0.8135010802903933,1.5299211150906935
B0007,B0007,114,114,0.7124645500468264,0.7218120317458598,1.5239059324661248,0.8103026424657472,1.8806626717011388,33.010652051496784,test,similarity_weighted_prior_diagnostic_only,diagnostic_prior,0.812810565826551,1.5286224903142758
B0007,B0007,115,115,0.7178670290552273,0.7272853908754641,1.5186675419100617,0.8075172463206083,1.8806626717011388,32.80753006535765,test,similarity_weighted_prior_diagnostic_only,diagnostic_prior,0.811417730166683,1.5260030362809476
B0007,B0007,116,116,0.7232490086553535,0.7327379816460877,1.5136482266426952,0.8048483385239611,1.8806626717011388,32.641268601406274,test,similarity_weighted_prior_diagnostic_only,diagnostic_prior,0.8086530095042044,1.5208035293333433
B0007,B0007,117,117,0.7286315012449207,0.7381910921365357,1.5136050185229033,0.8048253635798406,1.8806626717011388,32.89473482960106,test,similarity_weighted_prior_diagnostic_only,diagnostic_prior,0.806593448536096,1.5169301899005294
B0007,B0007,118,118,0.7340166280691961,0.7436468714226543,1.5139470614867965,0.8050072372188721,1.8806626717011388,33.243398948655575,test,similarity_weighted_prior_diagnostic_only,diagnostic_prior,0.8059833851882331,1.5157828665348305
B0007,B0007,119,119,0.7394737701540678,0.7491756108042111,1.5339599193158786,0.8156486234335406,1.8806626717011388,32.98684212940174,test,similarity_weighted_prior_diagnostic_only,diagnostic_prior,0.8052179268484753,1.5143432976085056
B0007,B0007,120,120,0.7449454325146311,0.7547190609663925,1.5391372798653098,0.8184015682478002,1.8806626717011388,33.07237495199648,test,similarity_weighted_prior_diagnostic_only,diagnostic_prior,0.8047891830232466,1.5135369751006758
B0007,B0007,121,121,0.7503669995049457,0.7602117585108079,1.5236247972838737,0.8101531551672106,1.8806626717011388,32.801237747309585,test,similarity_weighted_prior_diagnostic_only,diagnostic_prior,0.8047797271582441,1.5135191918083368
B0007,B0007,122,122,0.7557510430646763,0.765666440320032,1.5135813035589147,0.8048127536820926,1.8806626717011388,32.48270190090249,test,similarity_weighted_prior_diagnostic_only,diagnostic_prior,0.8042016464852675,1.512432017065438
B0007,B0007,123,123,0.7611124191017807,0.7710981572104254,1.5077850749847914,0.80173073974023,1.8806626717011388,32.39706532183529,test,similarity_weighted_prior_diagnostic_only,diagnostic_prior,0.8038004853134229,1.5116775682242138
B0007,B0007,124,124,0.7664560736122508,0.7765119200690782,1.5031960676037333,0.799290638466296,1.8806626717011388,32.38951238720904,test,similarity_weighted_prior_diagnostic_only,diagnostic_prior,0.8027710007847322,1.5097414551000115
B0007,B0007,125,125,0.7717804886556895,0.7819061910403288,1.497822059699588,0.7964331308520867,1.8806626717011388,32.35844017220853,test,similarity_weighted_prior_diagnostic_only,diagnostic_prior,0.8022276812771822,1.5087196543833552
B0007,B0007,126,126,0.7770858668761584,0.7872811754269137,1.492848534633516,0.7937885709632189,1.8806626717011388,32.32653709728302,test,similarity_weighted_prior_diagnostic_only,diagnostic_prior,0.801055418453558,1.5065150234495421
B0007,B0007,127,127,0.7823691220708671,0.7926337465352922,1.492414389867026,0.7935577242659227,1.8806626717011388,32.21586424028177,test,similarity_weighted_prior_diagnostic_only,diagnostic_prior,0.7991893350085053,1.503005549972152
B0007,B0007,128,128,0.787646163399631,0.7979800222522687,1.487482776538081,0.7909354499989039,1.8806626717011388,32.1793677745159,test,similarity_weighted_prior_diagnostic_only,diagnostic_prior,0.798079470200223,1.5009182686565807
B0007,B0007,129,129,0.7929072247490873,0.8033101083338022,1.482535148640411,0.7883046603458107,1.8806626717011388,32.19063547440454,test,similarity_weighted_prior_diagnostic_only,diagnostic_prior,0.7966829321005959,1.4982918515830037
B0007,B0007,130,130,0.7981522061705466,0.8086239035198842,1.4827874322228984,0.7884388064562661,1.8806626717011388,32.21420586219997,test,similarity_weighted_prior_diagnostic_only,diagnostic_prior,0.7950626421409994,1.4952446327386584
B0007,B0007,131,131,0.803389123651771,0.8139295289674373,1.476971179775059,0.7853461452707392,1.8806626717011388,32.166352823813924,test,similarity_weighted_prior_diagnostic_only,diagnostic_prior,0.7942356739648512,1.4936893845590915
B0007,B0007,132,132,0.8086509050182045,0.8192603445125171,1.4819015554137276,0.7879677614238417,1.8806626717011388,32.471070068123446,test,similarity_weighted_prior_diagnostic_only,diagnostic_prior,0.7938640503986384,1.4929904859901908
B0007,B0007,133,133,0.8139603390215269,0.8246394378935237,1.4981366198874824,0.7966003911442314,1.8806626717011388,32.706710734163245,test,similarity_weighted_prior_diagnostic_only,diagnostic_prior,0.7938469380012511,1.492958303343201
B0007,B0007,134,134,0.8192246451372781,0.8299728113124437,1.4820775214392872,0.7880613273930117,1.8806626717011388,32.52996523954131,test,similarity_weighted_prior_diagnostic_only,diagnostic_prior,0.7938469380012511,1.492958303343201
B0007,B0007,135,135,0.8244621274187334,0.8352790089703647,1.4771155312812152,0.7854229009315646,1.8806626717011388,32.342667854606155,test,similarity_weighted_prior_diagnostic_only,diagnostic_prior,0.79369262725596,1.49266809688469
B0007,B0007,136,136,0.8296774700982759,0.8405627765564488,1.4720772783056488,0.7827439234352925,1.8806626717011388,32.10932663078957,test,similarity_weighted_prior_diagnostic_only,diagnostic_prior,0.7932321784024662,1.4918021479136965
B0007,B0007,137,137,0.8348834674406994,0.8458370761952888,1.472248013656454,0.7828347081110211,1.8806626717011388,32.420792037942235,test,similarity_weighted_prior_diagnostic_only,diagnostic_prior,0.7921822777143979,1.489827638880653
B0007,B0007,138,138,0.8400878833177724,0.8511097736200709,1.4670106672274663,0.7800498671569278,1.8806626717011388,32.641629225234944,test,similarity_weighted_prior_diagnostic_only,diagnostic_prior,0.7902705022453161,1.486232234119277
B0007,B0007,139,139,0.8452711955388637,0.8563610905104806,1.461767249533538,0.7772617979445021,1.8806626717011388,32.41939085895412,test,similarity_weighted_prior_diagnostic_only,diagnostic_prior,0.789515574021919,1.4848124687897204
B0007,B0007,140,140,0.8504308831105701,0.8615884727978695,1.4566952670489708,0.7745648855418226,1.8806626717011388,32.133611635202044,test,similarity_weighted_prior_diagnostic_only,diagnostic_prior,0.7885142085904633,1.4829292382020498
B0007,B0007,141,141,0.8555706891621103,0.8667957127210322,1.451354972758956,0.7717253043822815,1.8806626717011388,31.991267905355837,test,similarity_weighted_prior_diagnostic_only,diagnostic_prior,0.7877294390660795,1.4814533514516526
B0007,B0007,142,142,0.8607135399968031,0.8720060373746749,1.451615926257375,0.7718640605251802,1.8806626717011388,32.279680132216704,test,similarity_weighted_prior_diagnostic_only,diagnostic_prior,0.7842115435103323,1.4748373765970153
B0007,B0007,143,143,0.8658410279394388,0.8772007975762639,1.4468161332173683,0.7693118787265885,1.8806626717011388,32.3264917262312,test,similarity_weighted_prior_diagnostic_only,diagnostic_prior,0.782634649563301,1.471871771013602
B0007,B0007,144,144,0.8709583437452144,0.8823852521833168,1.4467570607768785,0.7692804682873966,1.8806626717011388,32.112812580469615,test,similarity_weighted_prior_diagnostic_only,diagnostic_prior,0.781671084670714,1.470059630488352
B0007,B0007,145,145,0.8760524556522385,0.887546198458199,1.4413797481446793,0.7664212034585077,1.8806626717011388,31.87606103874967,test,similarity_weighted_prior_diagnostic_only,diagnostic_prior,0.7804235583720209,1.4677134543464345
B0007,B0007,146,146,0.8811311592946762,0.892691534313214,1.4362456252208178,0.7636912492774013,1.8806626717011388,31.79794290293442,test,similarity_weighted_prior_diagnostic_only,diagnostic_prior,0.7798532460979211,1.4666408893413219
B0007,B0007,147,147,0.8862121043138673,0.897839140951678,1.4368154153924828,0.7639942223624945,1.8806626717011388,32.11425775812325,test,similarity_weighted_prior_diagnostic_only,diagnostic_prior,0.7782756051543552,1.4636738789094104
B0007,B0007,148,148,0.891289041482796,0.9029826871571834,1.4362945145860049,0.7637172450957491,1.8806626717011388,32.13496326463143,test,similarity_weighted_prior_diagnostic_only,diagnostic_prior,0.7779378452099216,1.4630386663899182
B0007,B0007,149,149,0.8963800970730339,0.9081405370166316,1.4418575315878015,0.7666752540388226,1.8806626717011388,31.790587942538302,test,similarity_weighted_prior_diagnostic_only,diagnostic_prior,0.7776125438596131,1.462426884283339
B0007,B0007,150,150,0.9015680154294082,0.9133965204744753,1.4672063484781797,0.7801539162528438,1.8806626717011388,32.21342390731637,test,similarity_weighted_prior_diagnostic_only,diagnostic_prior,0.7768883993577904,1.4610650127498435
B0007,B0007,151,151,0.9067089666300185,0.9186049205709782,1.4518640367848883,0.7719959877076817,1.8806626717011388,32.22400342501296,test,similarity_weighted_prior_diagnostic_only,diagnostic_prior,0.7760926507838729,1.4595684781108174
B0007,B0007,152,152,0.9118168229318644,0.923779791566116,1.44713797527485,0.7694830109888089,1.8806626717011388,32.050248913194764,test,similarity_weighted_prior_diagnostic_only,diagnostic_prior,0.7755271398583924,1.458504942822827
B0007,B0007,153,153,0.9169027744371754,0.928932470375424,1.441790586562399,0.7666396575299911,1.8806626717011388,31.97159294459724,test,similarity_weighted_prior_diagnostic_only,diagnostic_prior,0.7746966205350494,1.4569430161332892
B0007,B0007,154,154,0.9219685593445461,0.9340647180025327,1.431630947911111,0.761237498597311,1.8806626717011388,31.914652817971838,test,similarity_weighted_prior_diagnostic_only,diagnostic_prior,0.7709773143101942,1.4499482557515784
B0007,B0007,155,155,0.9270266424636948,0.9391891627945327,1.4318084249673686,0.7613318680230078,1.8806626717011388,31.919889411054154,test,similarity_weighted_prior_diagnostic_only,diagnostic_prior,0.7684706801885663,1.4452341225274206
B0007,B0007,156,156,0.9320697704701951,0.9442984562639232,1.4262562585106868,0.7583796286128112,1.8806626717011388,31.9155630000974,test,similarity_weighted_prior_diagnostic_only,diagnostic_prior,0.7669870173977553,1.4424438532993504
B0007,B0007,157,157,0.9370935035470704,0.9493881003436601,1.4260877528924911,0.7582900295471566,1.8806626717011388,31.861609898405113,test,similarity_weighted_prior_diagnostic_only,diagnostic_prior,0.7648260374505081,1.438379778978268
B0007,B0007,158,158,0.9421120693379053,0.9544725093429495,1.4212633510031694,0.7557247625474358,1.8806626717011388,31.883218167596084,test,similarity_weighted_prior_diagnostic_only,diagnostic_prior,0.7624059832799255,1.4338284734361584
B0007,B0007,159,159,0.947118213386072,0.9595443336272345,1.4163272748795108,0.7531001152898851,1.8806626717011388,31.92582811786564,test,similarity_weighted_prior_diagnostic_only,diagnostic_prior,0.7612601578823386,1.4316735623826295
B0007,B0007,160,160,0.9521178581361519,0.964609573343127,1.4165781829175994,0.7532335299856006,1.8806626717011388,31.985311142340915,test,similarity_weighted_prior_diagnostic_only,diagnostic_prior,0.7588702503912957,1.4271789525754064
B0007,B0007,161,161,0.957102443048094,0.9696595556369298,1.4108401729425175,0.7501824724719788,1.8806626717011388,32.01550193603968,test,similarity_weighted_prior_diagnostic_only,diagnostic_prior,0.7565741866318502,1.4228608311711712
B0007,B0007,162,162,0.9620805188350012,0.9747029434064634,1.4109949628347804,0.7502647785094155,1.8806626717011388,31.9591538800485,test,similarity_weighted_prior_diagnostic_only,diagnostic_prior,0.755317734681836,1.4204978688899936
B0007,B0007,163,163,0.9670454365558468,0.979733000477091,1.40617142903988,0.747699973099343,1.8806626717011388,31.950282082584657,test,similarity_weighted_prior_diagnostic_only,diagnostic_prior,0.7544629736835807,1.4188903517873488
B0007,B0007,164,164,0.9720058055716266,0.984758449163982,1.4063358479692922,0.7477873991603194,1.8806626717011388,32.03146836897805,test,similarity_weighted_prior_diagnostic_only,diagnostic_prior,0.7532568618768966,1.41662206233462
B0007,B0007,165,165,0.9769500273390578,0.9897675387518318,1.4004552399066514,0.7446605183267027,1.8806626717011388,32.04487078197156,test,similarity_weighted_prior_diagnostic_only,diagnostic_prior,0.752744879141904,1.415659195516364
B0007,B0007,166,166,0.981972871083752,0.9948562818314157,1.4217865046055154,0.7560029376876234,1.8806626717011388,32.36577736519632,test,similarity_weighted_prior_diagnostic_only,diagnostic_prior,0.7503791296149461,1.4112100186904197
B0007,B0007,167,167,0.9870499779888339,1.0,1.4324552720625434,0.7616758143909068,1.8806626717011388,32.51333699174179,test,similarity_weighted_prior_diagnostic_only,diagnostic_prior,0.7470692332377062,1.4049852201265458
B0018,B0018,0,0,0.0066065600499579,0.00907101695046217,1.8550045207910817,1.0064068021427621,1.8431955317089987,31.641006670174225,train,self_only_baseline,baseline,1.0064068021427621,1.8550045207910815
B0018,B0018,1,1,0.0131876519150362,0.018107065273530752,1.8431955317089987,1.0,1.8431955317089987,31.777782126618774,train,self_only_baseline,baseline,1.0,1.8431955317089987
B0018,B0018,2,2,0.0197603846620385,0.02713163626177078,1.8396018424355425,0.9980502940617894,1.8431955317089987,31.183385984419683,train,self_only_baseline,baseline,0.9980502940617894,1.8396018424355425
B0018,B0018,3,3,0.0263030642552989,0.036114943314627466,1.8306736044962053,0.9932064032288624,1.8431955317089987,30.670948235325973,train,self_only_baseline,baseline,0.9937561556590566,1.8316869057190854
B0018,B0018,4,4,0.0328651086270291,0.0451248388238689,1.8327002069419656,0.9943059080892509,1.8431955317089987,31.78654131350053,train,self_only_baseline,baseline,0.9937561556590566,1.8316869057190854
B0018,B0018,5,5,0.0394180198081996,0.054122194172156315,1.8285288846046388,0.9920428153974737,1.8431955317089987,31.857804685694962,train,self_only_baseline,baseline,0.9920428153974737,1.8285288846046388
B0018,B0018,6,6,0.045929493769108105,0.06306265489986446,1.8212011895697924,0.9880672767697015,1.8431955317089987,31.457792771042055,train,self_only_baseline,baseline,0.9880672767697015,1.8212011895697924
B0018,B0018,7,7,0.05241536066225041,0.07196795630956104,1.815170010643328,0.9847951448538476,1.8431955317089987,31.106514793972515,train,self_only_baseline,baseline,0.9847951448538476,1.815170010643328
B0018,B0018,8,8,0.05888026585725091,0.08084447664140214,1.8042980520967649,0.9788967155447863,1.8431955317089987,30.925338415115068,train,self_only_baseline,baseline,0.9839971451693699,1.8136991411905936
B0018,B0018,9,9,0.06541019046094482,0.08981027068814283,1.8231002302844224,0.9890975747939535,1.8431955317089987,30.955870852154142,train,self_only_baseline,baseline,0.9839971451693699,1.8136991411905936
B0018,B0018,10,10,0.07190711718345172,0.09873075759511438,1.8121253520255491,0.9831433078320011,1.8431955317089987,31.325535981763924,train,self_only_baseline,baseline,0.9831433078320011,1.8121253520255491
B0018,B0018,11,11,0.07835826964299902,0.10758839498402183,1.8046916382117768,0.9791102501960162,1.8431955317089987,31.109817009054918,train,self_only_baseline,baseline,0.9791102501960162,1.8046916382117768
B0018,B0018,12,12,0.08475879294496032,0.11637651693022119,1.790844349786295,0.9715975972043703,1.8431955317089987,30.678345185936085,train,self_only_baseline,baseline,0.9715975972043703,1.790844349786295
B0018,B0018,13,13,0.09112808719350941,0.12512176039341172,1.783470722841926,0.9675971388604137,1.8431955317089987,30.319325694887496,train,self_only_baseline,baseline,0.9675971388604137,1.783470722841926
B0018,B0018,14,14,0.09751027352951952,0.13388470510248535,1.7809386125310702,0.9662233777660016,1.8431955317089987,30.596255671969576,train,self_only_baseline,baseline,0.9662233777660016,1.7809386125310702
B0018,B0018,15,15,0.10386082218071262,0.1426042102646422,1.771209039672698,0.9609447338614394,1.8431955317089987,31.20746701351041,train,self_only_baseline,baseline,0.9609447338614394,1.771209039672698
B0018,B0018,16,16,0.11018353663183111,0.15128549818533454,1.7686303996707076,0.9595457287327759,1.8431955317089987,31.278455925694217,train,self_only_baseline,baseline,0.9595457287327759,1.7686303996707076
B0018,B0018,17,17,0.1164507432042989,0.1598905720242177,1.7536304801917124,0.951407731856727,1.8431955317089987,30.846338448289856,train,self_only_baseline,baseline,0.951407731856727,1.7536304801917124
B0018,B0018,18,18,0.12268101347206871,0.16844493114266096,1.7462197416415093,0.947387139129198,1.8431955317089987,30.308939692073288,train,self_only_baseline,baseline,0.947387139129198,1.7462197416415093
B0018,B0018,19,19,0.1288974743131449,0.17698032947929546,1.7376647337053737,0.9427457390232616,1.8431955317089987,29.97177467754137,train,self_only_baseline,baseline,0.9427457390232616,1.7376647337053737
B0018,B0018,20,20,0.1350716505015514,0.18545766964371765,1.7315166735475835,0.9394101948273131,1.8431955317089987,29.81782534337835,train,self_only_baseline,baseline,0.9394101948273131,1.7315166735475835
B0018,B0018,21,21,0.1411796684844709,0.19384417248904387,1.7085949894470602,0.9269743551639702,1.8431955317089987,29.920605383544245,train,self_only_baseline,baseline,0.9342295450220274,1.7219677229751318
B0018,B0018,22,22,0.1472779344586615,0.20221728551639948,1.711469957068211,0.9285341287049168,1.8431955317089987,29.893266895852758,train,self_only_baseline,baseline,0.9342295450220274,1.7219677229751318
B0018,B0018,23,23,0.1533604531776963,0.21056877706187024,1.7075021373272627,0.9263814435053876,1.8431955317089987,29.80410820846937,train,self_only_baseline,baseline,0.9342295450220274,1.7219677229751318
B0018,B0018,24,24,0.15959613965492572,0.2191305728080659,1.7492382064360228,0.9490247650579646,1.8431955317089987,29.94490670872373,train,self_only_baseline,baseline,0.9342295450220274,1.7219677229751318
B0018,B0018,25,25,0.16579810135156772,0.22764606335850981,1.7327697147429957,0.9400900148322208,1.8431955317089987,30.677345862219244,train,self_only_baseline,baseline,0.9342295450220274,1.7219677229751318
B0018,B0018,26,26,0.17194774974616372,0.2360897260823684,1.7222313328292376,0.934372562867704,1.8431955317089987,31.10010750274865,train,self_only_baseline,baseline,0.9342295450220274,1.7219677229751318
B0018,B0018,27,27,0.17805685603299623,0.24447772320356095,1.711846298984729,0.9287383077570269,1.8431955317089987,31.050787417545134,train,self_only_baseline,baseline,0.9287383077570269,1.711846298984729
B0018,B0018,28,28,0.18413260172628684,0.2528199151693916,1.699267835126687,0.9219140378184061,1.8431955317089987,30.821181275708348,train,self_only_baseline,baseline,0.9219140378184061,1.699267835126687
B0018,B0018,29,29,0.19017060978345746,0.2611102921612682,1.6940366439243106,0.9190759280723793,1.8431955317089987,30.64007738292459,train,self_only_baseline,baseline,0.9190759280723793,1.6940366439243106
B0018,B0018,30,30,0.19616341077970365,0.2693385984215045,1.6819027078768087,0.9124928304906206,1.8431955317089987,30.68140594986539,train,self_only_baseline,baseline,0.9124928304906206,1.6819027078768087
B0018,B0018,31,31,0.20213639451981524,0.27753969495913944,1.6769770618433686,0.9098204900098074,1.8431955317089987,30.990140963454635,train,self_only_baseline,baseline,0.9098204900098074,1.6769770618433686
B0018,B0018,32,32,0.20806704533825846,0.28568266704969264,1.6655229306478936,0.9036062110586996,1.8431955317089987,31.165463594850557,train,self_only_baseline,baseline,0.9036062110586996,1.6655229306478936
B0018,B0018,33,33,0.21396139229898065,0.2937757927896088,1.6571924575832084,0.899086629212187,1.8431955317089987,30.904185566693272,train,self_only_baseline,baseline,0.899086629212187,1.6571924575832084
B0018,B0018,34,34,0.21984366609638806,0.3018523416925257,1.6482241555294048,0.8942210021533539,1.8431955317089987,30.69217975121164,train,self_only_baseline,baseline,0.8959908491593431,1.6514863296226527
B0018,B0018,35,35,0.22568509442795176,0.30987280847248966,1.6387701497987262,0.8890918633462991,1.8431955317089987,30.551509838324925,train,self_only_baseline,baseline,0.8959908491593431,1.6514863296226527
B0018,B0018,36,36,0.23146692857537457,0.31781145054331555,1.6276486907262062,0.883058071010546,1.8431955317089987,30.515997455768108,train,self_only_baseline,baseline,0.8959908491593431,1.6514863296226527
B0018,B0018,37,37,0.23724582119614537,0.3257460538045463,1.62215370227252,0.8800768417491062,1.8431955317089987,30.820167527763324,train,self_only_baseline,baseline,0.8959908491593431,1.6514863296226527
B0018,B0018,38,38,0.24299141383238837,0.33363493512851805,1.6140066510467586,0.8756567728602631,1.8431955317089987,30.932240584174544,train,self_only_baseline,baseline,0.8959908491593431,1.6514863296226527
B0018,B0018,39,39,0.24896964620483086,0.3418432382051809,1.6760516154424625,0.9093184019865969,1.8431955317089987,30.385055922657436,train,self_only_baseline,baseline,0.8959908491593431,1.6514863296226527
B0018,B0018,40,40,0.25483424093882734,0.3498955131920725,1.649300642552199,0.8948050351570559,1.8431955317089987,30.568591186675416,train,self_only_baseline,baseline,0.8959908491593431,1.6514863296226527
B0018,B0018,41,41,0.26065153034525895,0.3578828364605292,1.63238299185809,0.8856265999866847,1.8431955317089987,30.370969259812775,train,self_only_baseline,baseline,0.8959908491593431,1.6514863296226527
B0018,B0018,42,42,0.2664050503097656,0.3657826022581919,1.6164159719025777,0.8769639162503001,1.8431955317089987,30.160449727689077,train,self_only_baseline,baseline,0.8959908491593431,1.6514863296226527
B0018,B0018,43,43,0.2721143398444138,0.37362163826971206,1.6109028378249377,0.8739728423339433,1.8431955317089987,29.934748761085544,train,self_only_baseline,baseline,0.8959908491593431,1.6514863296226527
B0018,B0018,44,44,0.2777870303854807,0.38141042269967756,1.5954638693695655,0.8655966455660089,1.8431955317089987,29.908227318444972,train,self_only_baseline,baseline,0.8959908491593431,1.6514863296226527
B0018,B0018,45,45,0.2839607511689994,0.3898871375787129,1.726707440085764,0.9368010123618151,1.8431955317089987,30.305899342849564,train,self_only_baseline,baseline,0.8959908491593431,1.6514863296226527
B0018,B0018,46,46,0.29008235757643247,0.39829229776282976,1.7165673917429751,0.9312996707144712,1.8431955317089987,30.423123569718257,train,self_only_baseline,baseline,0.8959908491593431,1.6514863296226527
B0018,B0018,47,47,0.2961266464539208,0.4065912985206502,1.6958235570934848,0.9200453928624319,1.8431955317089987,30.319232146202246,train,self_only_baseline,baseline,0.8959908491593431,1.6514863296226527
B0018,B0018,48,48,0.30210082631567337,0.41479403737131915,1.6777783190792557,0.9102552009355354,1.8431955317089987,30.265186659631926,train,self_only_baseline,baseline,0.8959908491593431,1.6514863296226527
B0018,B0018,49,49,0.3080096350727169,0.4229070196172798,1.6606586897774192,0.9009671850916801,1.8431955317089987,30.161316848034666,train,self_only_baseline,baseline,0.8959908491593431,1.6514863296226527
B0018,B0018,50,50,0.3139466142946762,0.4310586808070207,1.6664109274827466,0.9040879813427397,1.8431955317089987,30.855334899111472,train,self_only_baseline,baseline,0.8959908491593431,1.6514863296226527
B0018,B0018,51,51,0.3198269883330958,0.43913262128045993,1.6468336174407805,0.8934665851288426,1.8431955317089987,30.80617459493505,train,self_only_baseline,baseline,0.8934665851288426,1.6468336174407805
B0018,B0018,52,52,0.3256098223501405,0.4470726362040594,1.6257639928779952,0.8820355545082065,1.8431955317089987,30.5710080373212,train,self_only_baseline,baseline,0.8851734336608412,1.6315477177111744
B0018,B0018,53,53,0.3313558662256673,0.4549621370939113,1.6121577411874597,0.8746536726316159,1.8431955317089987,30.412368455342936,train,self_only_baseline,baseline,0.8851734336608412,1.6315477177111744
B0018,B0018,54,54,0.3370771640672735,0.46281766089259124,1.6057366823755344,0.8711700168276265,1.8431955317089987,30.33843995366809,train,self_only_baseline,baseline,0.8851734336608412,1.6315477177111744
B0018,B0018,55,55,0.3430269835623717,0.470986952185504,1.673645314879889,0.9080128972144893,1.8431955317089987,30.451948895085675,train,self_only_baseline,baseline,0.8851734336608412,1.6315477177111744
B0018,B0018,56,56,0.348863066921073,0.47900008014782786,1.6404348572349936,0.8899950271222681,1.8431955317089987,30.671413761798455,train,self_only_baseline,baseline,0.8851734336608412,1.6315477177111744
B0018,B0018,57,57,0.3546153413220396,0.4868981357471575,1.6132653317422077,0.8752545804222944,1.8431955317089987,30.642891640244958,train,self_only_baseline,baseline,0.8752545804222944,1.6132653317422077
B0018,B0018,58,58,0.3602848078325747,0.4946824934807211,1.5920964324686278,0.8637696896934458,1.8431955317089987,30.53488926855151,train,self_only_baseline,baseline,0.8637696896934458,1.5920964324686278
B0018,B0018,59,59,0.3659092434467519,0.5024050223621939,1.5866011820698824,0.8607883183173715,1.8431955317089987,30.40393132287963,train,self_only_baseline,baseline,0.8607883183173715,1.5866011820698824
B0018,B0018,60,60,0.371509967607612,0.5100949946645494,1.580076649033625,0.8572485240177359,1.8431955317089987,30.35291026846985,train,self_only_baseline,baseline,0.8572485240177359,1.580076649033625
B0018,B0018,61,61,0.3770709243113043,0.5177303649841306,1.5641732953289167,0.8486203815167811,1.8431955317089987,30.523139991370275,train,self_only_baseline,baseline,0.8486203815167811,1.5641732953289167
B0018,B0018,62,62,0.3825782650564372,0.5252921188883262,1.555618272193922,0.843978973164916,1.8431955317089987,30.49934855790472,train,self_only_baseline,baseline,0.843978973164916,1.555618272193922
B0018,B0018,63,63,0.3880478191444327,0.5328019905111525,1.5402045278637395,0.8356164613939098,1.8431955317089987,30.492729197021443,train,self_only_baseline,baseline,0.8356164613939098,1.5402045278637395
B0018,B0018,64,64,0.3934824365811034,0.5402638930011829,1.5321613015959863,0.8312527212863718,1.8431955317089987,30.397000138975116,train,self_only_baseline,baseline,0.8312527212863718,1.5321613015959863
B0018,B0018,65,65,0.3989137372664064,0.5477212414861565,1.5316232403693415,0.830960803680568,1.8431955317089987,30.330453355714234,train,self_only_baseline,baseline,0.830960803680568,1.5316232403693415
B0018,B0018,66,66,0.4042888581004032,0.555101453249505,1.5222595950771978,0.8258806886677773,1.8431955317089987,30.227193745312658,train,self_only_baseline,baseline,0.8258806886677773,1.5222595950771978
B0018,B0018,67,67,0.4096211292902618,0.5624228310893956,1.5065267126851285,0.8173450329972788,1.8431955317089987,30.23535797364275,train,self_only_baseline,baseline,0.8204852298683356,1.512314709526547
B0018,B0018,68,68,0.4149334241021796,0.569716780727387,1.5014219556532926,0.8145755183451341,1.8431955317089987,30.24972025738233,train,self_only_baseline,baseline,0.8204852298683356,1.512314709526547
B0018,B0018,69,69,0.4202211261670159,0.576976963741909,1.4963534117486457,0.8118256506195176,1.8431955317089987,30.22285035082882,train,self_only_baseline,baseline,0.8204852298683356,1.512314709526547
B0018,B0018,70,70,0.4256571682791663,0.5844408223566591,1.5334262000312422,0.8319389742711993,1.8431955317089987,30.421961497552765,train,self_only_baseline,baseline,0.8204852298683356,1.512314709526547
B0018,B0018,71,71,0.4310371331752903,0.5918276851712858,1.523845267514426,0.8267409731085484,1.8431955317089987,30.732355198060006,train,self_only_baseline,baseline,0.8204852298683356,1.512314709526547
B0018,B0018,72,72,0.4363481702317835,0.5991199078710991,1.501192099426124,0.8144508130584652,1.8431955317089987,30.7413153557676,train,self_only_baseline,baseline,0.8144508130584652,1.501192099426124
B0018,B0018,73,73,0.4416282304179614,0.6063695983433117,1.492417671450291,0.8096903696736565,1.8431955317089987,30.655637366064802,train,self_only_baseline,baseline,0.8096903696736565,1.492417671450291
B0018,B0018,74,74,0.4468724110465303,0.6135700250424283,1.483323851940123,0.804756644871418,1.8431955317089987,30.466234321566052,train,self_only_baseline,baseline,0.804756644871418,1.483323851940123
B0018,B0018,75,75,0.4521059172585777,0.6207557954283546,1.4807376792294196,0.8033535529768181,1.8431955317089987,30.456280660056155,train,self_only_baseline,baseline,0.8033535529768181,1.4807376792294196
B0018,B0018,76,76,0.45729012813759856,0.6278738817550911,1.4735077809902477,0.7994310726350454,1.8431955317089987,30.546818559363015,train,self_only_baseline,baseline,0.7994310726350454,1.4735077809902477
B0018,B0018,77,77,0.46247384143547515,0.6349912848870999,1.46801928526661,0.7964533659136381,1.8431955317089987,30.796092904194406,train,self_only_baseline,baseline,0.7964533659136381,1.46801928526661
B0018,B0018,78,78,0.46761661930911,0.6420524823804158,1.458092355711902,0.7910676488890837,1.8431955317089987,30.657925487111118,train,self_only_baseline,baseline,0.7910676488890837,1.458092355711902
B0018,B0018,79,79,0.47271621956186555,0.6490543956277829,1.44786609888914,0.7855195360346214,1.8431955317089987,30.46482167326395,train,self_only_baseline,baseline,0.786852758359792,1.4503234883216691
B0018,B0018,80,80,0.47783754066308276,0.6560861322905257,1.4527808777541982,0.7881859806849626,1.8431955317089987,30.258099801146706,train,self_only_baseline,baseline,0.786852758359792,1.4503234883216691
B0018,B0018,81,81,0.48289693348539325,0.6630328394578233,1.4425356364492432,0.7826275680647585,1.8431955317089987,30.360499876363807,train,self_only_baseline,baseline,0.7828569564808016,1.4429584441527195
B0018,B0018,82,82,0.4879463367352422,0.669965830624594,1.4392712877203313,0.7808565412405533,1.8431955317089987,30.643978942054655,train,self_only_baseline,baseline,0.7828569564808016,1.4429584441527195
B0018,B0018,83,83,0.4929801953827726,0.6768774785582672,1.4286475681888218,0.7750927905430571,1.8431955317089987,30.823607928042588,train,self_only_baseline,baseline,0.7828569564808016,1.4429584441527195
B0018,B0018,84,84,0.4979731507291588,0.6837329649592814,1.4249026750004896,0.7730610510320244,1.8431955317089987,30.666742673509223,train,self_only_baseline,baseline,0.7828569564808016,1.4429584441527195
B0018,B0018,85,85,0.503160287037293,0.6908550679931806,1.4698115324524124,0.7974257245999359,1.8431955317089987,30.601798568281296,train,self_only_baseline,baseline,0.7828569564808016,1.4429584441527195
B0018,B0018,86,86,0.5082821767482195,0.6978875853751287,1.4525819651050202,0.7880780634044809,1.8431955317089987,30.70725458137669,train,self_only_baseline,baseline,0.7828569564808016,1.4429584441527195
B0018,B0018,87,87,0.5133419734316327,0.7048348470565579,1.442834198908794,0.7827895489584915,1.8431955317089987,30.469681824434915,test,self_only_baseline,baseline,0.7810117579739053,1.4395573825096923
B0018,B0018,88,88,0.5183639803054616,0.711730222128208,1.428376058807949,0.7749454869194308,1.8431955317089987,30.347814854008035,test,self_only_baseline,baseline,0.7791743693209804,1.4361707159546082
B0018,B0018,89,89,0.5233162477756707,0.7185298427818907,1.4154547844370715,0.7679352299235834,1.8431955317089987,30.065771235504585,test,self_only_baseline,baseline,0.7773549396577929,1.4328171513291623
B0018,B0018,90,90,0.5284208500679832,0.7255386239885688,1.454576670077708,0.7891602627362243,1.8431955317089987,30.69900317711178,test,self_only_baseline,baseline,0.7754704684613557,1.4293437024402549
B0018,B0018,91,91,0.5334499366667566,0.73244371974761,1.4283179548274056,0.7749139634160672,1.8431955317089987,30.8136682132841,test,self_only_baseline,baseline,0.7736039030611956,1.4259032574350372
B0018,B0018,92,92,0.538446223273397,0.7393037800748435,1.4197026883204058,0.7702398708638724,1.8431955317089987,30.927051623429325,test,self_only_baseline,baseline,0.7717389067897006,1.4224657046407636
B0018,B0018,93,93,0.5434258225268331,0.7461409281356889,1.4155606630306516,0.7679926728761941,1.8431955317089987,30.964717818208584,test,self_only_baseline,baseline,0.7698689305971099,1.4190189728781784
B0018,B0018,94,94,0.5483616261502309,0.7529179434043655,1.405680035419228,0.7626320763244748,1.8431955317089987,30.78830077129346,test,self_only_baseline,baseline,0.7680037505517561,1.4155810813527492
B0018,B0018,95,95,0.5533099893512444,0.7597122033723382,1.4084461071166137,0.7641327699024486,1.8431955317089987,30.804915199635328,test,self_only_baseline,baseline,0.7661216298570815,1.4121119648981881
B0018,B0018,96,96,0.5582147384980201,0.7664465798574881,1.3968547782872414,0.7578440562907001,1.8431955317089987,30.822008843961612,test,self_only_baseline,baseline,0.764243548799457,1.4086502942845873
B0018,B0018,97,97,0.5630854027816333,0.7731341567420649,1.3935670371440676,0.7560603382387551,1.8431955317089987,30.825899764467348,test,self_only_baseline,baseline,0.7623656990040117,1.405189049932402
B0018,B0018,98,98,0.5679411344232489,0.7798012306345168,1.3893644292809475,0.7537802720217849,1.8431955317089987,30.930035313115848,test,self_only_baseline,baseline,0.7604804674304287,1.401714199519737
B0018,B0018,99,99,0.5727775589648542,0.7864417952649423,1.378565141566671,0.7479212692581099,1.8431955317089987,30.911924838618532,test,self_only_baseline,baseline,0.7585892976328473,1.398228403799132
B0018,B0018,100,100,0.5776147079223164,0.7930833545413664,1.384901110085747,0.7513587605117921,1.8431955317089987,30.82018744327065,test,self_only_baseline,baseline,0.7566840624402825,1.3947166828053417
B0018,B0018,101,101,0.5824162452293488,0.7996760178897673,1.3703251814242443,0.7434507939337764,1.8431955317089987,30.834899963261606,test,self_only_baseline,baseline,0.7547788736881414,1.391205047410333
B0018,B0018,102,102,0.5872079007552069,0.8062551132385051,1.3733464385229082,0.7450899347881721,1.8431955317089987,30.95314789426414,test,self_only_baseline,baseline,0.7528633903254639,1.3876744370351828
B0018,B0018,103,103,0.5919805084492111,0.8128080553086364,1.3679487285504814,0.7421614826084829,1.8431955317089987,31.018878296607838,test,self_only_baseline,baseline,0.7509410922190719,1.3841312657548686
B0018,B0018,104,104,0.5967310335386369,0.8193306772607447,1.3567141087089647,0.7360662964775248,1.8431955317089987,31.012275385513618,test,self_only_baseline,baseline,0.7490130908336082,1.380577582216053
B0018,B0018,105,105,0.6018618233429249,0.8263754147537842,1.4604310209194575,0.792336459043689,1.8431955317089987,29.919480476758313,test,self_only_baseline,baseline,0.7469140717321838,1.3767086795873358
B0018,B0018,106,106,0.6069576712640796,0.8333721759305884,1.4500998937104097,0.7867314502254065,1.8431955317089987,30.48480307233291,test,self_only_baseline,baseline,0.7448118622687597,1.372833896497636
B0018,B0018,107,107,0.6120119075579162,0.8403118030203817,1.4381406901824496,0.7802431513324118,1.8431955317089987,30.850564878616186,test,self_only_baseline,baseline,0.7427092839998962,1.3689584336273986
B0018,B0018,108,108,0.6170287780173903,0.8472001256318521,1.4283681980964316,0.7749412222001526,1.8431955317089987,30.690895482776472,test,self_only_baseline,baseline,0.7406046752829142,1.3650792282442614
B0018,B0018,109,109,0.6219892619265783,0.8540110277174278,1.4147874517552432,0.7675731778947302,1.8431955317089987,30.49073598905972,test,self_only_baseline,baseline,0.7385062189042821,1.3612113628236806
B0018,B0018,110,110,0.6269440628584149,0.8608141268944558,1.413889163393182,0.7670858240862993,1.8431955317089987,30.310898552777907,test,self_only_baseline,baseline,0.7363925188640876,1.357315400354221
B0018,B0018,111,111,0.6318432770305658,0.8675409036835063,1.3989331662177225,0.7589716566427659,1.8431955317089987,30.461628896605163,test,self_only_baseline,baseline,0.7342849299612263,1.3534307019057874
B0018,B0018,112,112,0.6367541435055016,0.8742836794546709,1.3953322584033976,0.7570180343859964,1.8431955317089987,30.901592836716652,test,self_only_baseline,baseline,0.7321545114777289,1.3495039240763347
B0018,B0018,113,113,0.6416488129317344,0.8810042161631125,1.390046129540245,0.7541501189791858,1.8431955317089987,31.353823188034173,test,self_only_baseline,baseline,0.730013126289973,1.3455569324665952
B0018,B0018,114,114,0.6464996076438563,0.8876645114944401,1.3860271454209647,0.7519696752605783,1.8431955317089987,31.144265239223852,test,self_only_baseline,baseline,0.7278729801884485,1.3416122247350608
B0018,B0018,115,115,0.6513774020124865,0.8943618782123882,1.388215260193751,0.7531568063788691,1.8431955317089987,30.724882812676064,test,self_only_baseline,baseline,0.7257026695440474,1.3376119178528803
B0018,B0018,116,116,0.6561848223868375,0.9009626191992219,1.3761826562394497,0.7466286851094209,1.8431955317089987,30.532597653810644,test,self_only_baseline,baseline,0.7235455446976357,1.3336359149746357
B0018,B0018,117,117,0.6609695233305852,0.9075321656856578,1.3647168898640163,0.7404080936538837,1.8431955317089987,30.36947364911525,test,self_only_baseline,baseline,0.7213805385202624,1.3296453852623789
B0018,B0018,118,118,0.6657314337910445,0.9140704201141003,1.3589854739373584,0.7372985939681158,1.8431955317089987,30.280660852913975,test,self_only_baseline,baseline,0.7192077397785677,1.3256404923303842
B0018,B0018,119,119,0.6704433510452786,0.9205400322812682,1.34623087640088,0.7303787651615363,1.8431955317089987,30.073419058972085,test,self_only_baseline,baseline,0.7170397822379743,1.3216445226786278
B0018,B0018,120,120,0.6754464811435418,0.9274094889400329,1.4268427818454643,0.7741136289119066,1.8431955317089987,29.92886232854612,test,self_only_baseline,baseline,0.7147180630373127,1.3173651402220852
B0018,B0018,121,121,0.6803754255214672,0.9341770862466422,1.4064481483279665,0.7630488052582881,1.8431955317089987,30.358162779285898,test,self_only_baseline,baseline,0.7124106459331634,1.3131121193259283
B0018,B0018,122,122,0.6852797073666513,0.9409108211118528,1.3934907492075153,0.7560189492839535,1.8431955317089987,30.538278845342294,test,self_only_baseline,baseline,0.7100947468100597,1.3088434644103348
B0018,B0018,123,123,0.6901394050324079,0.9475833404815177,1.3882493512249316,0.753175301991838,1.8431955317089987,30.453708477709622,test,self_only_baseline,baseline,0.7077800010733998,1.304576935411481
B0018,B0018,124,124,0.6949536618432006,0.9541934681128948,1.3701878338420928,0.743376277920804,1.8431955317089987,30.36433934962128,test,self_only_baseline,baseline,0.7054671811088705,1.3003139559872132
B0018,B0018,125,125,0.6997770561266704,0.9608161417847092,1.379695166560862,0.7485343485406661,1.8431955317089987,30.341783049577174,test,self_only_baseline,baseline,0.7031301082186422,1.296006273678666
B0018,B0018,126,126,0.7045835319921862,0.9674155859308892,1.3686586323935683,0.7425466310264744,1.8431955317089987,30.690713233762086,test,self_only_baseline,baseline,0.7007812781791053,1.2916769206450478
B0018,B0018,127,127,0.7093732725651279,0.9739920519884024,1.3627371779096438,0.7393340285748864,1.8431955317089987,31.2027076776165,test,self_only_baseline,baseline,0.6984206380121529,1.2873257992373484
B0018,B0018,128,128,0.7141447534193535,0.9805434468716989,1.3634051133928071,0.7396964076451872,1.8431955317089987,31.393369740072536,test,self_only_baseline,baseline,0.6960489895881907,1.2829543874595166
B0018,B0018,129,129,0.7188629844892966,0.9870217281085317,1.3518646035305233,0.7334352651544697,1.8431955317089987,31.104476936258568,test,self_only_baseline,baseline,0.693684010962406,1.2785952694238827
B0018,B0018,130,130,0.7236141344547279,0.9935452080352585,1.3547969729652622,0.7350261812479023,1.8431955317089987,30.91385867412369,test,self_only_baseline,baseline,0.6912824793520956,1.2741687770905008
B0018,B0018,131,131,0.7283152579294093,1.0,1.341051440640485,0.727568734607918,1.8431955317089987,30.645630535920944,test,self_only_baseline,baseline,0.6888862742791249,1.2697521026069427
B0018,B0018,0,0,0.0066065600499579,0.00907101695046217,1.8550045207910817,1.0064068021427621,1.8431955317089987,31.641006670174225,train,fleet_updated_deterministic_final,final_model,1.0064068021427621,1.8550045207910815
B0018,B0018,1,1,0.0131876519150362,0.018107065273530752,1.8431955317089987,1.0,1.8431955317089987,31.777782126618774,train,fleet_updated_deterministic_final,final_model,1.0,1.8431955317089987
B0018,B0018,2,2,0.0197603846620385,0.02713163626177078,1.8396018424355425,0.9980502940617894,1.8431955317089987,31.183385984419683,train,fleet_updated_deterministic_final,final_model,0.9980502940617894,1.8396018424355425
B0018,B0018,3,3,0.0263030642552989,0.036114943314627466,1.8306736044962053,0.9932064032288624,1.8431955317089987,30.670948235325973,train,fleet_updated_deterministic_final,final_model,0.9937561556590566,1.8316869057190854
B0018,B0018,4,4,0.0328651086270291,0.0451248388238689,1.8327002069419656,0.9943059080892509,1.8431955317089987,31.78654131350053,train,fleet_updated_deterministic_final,final_model,0.9937561556590566,1.8316869057190854
B0018,B0018,5,5,0.0394180198081996,0.054122194172156315,1.8285288846046388,0.9920428153974737,1.8431955317089987,31.857804685694962,train,fleet_updated_deterministic_final,final_model,0.9920428153974737,1.8285288846046388
B0018,B0018,6,6,0.045929493769108105,0.06306265489986446,1.8212011895697924,0.9880672767697015,1.8431955317089987,31.457792771042055,train,fleet_updated_deterministic_final,final_model,0.9880672767697015,1.8212011895697924
B0018,B0018,7,7,0.05241536066225041,0.07196795630956104,1.815170010643328,0.9847951448538476,1.8431955317089987,31.106514793972515,train,fleet_updated_deterministic_final,final_model,0.9847951448538476,1.815170010643328
B0018,B0018,8,8,0.05888026585725091,0.08084447664140214,1.8042980520967649,0.9788967155447863,1.8431955317089987,30.925338415115068,train,fleet_updated_deterministic_final,final_model,0.9839971451693699,1.8136991411905936
B0018,B0018,9,9,0.06541019046094482,0.08981027068814283,1.8231002302844224,0.9890975747939535,1.8431955317089987,30.955870852154142,train,fleet_updated_deterministic_final,final_model,0.9839971451693699,1.8136991411905936
B0018,B0018,10,10,0.07190711718345172,0.09873075759511438,1.8121253520255491,0.9831433078320011,1.8431955317089987,31.325535981763924,train,fleet_updated_deterministic_final,final_model,0.9831433078320011,1.8121253520255491
B0018,B0018,11,11,0.07835826964299902,0.10758839498402183,1.8046916382117768,0.9791102501960162,1.8431955317089987,31.109817009054918,train,fleet_updated_deterministic_final,final_model,0.9791102501960162,1.8046916382117768
B0018,B0018,12,12,0.08475879294496032,0.11637651693022119,1.790844349786295,0.9715975972043703,1.8431955317089987,30.678345185936085,train,fleet_updated_deterministic_final,final_model,0.9715975972043703,1.790844349786295
B0018,B0018,13,13,0.09112808719350941,0.12512176039341172,1.783470722841926,0.9675971388604137,1.8431955317089987,30.319325694887496,train,fleet_updated_deterministic_final,final_model,0.9675971388604137,1.783470722841926
B0018,B0018,14,14,0.09751027352951952,0.13388470510248535,1.7809386125310702,0.9662233777660016,1.8431955317089987,30.596255671969576,train,fleet_updated_deterministic_final,final_model,0.9662233777660016,1.7809386125310702
B0018,B0018,15,15,0.10386082218071262,0.1426042102646422,1.771209039672698,0.9609447338614394,1.8431955317089987,31.20746701351041,train,fleet_updated_deterministic_final,final_model,0.9609447338614394,1.771209039672698
B0018,B0018,16,16,0.11018353663183111,0.15128549818533454,1.7686303996707076,0.9595457287327759,1.8431955317089987,31.278455925694217,train,fleet_updated_deterministic_final,final_model,0.9595457287327759,1.7686303996707076
B0018,B0018,17,17,0.1164507432042989,0.1598905720242177,1.7536304801917124,0.951407731856727,1.8431955317089987,30.846338448289856,train,fleet_updated_deterministic_final,final_model,0.951407731856727,1.7536304801917124
B0018,B0018,18,18,0.12268101347206871,0.16844493114266096,1.7462197416415093,0.947387139129198,1.8431955317089987,30.308939692073288,train,fleet_updated_deterministic_final,final_model,0.947387139129198,1.7462197416415093
B0018,B0018,19,19,0.1288974743131449,0.17698032947929546,1.7376647337053737,0.9427457390232616,1.8431955317089987,29.97177467754137,train,fleet_updated_deterministic_final,final_model,0.9427457390232616,1.7376647337053737
B0018,B0018,20,20,0.1350716505015514,0.18545766964371765,1.7315166735475835,0.9394101948273131,1.8431955317089987,29.81782534337835,train,fleet_updated_deterministic_final,final_model,0.9394101948273131,1.7315166735475835
B0018,B0018,21,21,0.1411796684844709,0.19384417248904387,1.7085949894470602,0.9269743551639702,1.8431955317089987,29.920605383544245,train,fleet_updated_deterministic_final,final_model,0.9342295450220274,1.7219677229751318
B0018,B0018,22,22,0.1472779344586615,0.20221728551639948,1.711469957068211,0.9285341287049168,1.8431955317089987,29.893266895852758,train,fleet_updated_deterministic_final,final_model,0.9342295450220274,1.7219677229751318
B0018,B0018,23,23,0.1533604531776963,0.21056877706187024,1.7075021373272627,0.9263814435053876,1.8431955317089987,29.80410820846937,train,fleet_updated_deterministic_final,final_model,0.9342295450220274,1.7219677229751318
B0018,B0018,24,24,0.15959613965492572,0.2191305728080659,1.7492382064360228,0.9490247650579646,1.8431955317089987,29.94490670872373,train,fleet_updated_deterministic_final,final_model,0.9342295450220274,1.7219677229751318
B0018,B0018,25,25,0.16579810135156772,0.22764606335850981,1.7327697147429957,0.9400900148322208,1.8431955317089987,30.677345862219244,train,fleet_updated_deterministic_final,final_model,0.9342295450220274,1.7219677229751318
B0018,B0018,26,26,0.17194774974616372,0.2360897260823684,1.7222313328292376,0.934372562867704,1.8431955317089987,31.10010750274865,train,fleet_updated_deterministic_final,final_model,0.9342295450220274,1.7219677229751318
B0018,B0018,27,27,0.17805685603299623,0.24447772320356095,1.711846298984729,0.9287383077570269,1.8431955317089987,31.050787417545134,train,fleet_updated_deterministic_final,final_model,0.9287383077570269,1.711846298984729
B0018,B0018,28,28,0.18413260172628684,0.2528199151693916,1.699267835126687,0.9219140378184061,1.8431955317089987,30.821181275708348,train,fleet_updated_deterministic_final,final_model,0.9219140378184061,1.699267835126687
B0018,B0018,29,29,0.19017060978345746,0.2611102921612682,1.6940366439243106,0.9190759280723793,1.8431955317089987,30.64007738292459,train,fleet_updated_deterministic_final,final_model,0.9190759280723793,1.6940366439243106
B0018,B0018,30,30,0.19616341077970365,0.2693385984215045,1.6819027078768087,0.9124928304906206,1.8431955317089987,30.68140594986539,train,fleet_updated_deterministic_final,final_model,0.9124928304906206,1.6819027078768087
B0018,B0018,31,31,0.20213639451981524,0.27753969495913944,1.6769770618433686,0.9098204900098074,1.8431955317089987,30.990140963454635,train,fleet_updated_deterministic_final,final_model,0.9098204900098074,1.6769770618433686
B0018,B0018,32,32,0.20806704533825846,0.28568266704969264,1.6655229306478936,0.9036062110586996,1.8431955317089987,31.165463594850557,train,fleet_updated_deterministic_final,final_model,0.9036062110586996,1.6655229306478936
B0018,B0018,33,33,0.21396139229898065,0.2937757927896088,1.6571924575832084,0.899086629212187,1.8431955317089987,30.904185566693272,train,fleet_updated_deterministic_final,final_model,0.899086629212187,1.6571924575832084
B0018,B0018,34,34,0.21984366609638806,0.3018523416925257,1.6482241555294048,0.8942210021533539,1.8431955317089987,30.69217975121164,train,fleet_updated_deterministic_final,final_model,0.8959908491593431,1.6514863296226527
B0018,B0018,35,35,0.22568509442795176,0.30987280847248966,1.6387701497987262,0.8890918633462991,1.8431955317089987,30.551509838324925,train,fleet_updated_deterministic_final,final_model,0.8959908491593431,1.6514863296226527
B0018,B0018,36,36,0.23146692857537457,0.31781145054331555,1.6276486907262062,0.883058071010546,1.8431955317089987,30.515997455768108,train,fleet_updated_deterministic_final,final_model,0.8959908491593431,1.6514863296226527
B0018,B0018,37,37,0.23724582119614537,0.3257460538045463,1.62215370227252,0.8800768417491062,1.8431955317089987,30.820167527763324,train,fleet_updated_deterministic_final,final_model,0.8959908491593431,1.6514863296226527
B0018,B0018,38,38,0.24299141383238837,0.33363493512851805,1.6140066510467586,0.8756567728602631,1.8431955317089987,30.932240584174544,train,fleet_updated_deterministic_final,final_model,0.8959908491593431,1.6514863296226527
B0018,B0018,39,39,0.24896964620483086,0.3418432382051809,1.6760516154424625,0.9093184019865969,1.8431955317089987,30.385055922657436,train,fleet_updated_deterministic_final,final_model,0.8959908491593431,1.6514863296226527
B0018,B0018,40,40,0.25483424093882734,0.3498955131920725,1.649300642552199,0.8948050351570559,1.8431955317089987,30.568591186675416,train,fleet_updated_deterministic_final,final_model,0.8959908491593431,1.6514863296226527
B0018,B0018,41,41,0.26065153034525895,0.3578828364605292,1.63238299185809,0.8856265999866847,1.8431955317089987,30.370969259812775,train,fleet_updated_deterministic_final,final_model,0.8959908491593431,1.6514863296226527
B0018,B0018,42,42,0.2664050503097656,0.3657826022581919,1.6164159719025777,0.8769639162503001,1.8431955317089987,30.160449727689077,train,fleet_updated_deterministic_final,final_model,0.8959908491593431,1.6514863296226527
B0018,B0018,43,43,0.2721143398444138,0.37362163826971206,1.6109028378249377,0.8739728423339433,1.8431955317089987,29.934748761085544,train,fleet_updated_deterministic_final,final_model,0.8959908491593431,1.6514863296226527
B0018,B0018,44,44,0.2777870303854807,0.38141042269967756,1.5954638693695655,0.8655966455660089,1.8431955317089987,29.908227318444972,train,fleet_updated_deterministic_final,final_model,0.8959908491593431,1.6514863296226527
B0018,B0018,45,45,0.2839607511689994,0.3898871375787129,1.726707440085764,0.9368010123618151,1.8431955317089987,30.305899342849564,train,fleet_updated_deterministic_final,final_model,0.8959908491593431,1.6514863296226527
B0018,B0018,46,46,0.29008235757643247,0.39829229776282976,1.7165673917429751,0.9312996707144712,1.8431955317089987,30.423123569718257,train,fleet_updated_deterministic_final,final_model,0.8959908491593431,1.6514863296226527
B0018,B0018,47,47,0.2961266464539208,0.4065912985206502,1.6958235570934848,0.9200453928624319,1.8431955317089987,30.319232146202246,train,fleet_updated_deterministic_final,final_model,0.8959908491593431,1.6514863296226527
B0018,B0018,48,48,0.30210082631567337,0.41479403737131915,1.6777783190792557,0.9102552009355354,1.8431955317089987,30.265186659631926,train,fleet_updated_deterministic_final,final_model,0.8959908491593431,1.6514863296226527
B0018,B0018,49,49,0.3080096350727169,0.4229070196172798,1.6606586897774192,0.9009671850916801,1.8431955317089987,30.161316848034666,train,fleet_updated_deterministic_final,final_model,0.8959908491593431,1.6514863296226527
B0018,B0018,50,50,0.3139466142946762,0.4310586808070207,1.6664109274827466,0.9040879813427397,1.8431955317089987,30.855334899111472,train,fleet_updated_deterministic_final,final_model,0.8959908491593431,1.6514863296226527
B0018,B0018,51,51,0.3198269883330958,0.43913262128045993,1.6468336174407805,0.8934665851288426,1.8431955317089987,30.80617459493505,train,fleet_updated_deterministic_final,final_model,0.8934665851288426,1.6468336174407805
B0018,B0018,52,52,0.3256098223501405,0.4470726362040594,1.6257639928779952,0.8820355545082065,1.8431955317089987,30.5710080373212,train,fleet_updated_deterministic_final,final_model,0.8851734336608412,1.6315477177111744
B0018,B0018,53,53,0.3313558662256673,0.4549621370939113,1.6121577411874597,0.8746536726316159,1.8431955317089987,30.412368455342936,train,fleet_updated_deterministic_final,final_model,0.8851734336608412,1.6315477177111744
B0018,B0018,54,54,0.3370771640672735,0.46281766089259124,1.6057366823755344,0.8711700168276265,1.8431955317089987,30.33843995366809,train,fleet_updated_deterministic_final,final_model,0.8851734336608412,1.6315477177111744
B0018,B0018,55,55,0.3430269835623717,0.470986952185504,1.673645314879889,0.9080128972144893,1.8431955317089987,30.451948895085675,train,fleet_updated_deterministic_final,final_model,0.8851734336608412,1.6315477177111744
B0018,B0018,56,56,0.348863066921073,0.47900008014782786,1.6404348572349936,0.8899950271222681,1.8431955317089987,30.671413761798455,train,fleet_updated_deterministic_final,final_model,0.8851734336608412,1.6315477177111744
B0018,B0018,57,57,0.3546153413220396,0.4868981357471575,1.6132653317422077,0.8752545804222944,1.8431955317089987,30.642891640244958,train,fleet_updated_deterministic_final,final_model,0.8752545804222944,1.6132653317422077
B0018,B0018,58,58,0.3602848078325747,0.4946824934807211,1.5920964324686278,0.8637696896934458,1.8431955317089987,30.53488926855151,train,fleet_updated_deterministic_final,final_model,0.8637696896934458,1.5920964324686278
B0018,B0018,59,59,0.3659092434467519,0.5024050223621939,1.5866011820698824,0.8607883183173715,1.8431955317089987,30.40393132287963,train,fleet_updated_deterministic_final,final_model,0.8607883183173715,1.5866011820698824
B0018,B0018,60,60,0.371509967607612,0.5100949946645494,1.580076649033625,0.8572485240177359,1.8431955317089987,30.35291026846985,train,fleet_updated_deterministic_final,final_model,0.8572485240177359,1.580076649033625
B0018,B0018,61,61,0.3770709243113043,0.5177303649841306,1.5641732953289167,0.8486203815167811,1.8431955317089987,30.523139991370275,train,fleet_updated_deterministic_final,final_model,0.8486203815167811,1.5641732953289167
B0018,B0018,62,62,0.3825782650564372,0.5252921188883262,1.555618272193922,0.843978973164916,1.8431955317089987,30.49934855790472,train,fleet_updated_deterministic_final,final_model,0.843978973164916,1.555618272193922
B0018,B0018,63,63,0.3880478191444327,0.5328019905111525,1.5402045278637395,0.8356164613939098,1.8431955317089987,30.492729197021443,train,fleet_updated_deterministic_final,final_model,0.8356164613939098,1.5402045278637395
B0018,B0018,64,64,0.3934824365811034,0.5402638930011829,1.5321613015959863,0.8312527212863718,1.8431955317089987,30.397000138975116,train,fleet_updated_deterministic_final,final_model,0.8312527212863718,1.5321613015959863
B0018,B0018,65,65,0.3989137372664064,0.5477212414861565,1.5316232403693415,0.830960803680568,1.8431955317089987,30.330453355714234,train,fleet_updated_deterministic_final,final_model,0.830960803680568,1.5316232403693415
B0018,B0018,66,66,0.4042888581004032,0.555101453249505,1.5222595950771978,0.8258806886677773,1.8431955317089987,30.227193745312658,train,fleet_updated_deterministic_final,final_model,0.8258806886677773,1.5222595950771978
B0018,B0018,67,67,0.4096211292902618,0.5624228310893956,1.5065267126851285,0.8173450329972788,1.8431955317089987,30.23535797364275,train,fleet_updated_deterministic_final,final_model,0.8204852298683356,1.512314709526547
B0018,B0018,68,68,0.4149334241021796,0.569716780727387,1.5014219556532926,0.8145755183451341,1.8431955317089987,30.24972025738233,train,fleet_updated_deterministic_final,final_model,0.8204852298683356,1.512314709526547
B0018,B0018,69,69,0.4202211261670159,0.576976963741909,1.4963534117486457,0.8118256506195176,1.8431955317089987,30.22285035082882,train,fleet_updated_deterministic_final,final_model,0.8204852298683356,1.512314709526547
B0018,B0018,70,70,0.4256571682791663,0.5844408223566591,1.5334262000312422,0.8319389742711993,1.8431955317089987,30.421961497552765,train,fleet_updated_deterministic_final,final_model,0.8204852298683356,1.512314709526547
B0018,B0018,71,71,0.4310371331752903,0.5918276851712858,1.523845267514426,0.8267409731085484,1.8431955317089987,30.732355198060006,train,fleet_updated_deterministic_final,final_model,0.8204852298683356,1.512314709526547
B0018,B0018,72,72,0.4363481702317835,0.5991199078710991,1.501192099426124,0.8144508130584652,1.8431955317089987,30.7413153557676,train,fleet_updated_deterministic_final,final_model,0.8144508130584652,1.501192099426124
B0018,B0018,73,73,0.4416282304179614,0.6063695983433117,1.492417671450291,0.8096903696736565,1.8431955317089987,30.655637366064802,train,fleet_updated_deterministic_final,final_model,0.8096903696736565,1.492417671450291
B0018,B0018,74,74,0.4468724110465303,0.6135700250424283,1.483323851940123,0.804756644871418,1.8431955317089987,30.466234321566052,train,fleet_updated_deterministic_final,final_model,0.804756644871418,1.483323851940123
B0018,B0018,75,75,0.4521059172585777,0.6207557954283546,1.4807376792294196,0.8033535529768181,1.8431955317089987,30.456280660056155,train,fleet_updated_deterministic_final,final_model,0.8033535529768181,1.4807376792294196
B0018,B0018,76,76,0.45729012813759856,0.6278738817550911,1.4735077809902477,0.7994310726350454,1.8431955317089987,30.546818559363015,train,fleet_updated_deterministic_final,final_model,0.7994310726350454,1.4735077809902477
B0018,B0018,77,77,0.46247384143547515,0.6349912848870999,1.46801928526661,0.7964533659136381,1.8431955317089987,30.796092904194406,train,fleet_updated_deterministic_final,final_model,0.7964533659136381,1.46801928526661
B0018,B0018,78,78,0.46761661930911,0.6420524823804158,1.458092355711902,0.7910676488890837,1.8431955317089987,30.657925487111118,train,fleet_updated_deterministic_final,final_model,0.7910676488890837,1.458092355711902
B0018,B0018,79,79,0.47271621956186555,0.6490543956277829,1.44786609888914,0.7855195360346214,1.8431955317089987,30.46482167326395,train,fleet_updated_deterministic_final,final_model,0.786852758359792,1.4503234883216691
B0018,B0018,80,80,0.47783754066308276,0.6560861322905257,1.4527808777541982,0.7881859806849626,1.8431955317089987,30.258099801146706,train,fleet_updated_deterministic_final,final_model,0.786852758359792,1.4503234883216691
B0018,B0018,81,81,0.48289693348539325,0.6630328394578233,1.4425356364492432,0.7826275680647585,1.8431955317089987,30.360499876363807,train,fleet_updated_deterministic_final,final_model,0.7828569564808016,1.4429584441527195
B0018,B0018,82,82,0.4879463367352422,0.669965830624594,1.4392712877203313,0.7808565412405533,1.8431955317089987,30.643978942054655,train,fleet_updated_deterministic_final,final_model,0.7828569564808016,1.4429584441527195
B0018,B0018,83,83,0.4929801953827726,0.6768774785582672,1.4286475681888218,0.7750927905430571,1.8431955317089987,30.823607928042588,train,fleet_updated_deterministic_final,final_model,0.7828569564808016,1.4429584441527195
B0018,B0018,84,84,0.4979731507291588,0.6837329649592814,1.4249026750004896,0.7730610510320244,1.8431955317089987,30.666742673509223,train,fleet_updated_deterministic_final,final_model,0.7828569564808016,1.4429584441527195
B0018,B0018,85,85,0.503160287037293,0.6908550679931806,1.4698115324524124,0.7974257245999359,1.8431955317089987,30.601798568281296,train,fleet_updated_deterministic_final,final_model,0.7828569564808016,1.4429584441527195
B0018,B0018,86,86,0.5082821767482195,0.6978875853751287,1.4525819651050202,0.7880780634044809,1.8431955317089987,30.70725458137669,train,fleet_updated_deterministic_final,final_model,0.7828569564808016,1.4429584441527195
B0018,B0018,87,87,0.5133419734316327,0.7048348470565579,1.442834198908794,0.7827895489584915,1.8431955317089987,30.469681824434915,test,fleet_updated_deterministic_final,final_model,0.7810117579739053,1.4395573825096923
B0018,B0018,88,88,0.5183639803054616,0.711730222128208,1.428376058807949,0.7749454869194308,1.8431955317089987,30.347814854008035,test,fleet_updated_deterministic_final,final_model,0.7791743693209804,1.4361707159546082
B0018,B0018,89,89,0.5233162477756707,0.7185298427818907,1.4154547844370715,0.7679352299235834,1.8431955317089987,30.065771235504585,test,fleet_updated_deterministic_final,final_model,0.7773549396577929,1.4328171513291623
B0018,B0018,90,90,0.5284208500679832,0.7255386239885688,1.454576670077708,0.7891602627362243,1.8431955317089987,30.69900317711178,test,fleet_updated_deterministic_final,final_model,0.7754704684613557,1.4293437024402549
B0018,B0018,91,91,0.5334499366667566,0.73244371974761,1.4283179548274056,0.7749139634160672,1.8431955317089987,30.8136682132841,test,fleet_updated_deterministic_final,final_model,0.7736039030611956,1.4259032574350372
B0018,B0018,92,92,0.538446223273397,0.7393037800748435,1.4197026883204058,0.7702398708638724,1.8431955317089987,30.927051623429325,test,fleet_updated_deterministic_final,final_model,0.7717389067897006,1.4224657046407636
B0018,B0018,93,93,0.5434258225268331,0.7461409281356889,1.4155606630306516,0.7679926728761941,1.8431955317089987,30.964717818208584,test,fleet_updated_deterministic_final,final_model,0.7698689305971099,1.4190189728781784
B0018,B0018,94,94,0.5483616261502309,0.7529179434043655,1.405680035419228,0.7626320763244748,1.8431955317089987,30.78830077129346,test,fleet_updated_deterministic_final,final_model,0.7680037505517561,1.4155810813527492
B0018,B0018,95,95,0.5533099893512444,0.7597122033723382,1.4084461071166137,0.7641327699024486,1.8431955317089987,30.804915199635328,test,fleet_updated_deterministic_final,final_model,0.7661216298570815,1.4121119648981881
B0018,B0018,96,96,0.5582147384980201,0.7664465798574881,1.3968547782872414,0.7578440562907001,1.8431955317089987,30.822008843961612,test,fleet_updated_deterministic_final,final_model,0.764243548799457,1.4086502942845873
B0018,B0018,97,97,0.5630854027816333,0.7731341567420649,1.3935670371440676,0.7560603382387551,1.8431955317089987,30.825899764467348,test,fleet_updated_deterministic_final,final_model,0.7623656990040117,1.405189049932402
B0018,B0018,98,98,0.5679411344232489,0.7798012306345168,1.3893644292809475,0.7537802720217849,1.8431955317089987,30.930035313115848,test,fleet_updated_deterministic_final,final_model,0.7604804674304287,1.401714199519737
B0018,B0018,99,99,0.5727775589648542,0.7864417952649423,1.378565141566671,0.7479212692581099,1.8431955317089987,30.911924838618532,test,fleet_updated_deterministic_final,final_model,0.7585892976328473,1.398228403799132
B0018,B0018,100,100,0.5776147079223164,0.7930833545413664,1.384901110085747,0.7513587605117921,1.8431955317089987,30.82018744327065,test,fleet_updated_deterministic_final,final_model,0.7566840624402825,1.3947166828053417
B0018,B0018,101,101,0.5824162452293488,0.7996760178897673,1.3703251814242443,0.7434507939337764,1.8431955317089987,30.834899963261606,test,fleet_updated_deterministic_final,final_model,0.7547788736881414,1.391205047410333
B0018,B0018,102,102,0.5872079007552069,0.8062551132385051,1.3733464385229082,0.7450899347881721,1.8431955317089987,30.95314789426414,test,fleet_updated_deterministic_final,final_model,0.7528633903254639,1.3876744370351828
B0018,B0018,103,103,0.5919805084492111,0.8128080553086364,1.3679487285504814,0.7421614826084829,1.8431955317089987,31.018878296607838,test,fleet_updated_deterministic_final,final_model,0.7509410922190719,1.3841312657548686
B0018,B0018,104,104,0.5967310335386369,0.8193306772607447,1.3567141087089647,0.7360662964775248,1.8431955317089987,31.012275385513618,test,fleet_updated_deterministic_final,final_model,0.7490130908336082,1.380577582216053
B0018,B0018,105,105,0.6018618233429249,0.8263754147537842,1.4604310209194575,0.792336459043689,1.8431955317089987,29.919480476758313,test,fleet_updated_deterministic_final,final_model,0.7469140717321838,1.3767086795873358
B0018,B0018,106,106,0.6069576712640796,0.8333721759305884,1.4500998937104097,0.7867314502254065,1.8431955317089987,30.48480307233291,test,fleet_updated_deterministic_final,final_model,0.7448118622687597,1.372833896497636
B0018,B0018,107,107,0.6120119075579162,0.8403118030203817,1.4381406901824496,0.7802431513324118,1.8431955317089987,30.850564878616186,test,fleet_updated_deterministic_final,final_model,0.7427092839998962,1.3689584336273986
B0018,B0018,108,108,0.6170287780173903,0.8472001256318521,1.4283681980964316,0.7749412222001526,1.8431955317089987,30.690895482776472,test,fleet_updated_deterministic_final,final_model,0.7406046752829142,1.3650792282442614
B0018,B0018,109,109,0.6219892619265783,0.8540110277174278,1.4147874517552432,0.7675731778947302,1.8431955317089987,30.49073598905972,test,fleet_updated_deterministic_final,final_model,0.7385062189042821,1.3612113628236806
B0018,B0018,110,110,0.6269440628584149,0.8608141268944558,1.413889163393182,0.7670858240862993,1.8431955317089987,30.310898552777907,test,fleet_updated_deterministic_final,final_model,0.7363925188640876,1.357315400354221
B0018,B0018,111,111,0.6318432770305658,0.8675409036835063,1.3989331662177225,0.7589716566427659,1.8431955317089987,30.461628896605163,test,fleet_updated_deterministic_final,final_model,0.7342849299612263,1.3534307019057874
B0018,B0018,112,112,0.6367541435055016,0.8742836794546709,1.3953322584033976,0.7570180343859964,1.8431955317089987,30.901592836716652,test,fleet_updated_deterministic_final,final_model,0.7321545114777289,1.3495039240763347
B0018,B0018,113,113,0.6416488129317344,0.8810042161631125,1.390046129540245,0.7541501189791858,1.8431955317089987,31.353823188034173,test,fleet_updated_deterministic_final,final_model,0.730013126289973,1.3455569324665952
B0018,B0018,114,114,0.6464996076438563,0.8876645114944401,1.3860271454209647,0.7519696752605783,1.8431955317089987,31.144265239223852,test,fleet_updated_deterministic_final,final_model,0.7278729801884485,1.3416122247350608
B0018,B0018,115,115,0.6513774020124865,0.8943618782123882,1.388215260193751,0.7531568063788691,1.8431955317089987,30.724882812676064,test,fleet_updated_deterministic_final,final_model,0.7257026695440474,1.3376119178528803
B0018,B0018,116,116,0.6561848223868375,0.9009626191992219,1.3761826562394497,0.7466286851094209,1.8431955317089987,30.532597653810644,test,fleet_updated_deterministic_final,final_model,0.7235455446976357,1.3336359149746357
B0018,B0018,117,117,0.6609695233305852,0.9075321656856578,1.3647168898640163,0.7404080936538837,1.8431955317089987,30.36947364911525,test,fleet_updated_deterministic_final,final_model,0.7213805385202624,1.3296453852623789
B0018,B0018,118,118,0.6657314337910445,0.9140704201141003,1.3589854739373584,0.7372985939681158,1.8431955317089987,30.280660852913975,test,fleet_updated_deterministic_final,final_model,0.7192077397785677,1.3256404923303842
B0018,B0018,119,119,0.6704433510452786,0.9205400322812682,1.34623087640088,0.7303787651615363,1.8431955317089987,30.073419058972085,test,fleet_updated_deterministic_final,final_model,0.7170397822379743,1.3216445226786278
B0018,B0018,120,120,0.6754464811435418,0.9274094889400329,1.4268427818454643,0.7741136289119066,1.8431955317089987,29.92886232854612,test,fleet_updated_deterministic_final,final_model,0.7147180630373127,1.3173651402220852
B0018,B0018,121,121,0.6803754255214672,0.9341770862466422,1.4064481483279665,0.7630488052582881,1.8431955317089987,30.358162779285898,test,fleet_updated_deterministic_final,final_model,0.7124106459331634,1.3131121193259283
B0018,B0018,122,122,0.6852797073666513,0.9409108211118528,1.3934907492075153,0.7560189492839535,1.8431955317089987,30.538278845342294,test,fleet_updated_deterministic_final,final_model,0.7100947468100597,1.3088434644103348
B0018,B0018,123,123,0.6901394050324079,0.9475833404815177,1.3882493512249316,0.753175301991838,1.8431955317089987,30.453708477709622,test,fleet_updated_deterministic_final,final_model,0.7077800010733998,1.304576935411481
B0018,B0018,124,124,0.6949536618432006,0.9541934681128948,1.3701878338420928,0.743376277920804,1.8431955317089987,30.36433934962128,test,fleet_updated_deterministic_final,final_model,0.7054671811088705,1.3003139559872132
B0018,B0018,125,125,0.6997770561266704,0.9608161417847092,1.379695166560862,0.7485343485406661,1.8431955317089987,30.341783049577174,test,fleet_updated_deterministic_final,final_model,0.7031301082186422,1.296006273678666
B0018,B0018,126,126,0.7045835319921862,0.9674155859308892,1.3686586323935683,0.7425466310264744,1.8431955317089987,30.690713233762086,test,fleet_updated_deterministic_final,final_model,0.7007812781791053,1.2916769206450478
B0018,B0018,127,127,0.7093732725651279,0.9739920519884024,1.3627371779096438,0.7393340285748864,1.8431955317089987,31.2027076776165,test,fleet_updated_deterministic_final,final_model,0.6984206380121529,1.2873257992373484
B0018,B0018,128,128,0.7141447534193535,0.9805434468716989,1.3634051133928071,0.7396964076451872,1.8431955317089987,31.393369740072536,test,fleet_updated_deterministic_final,final_model,0.6960489895881907,1.2829543874595166
B0018,B0018,129,129,0.7188629844892966,0.9870217281085317,1.3518646035305233,0.7334352651544697,1.8431955317089987,31.104476936258568,test,fleet_updated_deterministic_final,final_model,0.693684010962406,1.2785952694238827
B0018,B0018,130,130,0.7236141344547279,0.9935452080352585,1.3547969729652622,0.7350261812479023,1.8431955317089987,30.91385867412369,test,fleet_updated_deterministic_final,final_model,0.6912824793520956,1.2741687770905008
B0018,B0018,131,131,0.7283152579294093,1.0,1.341051440640485,0.727568734607918,1.8431955317089987,30.645630535920944,test,fleet_updated_deterministic_final,final_model,0.6888862742791249,1.2697521026069427
B0018,B0018,0,0,0.0066065600499579,0.00907101695046217,1.8550045207910817,1.0064068021427621,1.8431955317089987,31.641006670174225,train,uniform_fleet_prior_diagnostic_only,diagnostic_prior,0.9534510945158694,1.7573967971147046
B0018,B0018,1,1,0.0131876519150362,0.018107065273530752,1.8431955317089987,1.0,1.8431955317089987,31.777782126618774,train,uniform_fleet_prior_diagnostic_only,diagnostic_prior,0.9499864092129313,1.7510107046455514
B0018,B0018,2,2,0.0197603846620385,0.02713163626177078,1.8396018424355425,0.9980502940617894,1.8431955317089987,31.183385984419683,train,uniform_fleet_prior_diagnostic_only,diagnostic_prior,0.9488134995766924,1.7488488028449374
B0018,B0018,3,3,0.0263030642552989,0.036114943314627466,1.8306736044962053,0.9932064032288624,1.8431955317089987,30.670948235325973,train,uniform_fleet_prior_diagnostic_only,diagnostic_prior,0.9485354321575126,1.7483362702203913
B0018,B0018,4,4,0.0328651086270291,0.0451248388238689,1.8327002069419656,0.9943059080892509,1.8431955317089987,31.78654131350053,train,uniform_fleet_prior_diagnostic_only,diagnostic_prior,0.9483612359146383,1.748015192483885
B0018,B0018,5,5,0.0394180198081996,0.054122194172156315,1.8285288846046388,0.9920428153974737,1.8431955317089987,31.857804685694962,train,uniform_fleet_prior_diagnostic_only,diagnostic_prior,0.9475938019587549,1.7466006616455187
B0018,B0018,6,6,0.045929493769108105,0.06306265489986446,1.8212011895697924,0.9880672767697015,1.8431955317089987,31.457792771042055,train,uniform_fleet_prior_diagnostic_only,diagnostic_prior,0.9421576171138573,1.7365807100298594
B0018,B0018,7,7,0.05241536066225041,0.07196795630956104,1.815170010643328,0.9847951448538476,1.8431955317089987,31.106514793972515,train,uniform_fleet_prior_diagnostic_only,diagnostic_prior,0.942019827987957,1.736326737728682
B0018,B0018,8,8,0.05888026585725091,0.08084447664140214,1.8042980520967649,0.9788967155447863,1.8431955317089987,30.925338415115068,train,uniform_fleet_prior_diagnostic_only,diagnostic_prior,0.9397606367818296,1.7321626065922717
B0018,B0018,9,9,0.06541019046094482,0.08981027068814283,1.8231002302844224,0.9890975747939535,1.8431955317089987,30.955870852154142,train,uniform_fleet_prior_diagnostic_only,diagnostic_prior,0.9369990082356839,1.7270723851957759
B0018,B0018,10,10,0.07190711718345172,0.09873075759511438,1.8121253520255491,0.9831433078320011,1.8431955317089987,31.325535981763924,train,uniform_fleet_prior_diagnostic_only,diagnostic_prior,0.9328928105470313,1.7195038599637376
B0018,B0018,11,11,0.07835826964299902,0.10758839498402183,1.8046916382117768,0.9791102501960162,1.8431955317089987,31.109817009054918,train,uniform_fleet_prior_diagnostic_only,diagnostic_prior,0.930678470020704,1.715422397399929
B0018,B0018,12,12,0.08475879294496032,0.11637651693022119,1.790844349786295,0.9715975972043703,1.8431955317089987,30.678345185936085,train,uniform_fleet_prior_diagnostic_only,diagnostic_prior,0.9301667529828487,1.7144792028422546
B0018,B0018,13,13,0.09112808719350941,0.12512176039341172,1.783470722841926,0.9675971388604137,1.8431955317089987,30.319325694887496,train,uniform_fleet_prior_diagnostic_only,diagnostic_prior,0.9277531104890566,1.7100303877825542
B0018,B0018,14,14,0.09751027352951952,0.13388470510248535,1.7809386125310702,0.9662233777660016,1.8431955317089987,30.596255671969576,train,uniform_fleet_prior_diagnostic_only,diagnostic_prior,0.9277531104890566,1.7100303877825542
B0018,B0018,15,15,0.10386082218071262,0.1426042102646422,1.771209039672698,0.9609447338614394,1.8431955317089987,31.20746701351041,train,uniform_fleet_prior_diagnostic_only,diagnostic_prior,0.9258841053070812,1.7065854457823961
B0018,B0018,16,16,0.11018353663183111,0.15128549818533454,1.7686303996707076,0.9595457287327759,1.8431955317089987,31.278455925694217,train,uniform_fleet_prior_diagnostic_only,diagnostic_prior,0.9257662082902237,1.7063681385277225
B0018,B0018,17,17,0.1164507432042989,0.1598905720242177,1.7536304801917124,0.951407731856727,1.8431955317089987,30.846338448289856,train,uniform_fleet_prior_diagnostic_only,diagnostic_prior,0.9257662082902237,1.7063681385277225
B0018,B0018,18,18,0.12268101347206871,0.16844493114266096,1.7462197416415093,0.947387139129198,1.8431955317089987,30.308939692073288,train,uniform_fleet_prior_diagnostic_only,diagnostic_prior,0.9257662082902237,1.7063681385277225
B0018,B0018,19,19,0.1288974743131449,0.17698032947929546,1.7376647337053737,0.9427457390232616,1.8431955317089987,29.97177467754137,train,uniform_fleet_prior_diagnostic_only,diagnostic_prior,0.9253812585548105,1.7056586008954764
B0018,B0018,20,20,0.1350716505015514,0.18545766964371765,1.7315166735475835,0.9394101948273131,1.8431955317089987,29.81782534337835,train,uniform_fleet_prior_diagnostic_only,diagnostic_prior,0.9253480016204828,1.7055973018627253
B0018,B0018,21,21,0.1411796684844709,0.19384417248904387,1.7085949894470602,0.9269743551639702,1.8431955317089987,29.920605383544245,train,uniform_fleet_prior_diagnostic_only,diagnostic_prior,0.9234747045500463,1.7021444490729332
B0018,B0018,22,22,0.1472779344586615,0.20221728551639948,1.711469957068211,0.9285341287049168,1.8431955317089987,29.893266895852758,train,uniform_fleet_prior_diagnostic_only,diagnostic_prior,0.921411643146113,1.698341823511562
B0018,B0018,23,23,0.1533604531776963,0.21056877706187024,1.7075021373272627,0.9263814435053876,1.8431955317089987,29.80410820846937,train,uniform_fleet_prior_diagnostic_only,diagnostic_prior,0.9211278231290199,1.6978186877242463
B0018,B0018,24,24,0.15959613965492572,0.2191305728080659,1.7492382064360228,0.9490247650579646,1.8431955317089987,29.94490670872373,train,uniform_fleet_prior_diagnostic_only,diagnostic_prior,0.9210692453399209,1.6977107174051216
B0018,B0018,25,25,0.16579810135156772,0.22764606335850981,1.7327697147429957,0.9400900148322208,1.8431955317089987,30.677345862219244,train,uniform_fleet_prior_diagnostic_only,diagnostic_prior,0.9200083815444415,1.6957553379975423
B0018,B0018,26,26,0.17194774974616372,0.2360897260823684,1.7222313328292376,0.934372562867704,1.8431955317089987,31.10010750274865,train,uniform_fleet_prior_diagnostic_only,diagnostic_prior,0.9179916747700118,1.692038153082146
B0018,B0018,27,27,0.17805685603299623,0.24447772320356095,1.711846298984729,0.9287383077570269,1.8431955317089987,31.050787417545134,train,uniform_fleet_prior_diagnostic_only,diagnostic_prior,0.9170508164131573,1.6903039671628208
B0018,B0018,28,28,0.18413260172628684,0.2528199151693916,1.699267835126687,0.9219140378184061,1.8431955317089987,30.821181275708348,train,uniform_fleet_prior_diagnostic_only,diagnostic_prior,0.9130814307679574,1.6829876132779586
B0018,B0018,29,29,0.19017060978345746,0.2611102921612682,1.6940366439243106,0.9190759280723793,1.8431955317089987,30.64007738292459,train,uniform_fleet_prior_diagnostic_only,diagnostic_prior,0.9080916980545412,1.6737905602361676
B0018,B0018,30,30,0.19616341077970365,0.2693385984215045,1.6819027078768087,0.9124928304906206,1.8431955317089987,30.68140594986539,train,uniform_fleet_prior_diagnostic_only,diagnostic_prior,0.9033684763129516,1.6650847390267989
B0018,B0018,31,31,0.20213639451981524,0.27753969495913944,1.6769770618433686,0.9098204900098074,1.8431955317089987,30.990140963454635,train,uniform_fleet_prior_diagnostic_only,diagnostic_prior,0.9001644956611912,1.659179176205792
B0018,B0018,32,32,0.20806704533825846,0.28568266704969264,1.6655229306478936,0.9036062110586996,1.8431955317089987,31.165463594850557,train,uniform_fleet_prior_diagnostic_only,diagnostic_prior,0.8968647342444379,1.6530970707067265
B0018,B0018,33,33,0.21396139229898065,0.2937757927896088,1.6571924575832084,0.899086629212187,1.8431955317089987,30.904185566693272,train,uniform_fleet_prior_diagnostic_only,diagnostic_prior,0.8952818892039154,1.6501795778006476
B0018,B0018,34,34,0.21984366609638806,0.3018523416925257,1.6482241555294048,0.8942210021533539,1.8431955317089987,30.69217975121164,train,uniform_fleet_prior_diagnostic_only,diagnostic_prior,0.8927451565220211,1.64550388345624
B0018,B0018,35,35,0.22568509442795176,0.30987280847248966,1.6387701497987262,0.8890918633462991,1.8431955317089987,30.551509838324925,train,uniform_fleet_prior_diagnostic_only,diagnostic_prior,0.8907474373406947,1.6418216963876098
B0018,B0018,36,36,0.23146692857537457,0.31781145054331555,1.6276486907262062,0.883058071010546,1.8431955317089987,30.515997455768108,train,uniform_fleet_prior_diagnostic_only,diagnostic_prior,0.8895787598108085,1.6396675951865147
B0018,B0018,37,37,0.23724582119614537,0.3257460538045463,1.62215370227252,0.8800768417491062,1.8431955317089987,30.820167527763324,train,uniform_fleet_prior_diagnostic_only,diagnostic_prior,0.8891104198113098,1.6388043529921181
B0018,B0018,38,38,0.24299141383238837,0.33363493512851805,1.6140066510467586,0.8756567728602631,1.8431955317089987,30.932240584174544,train,uniform_fleet_prior_diagnostic_only,diagnostic_prior,0.8891104198113098,1.6388043529921181
B0018,B0018,39,39,0.24896964620483086,0.3418432382051809,1.6760516154424625,0.9093184019865969,1.8431955317089987,30.385055922657436,train,uniform_fleet_prior_diagnostic_only,diagnostic_prior,0.8881428126798074,1.6370208638508834
B0018,B0018,40,40,0.25483424093882734,0.3498955131920725,1.649300642552199,0.8948050351570559,1.8431955317089987,30.568591186675416,train,uniform_fleet_prior_diagnostic_only,diagnostic_prior,0.8864606853723116,1.6339203743139412
B0018,B0018,41,41,0.26065153034525895,0.3578828364605292,1.63238299185809,0.8856265999866847,1.8431955317089987,30.370969259812775,train,uniform_fleet_prior_diagnostic_only,diagnostic_prior,0.8845932373140224,1.630478302397204
B0018,B0018,42,42,0.2664050503097656,0.3657826022581919,1.6164159719025777,0.8769639162503001,1.8431955317089987,30.160449727689077,train,uniform_fleet_prior_diagnostic_only,diagnostic_prior,0.8829794721717517,1.6275038176977428
B0018,B0018,43,43,0.2721143398444138,0.37362163826971206,1.6109028378249377,0.8739728423339433,1.8431955317089987,29.934748761085544,train,uniform_fleet_prior_diagnostic_only,diagnostic_prior,0.8796291691369831,1.6213285541141864
B0018,B0018,44,44,0.2777870303854807,0.38141042269967756,1.5954638693695655,0.8655966455660089,1.8431955317089987,29.908227318444972,train,uniform_fleet_prior_diagnostic_only,diagnostic_prior,0.8763394251823649,1.6152649127565673
B0018,B0018,45,45,0.2839607511689994,0.3898871375787129,1.726707440085764,0.9368010123618151,1.8431955317089987,30.305899342849564,train,uniform_fleet_prior_diagnostic_only,diagnostic_prior,0.8720897031658359,1.6074318441246958
B0018,B0018,46,46,0.29008235757643247,0.39829229776282976,1.7165673917429751,0.9312996707144712,1.8431955317089987,30.423123569718257,train,uniform_fleet_prior_diagnostic_only,diagnostic_prior,0.8680709200708902,1.6000244410811841
B0018,B0018,47,47,0.2961266464539208,0.4065912985206502,1.6958235570934848,0.9200453928624319,1.8431955317089987,30.319232146202246,train,uniform_fleet_prior_diagnostic_only,diagnostic_prior,0.8637831285827792,1.592121202969398
B0018,B0018,48,48,0.30210082631567337,0.41479403737131915,1.6777783190792557,0.9102552009355354,1.8431955317089987,30.265186659631926,train,uniform_fleet_prior_diagnostic_only,diagnostic_prior,0.8602797493840215,1.5856637900843658
B0018,B0018,49,49,0.3080096350727169,0.4229070196172798,1.6606586897774192,0.9009671850916801,1.8431955317089987,30.161316848034666,train,uniform_fleet_prior_diagnostic_only,diagnostic_prior,0.8566043700967003,1.5788893474046395
B0018,B0018,50,50,0.3139466142946762,0.4310586808070207,1.6664109274827466,0.9040879813427397,1.8431955317089987,30.855334899111472,train,uniform_fleet_prior_diagnostic_only,diagnostic_prior,0.8545671495058962,1.5751343515145637
B0018,B0018,51,51,0.3198269883330958,0.43913262128045993,1.6468336174407805,0.8934665851288426,1.8431955317089987,30.80617459493505,train,uniform_fleet_prior_diagnostic_only,diagnostic_prior,0.8497222768566256,1.5662043038957292
B0018,B0018,52,52,0.3256098223501405,0.4470726362040594,1.6257639928779952,0.8820355545082065,1.8431955317089987,30.5710080373212,train,uniform_fleet_prior_diagnostic_only,diagnostic_prior,0.8475053210357572,1.5621180208327081
B0018,B0018,53,53,0.3313558662256673,0.4549621370939113,1.6121577411874597,0.8746536726316159,1.8431955317089987,30.412368455342936,train,uniform_fleet_prior_diagnostic_only,diagnostic_prior,0.8447501099405388,1.5570396280530865
B0018,B0018,54,54,0.3370771640672735,0.46281766089259124,1.6057366823755344,0.8711700168276265,1.8431955317089987,30.33843995366809,train,uniform_fleet_prior_diagnostic_only,diagnostic_prior,0.842306427830383,1.5525354441067303
B0018,B0018,55,55,0.3430269835623717,0.470986952185504,1.673645314879889,0.9080128972144893,1.8431955317089987,30.451948895085675,train,uniform_fleet_prior_diagnostic_only,diagnostic_prior,0.8390376677066069,1.5465104800523575
B0018,B0018,56,56,0.348863066921073,0.47900008014782786,1.6404348572349936,0.8899950271222681,1.8431955317089987,30.671413761798455,train,uniform_fleet_prior_diagnostic_only,diagnostic_prior,0.8367491705909827,1.5422923323945101
B0018,B0018,57,57,0.3546153413220396,0.4868981357471575,1.6132653317422077,0.8752545804222944,1.8431955317089987,30.642891640244958,train,uniform_fleet_prior_diagnostic_only,diagnostic_prior,0.8333107218774756,1.5359545990897632
B0018,B0018,58,58,0.3602848078325747,0.4946824934807211,1.5920964324686278,0.8637696896934458,1.8431955317089987,30.53488926855151,train,uniform_fleet_prior_diagnostic_only,diagnostic_prior,0.8300475060005644,1.5299398541664386
B0018,B0018,59,59,0.3659092434467519,0.5024050223621939,1.5866011820698824,0.8607883183173715,1.8431955317089987,30.40393132287963,train,uniform_fleet_prior_diagnostic_only,diagnostic_prior,0.8282807292347921,1.52668333912624
B0018,B0018,60,60,0.371509967607612,0.5100949946645494,1.580076649033625,0.8572485240177359,1.8431955317089987,30.35291026846985,train,uniform_fleet_prior_diagnostic_only,diagnostic_prior,0.8267731910300155,1.523904651443315
B0018,B0018,61,61,0.3770709243113043,0.5177303649841306,1.5641732953289167,0.8486203815167811,1.8431955317089987,30.523139991370275,train,uniform_fleet_prior_diagnostic_only,diagnostic_prior,0.8249552932426424,1.5205539103645251
B0018,B0018,62,62,0.3825782650564372,0.5252921188883262,1.555618272193922,0.843978973164916,1.8431955317089987,30.49934855790472,train,uniform_fleet_prior_diagnostic_only,diagnostic_prior,0.8228228454169183,1.516623392060548
B0018,B0018,63,63,0.3880478191444327,0.5328019905111525,1.5402045278637395,0.8356164613939098,1.8431955317089987,30.492729197021443,train,uniform_fleet_prior_diagnostic_only,diagnostic_prior,0.819993144051198,1.5114076991471816
B0018,B0018,64,64,0.3934824365811034,0.5402638930011829,1.5321613015959863,0.8312527212863718,1.8431955317089987,30.397000138975116,train,uniform_fleet_prior_diagnostic_only,diagnostic_prior,0.8174769483506857,1.506769858475092
B0018,B0018,65,65,0.3989137372664064,0.5477212414861565,1.5316232403693415,0.830960803680568,1.8431955317089987,30.330453355714234,train,uniform_fleet_prior_diagnostic_only,diagnostic_prior,0.8156117551244043,1.503331942654636
B0018,B0018,66,66,0.4042888581004032,0.555101453249505,1.5222595950771978,0.8258806886677773,1.8431955317089987,30.227193745312658,train,uniform_fleet_prior_diagnostic_only,diagnostic_prior,0.8125926555369237,1.4977671517852074
B0018,B0018,67,67,0.4096211292902618,0.5624228310893956,1.5065267126851285,0.8173450329972788,1.8431955317089987,30.23535797364275,train,uniform_fleet_prior_diagnostic_only,diagnostic_prior,0.8115934681445734,1.4959254540482874
B0018,B0018,68,68,0.4149334241021796,0.569716780727387,1.5014219556532926,0.8145755183451341,1.8431955317089987,30.24972025738233,train,uniform_fleet_prior_diagnostic_only,diagnostic_prior,0.8114747986000594,1.4957067228740892
B0018,B0018,69,69,0.4202211261670159,0.576976963741909,1.4963534117486457,0.8118256506195176,1.8431955317089987,30.22285035082882,train,uniform_fleet_prior_diagnostic_only,diagnostic_prior,0.810741653478897,1.4943553930626685
B0018,B0018,70,70,0.4256571682791663,0.5844408223566591,1.5334262000312422,0.8319389742711993,1.8431955317089987,30.421961497552765,train,uniform_fleet_prior_diagnostic_only,diagnostic_prior,0.8097476165200487,1.4925231885817656
B0018,B0018,71,71,0.4310371331752903,0.5918276851712858,1.523845267514426,0.8267409731085484,1.8431955317089987,30.732355198060006,train,uniform_fleet_prior_diagnostic_only,diagnostic_prior,0.8097476165200487,1.4925231885817656
B0018,B0018,72,72,0.4363481702317835,0.5991199078710991,1.501192099426124,0.8144508130584652,1.8431955317089987,30.7413153557676,train,uniform_fleet_prior_diagnostic_only,diagnostic_prior,0.8049267654510683,1.4836374174323865
B0018,B0018,73,73,0.4416282304179614,0.6063695983433117,1.492417671450291,0.8096903696736565,1.8431955317089987,30.655637366064802,train,uniform_fleet_prior_diagnostic_only,diagnostic_prior,0.8015337029704215,1.4773833398292486
B0018,B0018,74,74,0.4468724110465303,0.6135700250424283,1.483323851940123,0.804756644871418,1.8431955317089987,30.466234321566052,train,uniform_fleet_prior_diagnostic_only,diagnostic_prior,0.79872316666564,1.4722029718705696
B0018,B0018,75,75,0.4521059172585777,0.6207557954283546,1.4807376792294196,0.8033535529768181,1.8431955317089987,30.456280660056155,train,uniform_fleet_prior_diagnostic_only,diagnostic_prior,0.7961249490049979,1.4674139486880666
B0018,B0018,76,76,0.45729012813759856,0.6278738817550911,1.4735077809902477,0.7994310726350454,1.8431955317089987,30.546818559363015,train,uniform_fleet_prior_diagnostic_only,diagnostic_prior,0.7942291036698563,1.4639195350375223
B0018,B0018,77,77,0.46247384143547515,0.6349912848870999,1.46801928526661,0.7964533659136381,1.8431955317089987,30.796092904194406,train,uniform_fleet_prior_diagnostic_only,diagnostic_prior,0.7921090518087048,1.4600118649200566
B0018,B0018,78,78,0.46761661930911,0.6420524823804158,1.458092355711902,0.7910676488890837,1.8431955317089987,30.657925487111118,train,uniform_fleet_prior_diagnostic_only,diagnostic_prior,0.7894754559438596,1.4551576327896465
B0018,B0018,79,79,0.47271621956186555,0.6490543956277829,1.44786609888914,0.7855195360346214,1.8431955317089987,30.46482167326395,train,uniform_fleet_prior_diagnostic_only,diagnostic_prior,0.7869793041012574,1.450556736866895
B0018,B0018,80,80,0.47783754066308276,0.6560861322905257,1.4527808777541982,0.7881859806849626,1.8431955317089987,30.258099801146706,train,uniform_fleet_prior_diagnostic_only,diagnostic_prior,0.7860908435896743,1.4489191304218452
B0018,B0018,81,81,0.48289693348539325,0.6630328394578233,1.4425356364492432,0.7826275680647585,1.8431955317089987,30.360499876363807,train,uniform_fleet_prior_diagnostic_only,diagnostic_prior,0.7849855491675439,1.4468818566817514
B0018,B0018,82,82,0.4879463367352422,0.669965830624594,1.4392712877203313,0.7808565412405533,1.8431955317089987,30.643978942054655,train,uniform_fleet_prior_diagnostic_only,diagnostic_prior,0.7841936860420919,1.4454222981071934
B0018,B0018,83,83,0.4929801953827726,0.6768774785582672,1.4286475681888218,0.7750927905430571,1.8431955317089987,30.823607928042588,train,uniform_fleet_prior_diagnostic_only,diagnostic_prior,0.7827759463457874,1.4428091266338383
B0018,B0018,84,84,0.4979731507291588,0.6837329649592814,1.4249026750004896,0.7730610510320244,1.8431955317089987,30.666742673509223,train,uniform_fleet_prior_diagnostic_only,diagnostic_prior,0.7808565412405533,1.4392712877203313
B0018,B0018,85,85,0.503160287037293,0.6908550679931806,1.4698115324524124,0.7974257245999359,1.8431955317089987,30.601798568281296,train,uniform_fleet_prior_diagnostic_only,diagnostic_prior,0.7790513063953843,1.4359438869200305
B0018,B0018,86,86,0.5082821767482195,0.6978875853751287,1.4525819651050202,0.7880780634044809,1.8431955317089987,30.70725458137669,train,uniform_fleet_prior_diagnostic_only,diagnostic_prior,0.7768434690086827,1.4318744109141222
B0018,B0018,87,87,0.5133419734316327,0.7048348470565579,1.442834198908794,0.7827895489584915,1.8431955317089987,30.469681824434915,test,uniform_fleet_prior_diagnostic_only,diagnostic_prior,0.7748377726316743,1.4281775203140552
B0018,B0018,88,88,0.5183639803054616,0.711730222128208,1.428376058807949,0.7749454869194308,1.8431955317089987,30.347814854008035,test,uniform_fleet_prior_diagnostic_only,diagnostic_prior,0.7724190050704305,1.423719258752928
B0018,B0018,89,89,0.5233162477756707,0.7185298427818907,1.4154547844370715,0.7679352299235834,1.8431955317089987,30.065771235504585,test,uniform_fleet_prior_diagnostic_only,diagnostic_prior,0.7708470275338377,1.4208217967815333
B0018,B0018,90,90,0.5284208500679832,0.7255386239885688,1.454576670077708,0.7891602627362243,1.8431955317089987,30.69900317711178,test,uniform_fleet_prior_diagnostic_only,diagnostic_prior,0.7692343204830256,1.4178492623515209
B0018,B0018,91,91,0.5334499366667566,0.73244371974761,1.4283179548274056,0.7749139634160672,1.8431955317089987,30.8136682132841,test,uniform_fleet_prior_diagnostic_only,diagnostic_prior,0.7665911112236399,1.412977310855249
B0018,B0018,92,92,0.538446223273397,0.7393037800748435,1.4197026883204058,0.7702398708638724,1.8431955317089987,30.927051623429325,test,uniform_fleet_prior_diagnostic_only,diagnostic_prior,0.7651049375747727,1.4102380022263135
B0018,B0018,93,93,0.5434258225268331,0.7461409281356889,1.4155606630306516,0.7679926728761941,1.8431955317089987,30.964717818208584,test,uniform_fleet_prior_diagnostic_only,diagnostic_prior,0.7648452065043618,1.4097592670778862
B0018,B0018,94,94,0.5483616261502309,0.7529179434043655,1.405680035419228,0.7626320763244748,1.8431955317089987,30.78830077129346,test,uniform_fleet_prior_diagnostic_only,diagnostic_prior,0.7647938000000543,1.4096645148388456
B0018,B0018,95,95,0.5533099893512444,0.7597122033723382,1.4084461071166137,0.7641327699024486,1.8431955317089987,30.804915199635328,test,uniform_fleet_prior_diagnostic_only,diagnostic_prior,0.7647938000000543,1.4096645148388456
B0018,B0018,96,96,0.5582147384980201,0.7664465798574881,1.3968547782872414,0.7578440562907001,1.8431955317089987,30.822008843961612,test,uniform_fleet_prior_diagnostic_only,diagnostic_prior,0.7637227934719052,1.40769044039173
B0018,B0018,97,97,0.5630854027816333,0.7731341567420649,1.3935670371440676,0.7560603382387551,1.8431955317089987,30.825899764467348,test,uniform_fleet_prior_diagnostic_only,diagnostic_prior,0.7621534607413862,1.404797853315073
B0018,B0018,98,98,0.5679411344232489,0.7798012306345168,1.3893644292809475,0.7537802720217849,1.8431955317089987,30.930035313115848,test,uniform_fleet_prior_diagnostic_only,diagnostic_prior,0.76044364813259,1.40164633435448
B0018,B0018,99,99,0.5727775589648542,0.7864417952649423,1.378565141566671,0.7479212692581099,1.8431955317089987,30.911924838618532,test,uniform_fleet_prior_diagnostic_only,diagnostic_prior,0.7586338139662464,1.3983104561059412
B0018,B0018,100,100,0.5776147079223164,0.7930833545413664,1.384901110085747,0.7513587605117921,1.8431955317089987,30.82018744327065,test,uniform_fleet_prior_diagnostic_only,diagnostic_prior,0.7565513343849793,1.3944720390468746
B0018,B0018,101,101,0.5824162452293488,0.7996760178897673,1.3703251814242443,0.7434507939337764,1.8431955317089987,30.834899963261606,test,uniform_fleet_prior_diagnostic_only,diagnostic_prior,0.7545745140787511,1.390828372691443
B0018,B0018,102,102,0.5872079007552069,0.8062551132385051,1.3733464385229082,0.7450899347881721,1.8431955317089987,30.95314789426414,test,uniform_fleet_prior_diagnostic_only,diagnostic_prior,0.7524671350635196,1.386944061106951
B0018,B0018,103,103,0.5919805084492111,0.8128080553086364,1.3679487285504814,0.7421614826084829,1.8431955317089987,31.018878296607838,test,uniform_fleet_prior_diagnostic_only,diagnostic_prior,0.7514611349189997,1.3850898061356733
B0018,B0018,104,104,0.5967310335386369,0.8193306772607447,1.3567141087089647,0.7360662964775248,1.8431955317089987,31.012275385513618,test,uniform_fleet_prior_diagnostic_only,diagnostic_prior,0.751010199061946,1.3842586431788646
B0018,B0018,105,105,0.6018618233429249,0.8263754147537842,1.4604310209194575,0.792336459043689,1.8431955317089987,29.919480476758313,test,uniform_fleet_prior_diagnostic_only,diagnostic_prior,0.7509583796487332,1.384163129867975
B0018,B0018,106,106,0.6069576712640796,0.8333721759305884,1.4500998937104097,0.7867314502254065,1.8431955317089987,30.48480307233291,test,uniform_fleet_prior_diagnostic_only,diagnostic_prior,0.750394781618737,1.3831243084974059
B0018,B0018,107,107,0.6120119075579162,0.8403118030203817,1.4381406901824496,0.7802431513324118,1.8431955317089987,30.850564878616186,test,uniform_fleet_prior_diagnostic_only,diagnostic_prior,0.7490314023308781,1.3806113338859998
B0018,B0018,108,108,0.6170287780173903,0.8472001256318521,1.4283681980964316,0.7749412222001526,1.8431955317089987,30.690895482776472,test,uniform_fleet_prior_diagnostic_only,diagnostic_prior,0.7475050035074321,1.3777978823950183
B0018,B0018,109,109,0.6219892619265783,0.8540110277174278,1.4147874517552432,0.7675731778947302,1.8431955317089987,30.49073598905972,test,uniform_fleet_prior_diagnostic_only,diagnostic_prior,0.7449439895302984,1.3730774328757211
B0018,B0018,110,110,0.6269440628584149,0.8608141268944558,1.413889163393182,0.7670858240862993,1.8431955317089987,30.310898552777907,test,uniform_fleet_prior_diagnostic_only,diagnostic_prior,0.7432601616850697,1.3699738089152285
B0018,B0018,111,111,0.6318432770305658,0.8675409036835063,1.3989331662177225,0.7589716566427659,1.8431955317089987,30.461628896605163,test,uniform_fleet_prior_diagnostic_only,diagnostic_prior,0.7415177537173949,1.366762210334796
B0018,B0018,112,112,0.6367541435055016,0.8742836794546709,1.3953322584033976,0.7570180343859964,1.8431955317089987,30.901592836716652,test,uniform_fleet_prior_diagnostic_only,diagnostic_prior,0.7377805064663127,1.3598737329007096
B0018,B0018,113,113,0.6416488129317344,0.8810042161631125,1.390046129540245,0.7541501189791858,1.8431955317089987,31.353823188034173,test,uniform_fleet_prior_diagnostic_only,diagnostic_prior,0.7368884501349604,1.3582294986567283
B0018,B0018,114,114,0.6464996076438563,0.8876645114944401,1.3860271454209647,0.7519696752605783,1.8431955317089987,31.144265239223852,test,uniform_fleet_prior_diagnostic_only,diagnostic_prior,0.7353887686421399,1.3554652924301749
B0018,B0018,115,115,0.6513774020124865,0.8943618782123882,1.388215260193751,0.7531568063788691,1.8431955317089987,30.724882812676064,test,uniform_fleet_prior_diagnostic_only,diagnostic_prior,0.734271229184608,1.3534054486955436
B0018,B0018,116,116,0.6561848223868375,0.9009626191992219,1.3761826562394497,0.7466286851094209,1.8431955317089987,30.532597653810644,test,uniform_fleet_prior_diagnostic_only,diagnostic_prior,0.7336698267327371,1.3522969463834962
B0018,B0018,117,117,0.6609695233305852,0.9075321656856578,1.3647168898640163,0.7404080936538837,1.8431955317089987,30.36947364911525,test,uniform_fleet_prior_diagnostic_only,diagnostic_prior,0.73343572649258,1.3518654538668669
B0018,B0018,118,118,0.6657314337910445,0.9140704201141003,1.3589854739373584,0.7372985939681158,1.8431955317089987,30.280660852913975,test,uniform_fleet_prior_diagnostic_only,diagnostic_prior,0.7324632518623333,1.3500729929736957
B0018,B0018,119,119,0.6704433510452786,0.9205400322812682,1.34623087640088,0.7303787651615363,1.8431955317089987,30.073419058972085,test,uniform_fleet_prior_diagnostic_only,diagnostic_prior,0.7314406143445464,1.348188072070353
B0018,B0018,120,120,0.6754464811435418,0.9274094889400329,1.4268427818454643,0.7741136289119066,1.8431955317089987,29.92886232854612,test,uniform_fleet_prior_diagnostic_only,diagnostic_prior,0.7306360223653169,1.3467050517293881
B0018,B0018,121,121,0.6803754255214672,0.9341770862466422,1.4064481483279665,0.7630488052582881,1.8431955317089987,30.358162779285898,test,uniform_fleet_prior_diagnostic_only,diagnostic_prior,0.725353882932167,1.3369690359283424
B0018,B0018,122,122,0.6852797073666513,0.9409108211118528,1.3934907492075153,0.7560189492839535,1.8431955317089987,30.538278845342294,test,uniform_fleet_prior_diagnostic_only,diagnostic_prior,0.7224729216051031,1.3316588608832718
B0018,B0018,123,123,0.6901394050324079,0.9475833404815177,1.3882493512249316,0.753175301991838,1.8431955317089987,30.453708477709622,test,uniform_fleet_prior_diagnostic_only,diagnostic_prior,0.720046252477996,1.327186035191252
B0018,B0018,124,124,0.6949536618432006,0.9541934681128948,1.3701878338420928,0.743376277920804,1.8431955317089987,30.36433934962128,test,uniform_fleet_prior_diagnostic_only,diagnostic_prior,0.7171898931910728,1.3219212065166395
B0018,B0018,125,125,0.6997770561266704,0.9608161417847092,1.379695166560862,0.7485343485406661,1.8431955317089987,30.341783049577174,test,uniform_fleet_prior_diagnostic_only,diagnostic_prior,0.7150556154427858,1.317987315307571
B0018,B0018,126,126,0.7045835319921862,0.9674155859308892,1.3686586323935683,0.7425466310264744,1.8431955317089987,30.690713233762086,test,uniform_fleet_prior_diagnostic_only,diagnostic_prior,0.7125590359144838,1.3133856310764485
B0018,B0018,127,127,0.7093732725651279,0.9739920519884024,1.3627371779096438,0.7393340285748864,1.8431955317089987,31.2027076776165,test,uniform_fleet_prior_diagnostic_only,diagnostic_prior,0.7109143004202333,1.3103540619626028
B0018,B0018,128,128,0.7141447534193535,0.9805434468716989,1.3634051133928071,0.7396964076451872,1.8431955317089987,31.393369740072536,test,uniform_fleet_prior_diagnostic_only,diagnostic_prior,0.709971362801303,1.3086160435567102
B0018,B0018,129,129,0.7188629844892966,0.9870217281085317,1.3518646035305233,0.7334352651544697,1.8431955317089987,31.104476936258568,test,uniform_fleet_prior_diagnostic_only,diagnostic_prior,0.7097241482519554,1.3081603788039793
B0018,B0018,130,130,0.7236141344547279,0.9935452080352585,1.3547969729652622,0.7350261812479023,1.8431955317089987,30.91385867412369,test,uniform_fleet_prior_diagnostic_only,diagnostic_prior,0.7079265878975086,1.3048471235906856
B0018,B0018,131,131,0.7283152579294093,1.0,1.341051440640485,0.727568734607918,1.8431955317089987,30.645630535920944,test,uniform_fleet_prior_diagnostic_only,diagnostic_prior,0.7049067690614728,1.2992810070055336
B0018,B0018,0,0,0.0066065600499579,0.00907101695046217,1.8550045207910817,1.0064068021427621,1.8431955317089987,31.641006670174225,train,similarity_weighted_prior_diagnostic_only,diagnostic_prior,0.9671012711368725,1.7825567416695762
B0018,B0018,1,1,0.0131876519150362,0.018107065273530752,1.8431955317089987,1.0,1.8431955317089987,31.777782126618774,train,similarity_weighted_prior_diagnostic_only,diagnostic_prior,0.9625707365551885,1.7742060805723634
B0018,B0018,2,2,0.0197603846620385,0.02713163626177078,1.8396018424355425,0.9980502940617894,1.8431955317089987,31.183385984419683,train,similarity_weighted_prior_diagnostic_only,diagnostic_prior,0.9612553214816346,1.771781513386446
B0018,B0018,3,3,0.0263030642552989,0.036114943314627466,1.8306736044962053,0.9932064032288624,1.8431955317089987,30.670948235325973,train,similarity_weighted_prior_diagnostic_only,diagnostic_prior,0.9609989862465553,1.7713090374265283
B0018,B0018,4,4,0.0328651086270291,0.0451248388238689,1.8327002069419656,0.9943059080892509,1.8431955317089987,31.78654131350053,train,similarity_weighted_prior_diagnostic_only,diagnostic_prior,0.9608509443983695,1.7710361673534463
B0018,B0018,5,5,0.0394180198081996,0.054122194172156315,1.8285288846046388,0.9920428153974737,1.8431955317089987,31.857804685694962,train,similarity_weighted_prior_diagnostic_only,diagnostic_prior,0.9595300435966694,1.7686014888979218
B0018,B0018,6,6,0.045929493769108105,0.06306265489986446,1.8212011895697924,0.9880672767697015,1.8431955317089987,31.457792771042055,train,similarity_weighted_prior_diagnostic_only,diagnostic_prior,0.9542887238738285,1.758940711804523
B0018,B0018,7,7,0.05241536066225041,0.07196795630956104,1.815170010643328,0.9847951448538476,1.8431955317089987,31.106514793972515,train,similarity_weighted_prior_diagnostic_only,diagnostic_prior,0.954156209754067,1.7586964623710906
B0018,B0018,8,8,0.05888026585725091,0.08084447664140214,1.8042980520967649,0.9788967155447863,1.8431955317089987,30.925338415115068,train,similarity_weighted_prior_diagnostic_only,diagnostic_prior,0.9517811557299172,1.75431877340621
B0018,B0018,9,9,0.06541019046094482,0.08981027068814283,1.8231002302844224,0.9890975747939535,1.8431955317089987,30.955870852154142,train,similarity_weighted_prior_diagnostic_only,diagnostic_prior,0.9493576282120602,1.7498517383143222
B0018,B0018,10,10,0.07190711718345172,0.09873075759511438,1.8121253520255491,0.9831433078320011,1.8431955317089987,31.325535981763924,train,similarity_weighted_prior_diagnostic_only,diagnostic_prior,0.9463602509499897,1.7443269859380277
B0018,B0018,11,11,0.07835826964299902,0.10758839498402183,1.8046916382117768,0.9791102501960162,1.8431955317089987,31.109817009054918,train,similarity_weighted_prior_diagnostic_only,diagnostic_prior,0.9446702804568029,1.7412120398762658
B0018,B0018,12,12,0.08475879294496032,0.11637651693022119,1.790844349786295,0.9715975972043703,1.8431955317089987,30.678345185936085,train,similarity_weighted_prior_diagnostic_only,diagnostic_prior,0.9443160914892604,1.740559200353911
B0018,B0018,13,13,0.09112808719350941,0.12512176039341172,1.783470722841926,0.9675971388604137,1.8431955317089987,30.319325694887496,train,similarity_weighted_prior_diagnostic_only,diagnostic_prior,0.9426915654063043,1.7375648811366613
B0018,B0018,14,14,0.09751027352951952,0.13388470510248535,1.7809386125310702,0.9662233777660016,1.8431955317089987,30.596255671969576,train,similarity_weighted_prior_diagnostic_only,diagnostic_prior,0.9426915654063043,1.7375648811366613
B0018,B0018,15,15,0.10386082218071262,0.1426042102646422,1.771209039672698,0.9609447338614394,1.8431955317089987,31.20746701351041,train,similarity_weighted_prior_diagnostic_only,diagnostic_prior,0.9414336128822214,1.7352462286651698
B0018,B0018,16,16,0.11018353663183111,0.15128549818533454,1.7686303996707076,0.9595457287327759,1.8431955317089987,31.278455925694217,train,similarity_weighted_prior_diagnostic_only,diagnostic_prior,0.9413542611225967,1.7350999678563963
B0018,B0018,17,17,0.1164507432042989,0.1598905720242177,1.7536304801917124,0.951407731856727,1.8431955317089987,30.846338448289856,train,similarity_weighted_prior_diagnostic_only,diagnostic_prior,0.9413542611225967,1.7350999678563963
B0018,B0018,18,18,0.12268101347206871,0.16844493114266096,1.7462197416415093,0.947387139129198,1.8431955317089987,30.308939692073288,train,similarity_weighted_prior_diagnostic_only,diagnostic_prior,0.9413542611225967,1.7350999678563963
B0018,B0018,19,19,0.1288974743131449,0.17698032947929546,1.7376647337053737,0.9427457390232616,1.8431955317089987,29.97177467754137,train,similarity_weighted_prior_diagnostic_only,diagnostic_prior,0.9409186002487964,1.7342969596804672
B0018,B0018,20,20,0.1350716505015514,0.18545766964371765,1.7315166735475835,0.9394101948273131,1.8431955317089987,29.81782534337835,train,similarity_weighted_prior_diagnostic_only,diagnostic_prior,0.9408898850304455,1.7342440319183106
B0018,B0018,21,21,0.1411796684844709,0.19384417248904387,1.7085949894470602,0.9269743551639702,1.8431955317089987,29.920605383544245,train,similarity_weighted_prior_diagnostic_only,diagnostic_prior,0.9392991506334458,1.731311997385625
B0018,B0018,22,22,0.1472779344586615,0.20221728551639948,1.711469957068211,0.9285341287049168,1.8431955317089987,29.893266895852758,train,similarity_weighted_prior_diagnostic_only,diagnostic_prior,0.9375472754022555,1.7280829487873834
B0018,B0018,23,23,0.1533604531776963,0.21056877706187024,1.7075021373272627,0.9263814435053876,1.8431955317089987,29.80410820846937,train,similarity_weighted_prior_diagnostic_only,diagnostic_prior,0.9373062659698103,1.7276387212784006
B0018,B0018,24,24,0.15959613965492572,0.2191305728080659,1.7492382064360228,0.9490247650579646,1.8431955317089987,29.94490670872373,train,similarity_weighted_prior_diagnostic_only,diagnostic_prior,0.937239971468382,1.7275165275495912
B0018,B0018,25,25,0.16579810135156772,0.22764606335850981,1.7327697147429957,0.9400900148322208,1.8431955317089987,30.677345862219244,train,similarity_weighted_prior_diagnostic_only,diagnostic_prior,0.936039355373334,1.725303557327901
B0018,B0018,26,26,0.17194774974616372,0.2360897260823684,1.7222313328292376,0.934372562867704,1.8431955317089987,31.10010750274865,train,similarity_weighted_prior_diagnostic_only,diagnostic_prior,0.9332657890985439,1.720191332363309
B0018,B0018,27,27,0.17805685603299623,0.24447772320356095,1.711846298984729,0.9287383077570269,1.8431955317089987,31.050787417545134,train,similarity_weighted_prior_diagnostic_only,diagnostic_prior,0.9317958205265986,1.7174818928597466
B0018,B0018,28,28,0.18413260172628684,0.2528199151693916,1.699267835126687,0.9219140378184061,1.8431955317089987,30.821181275708348,train,similarity_weighted_prior_diagnostic_only,diagnostic_prior,0.9276077922851695,1.7097625379184735
B0018,B0018,29,29,0.19017060978345746,0.2611102921612682,1.6940366439243106,0.9190759280723793,1.8431955317089987,30.64007738292459,train,similarity_weighted_prior_diagnostic_only,diagnostic_prior,0.922051322040558,1.6995208767915315
B0018,B0018,30,30,0.19616341077970365,0.2693385984215045,1.6819027078768087,0.9124928304906206,1.8431955317089987,30.68140594986539,train,similarity_weighted_prior_diagnostic_only,diagnostic_prior,0.9171016290901316,1.690397624861974
B0018,B0018,31,31,0.20213639451981524,0.27753969495913944,1.6769770618433686,0.9098204900098074,1.8431955317089987,30.990140963454635,train,similarity_weighted_prior_diagnostic_only,diagnostic_prior,0.9144304967920492,1.6854742057455452
B0018,B0018,32,32,0.20806704533825846,0.28568266704969264,1.6655229306478936,0.9036062110586996,1.8431955317089987,31.165463594850557,train,similarity_weighted_prior_diagnostic_only,diagnostic_prior,0.9111949376589432,1.679510437608824
B0018,B0018,33,33,0.21396139229898065,0.2937757927896088,1.6571924575832084,0.899086629212187,1.8431955317089987,30.904185566693272,train,similarity_weighted_prior_diagnostic_only,diagnostic_prior,0.9095793186687003,1.676532535905064
B0018,B0018,34,34,0.21984366609638806,0.3018523416925257,1.6482241555294048,0.8942210021533539,1.8431955317089987,30.69217975121164,train,similarity_weighted_prior_diagnostic_only,diagnostic_prior,0.9071714941217521,1.6720944444589898
B0018,B0018,35,35,0.22568509442795176,0.30987280847248966,1.6387701497987262,0.8890918633462991,1.8431955317089987,30.551509838324925,train,similarity_weighted_prior_diagnostic_only,diagnostic_prior,0.9055380138889266,1.669083620992711
B0018,B0018,36,36,0.23146692857537457,0.31781145054331555,1.6276486907262062,0.883058071010546,1.8431955317089987,30.515997455768108,train,similarity_weighted_prior_diagnostic_only,diagnostic_prior,0.904765407295647,1.667659555972209
B0018,B0018,37,37,0.23724582119614537,0.3257460538045463,1.62215370227252,0.8800768417491062,1.8431955317089987,30.820167527763324,train,similarity_weighted_prior_diagnostic_only,diagnostic_prior,0.9044501864015693,1.6670785422287435
B0018,B0018,38,38,0.24299141383238837,0.33363493512851805,1.6140066510467586,0.8756567728602631,1.8431955317089987,30.932240584174544,train,similarity_weighted_prior_diagnostic_only,diagnostic_prior,0.9044501864015693,1.6670785422287435
B0018,B0018,39,39,0.24896964620483086,0.3418432382051809,1.6760516154424625,0.9093184019865969,1.8431955317089987,30.385055922657436,train,similarity_weighted_prior_diagnostic_only,diagnostic_prior,0.9035168668045025,1.6653582517177736
B0018,B0018,40,40,0.25483424093882734,0.3498955131920725,1.649300642552199,0.8948050351570559,1.8431955317089987,30.568591186675416,train,similarity_weighted_prior_diagnostic_only,diagnostic_prior,0.9015036634230951,1.661647524240742
B0018,B0018,41,41,0.26065153034525895,0.3578828364605292,1.63238299185809,0.8856265999866847,1.8431955317089987,30.370969259812775,train,similarity_weighted_prior_diagnostic_only,diagnostic_prior,0.8986755562351442,1.6564347697087167
B0018,B0018,42,42,0.2664050503097656,0.3657826022581919,1.6164159719025777,0.8769639162503001,1.8431955317089987,30.160449727689077,train,similarity_weighted_prior_diagnostic_only,diagnostic_prior,0.8964087243673534,1.6522565553388693
B0018,B0018,43,43,0.2721143398444138,0.37362163826971206,1.6109028378249377,0.8739728423339433,1.8431955317089987,29.934748761085544,train,similarity_weighted_prior_diagnostic_only,diagnostic_prior,0.8925740316519153,1.6451884668602967
B0018,B0018,44,44,0.2777870303854807,0.38141042269967756,1.5954638693695655,0.8655966455660089,1.8431955317089987,29.908227318444972,train,similarity_weighted_prior_diagnostic_only,diagnostic_prior,0.8885303211869594,1.637735117799765
B0018,B0018,45,45,0.2839607511689994,0.3898871375787129,1.726707440085764,0.9368010123618151,1.8431955317089987,30.305899342849564,train,similarity_weighted_prior_diagnostic_only,diagnostic_prior,0.8837758445231955,1.6289716876575007
B0018,B0018,46,46,0.29008235757643247,0.39829229776282976,1.7165673917429751,0.9312996707144712,1.8431955317089987,30.423123569718257,train,similarity_weighted_prior_diagnostic_only,diagnostic_prior,0.8796534564892865,1.621373320453429
B0018,B0018,47,47,0.2961266464539208,0.4065912985206502,1.6958235570934848,0.9200453928624319,1.8431955317089987,30.319232146202246,train,similarity_weighted_prior_diagnostic_only,diagnostic_prior,0.875287687393516,1.6133263543636316
B0018,B0018,48,48,0.30210082631567337,0.41479403737131915,1.6777783190792557,0.9102552009355354,1.8431955317089987,30.265186659631926,train,similarity_weighted_prior_diagnostic_only,diagnostic_prior,0.8711825071775449,1.6057597045326935
B0018,B0018,49,49,0.3080096350727169,0.4229070196172798,1.6606586897774192,0.9009671850916801,1.8431955317089987,30.161316848034666,train,similarity_weighted_prior_diagnostic_only,diagnostic_prior,0.8665823016577819,1.5972806262737234
B0018,B0018,50,50,0.3139466142946762,0.4310586808070207,1.6664109274827466,0.9040879813427397,1.8431955317089987,30.855334899111472,train,similarity_weighted_prior_diagnostic_only,diagnostic_prior,0.8646040357559098,1.5936342954028604
B0018,B0018,51,51,0.3198269883330958,0.43913262128045993,1.6468336174407805,0.8934665851288426,1.8431955317089987,30.80617459493505,train,similarity_weighted_prior_diagnostic_only,diagnostic_prior,0.8589724806807207,1.5832542382516988
B0018,B0018,52,52,0.3256098223501405,0.4470726362040594,1.6257639928779952,0.8820355545082065,1.8431955317089987,30.5710080373212,train,similarity_weighted_prior_diagnostic_only,diagnostic_prior,0.8563496236192595,1.578419799835702
B0018,B0018,53,53,0.3313558662256673,0.4549621370939113,1.6121577411874597,0.8746536726316159,1.8431955317089987,30.412368455342936,train,similarity_weighted_prior_diagnostic_only,diagnostic_prior,0.8526703366957111,1.5716381546183422
B0018,B0018,54,54,0.3370771640672735,0.46281766089259124,1.6057366823755344,0.8711700168276265,1.8431955317089987,30.33843995366809,train,similarity_weighted_prior_diagnostic_only,diagnostic_prior,0.8497657933863528,1.5662845133688779
B0018,B0018,55,55,0.3430269835623717,0.470986952185504,1.673645314879889,0.9080128972144893,1.8431955317089987,30.451948895085675,train,similarity_weighted_prior_diagnostic_only,diagnostic_prior,0.8461282690441208,1.5595798447547928
B0018,B0018,56,56,0.348863066921073,0.47900008014782786,1.6404348572349936,0.8899950271222681,1.8431955317089987,30.671413761798455,train,similarity_weighted_prior_diagnostic_only,diagnostic_prior,0.8433572662755664,1.5544723448334403
B0018,B0018,57,57,0.3546153413220396,0.4868981357471575,1.6132653317422077,0.8752545804222944,1.8431955317089987,30.642891640244958,train,similarity_weighted_prior_diagnostic_only,diagnostic_prior,0.8390440025236218,1.5465221563587734
B0018,B0018,58,58,0.3602848078325747,0.4946824934807211,1.5920964324686278,0.8637696896934458,1.8431955317089987,30.53488926855151,train,similarity_weighted_prior_diagnostic_only,diagnostic_prior,0.8354358721827994,1.539871666636746
B0018,B0018,59,59,0.3659092434467519,0.5024050223621939,1.5866011820698824,0.8607883183173715,1.8431955317089987,30.40393132287963,train,similarity_weighted_prior_diagnostic_only,diagnostic_prior,0.832774777008478,1.5349667479019844
B0018,B0018,60,60,0.371509967607612,0.5100949946645494,1.580076649033625,0.8572485240177359,1.8431955317089987,30.35291026846985,train,similarity_weighted_prior_diagnostic_only,diagnostic_prior,0.8309273476939458,1.5315615744442905
B0018,B0018,61,61,0.3770709243113043,0.5177303649841306,1.5641732953289167,0.8486203815167811,1.8431955317089987,30.523139991370275,train,similarity_weighted_prior_diagnostic_only,diagnostic_prior,0.8291144696578576,1.5282200857486394
B0018,B0018,62,62,0.3825782650564372,0.5252921188883262,1.555618272193922,0.843978973164916,1.8431955317089987,30.49934855790472,train,similarity_weighted_prior_diagnostic_only,diagnostic_prior,0.8266813053591905,1.5237352881854223
B0018,B0018,63,63,0.3880478191444327,0.5328019905111525,1.5402045278637395,0.8356164613939098,1.8431955317089987,30.492729197021443,train,similarity_weighted_prior_diagnostic_only,diagnostic_prior,0.8226967576829322,1.5163909877126613
B0018,B0018,64,64,0.3934824365811034,0.5402638930011829,1.5321613015959863,0.8312527212863718,1.8431955317089987,30.397000138975116,train,similarity_weighted_prior_diagnostic_only,diagnostic_prior,0.8200729391959727,1.5115547772014823
B0018,B0018,65,65,0.3989137372664064,0.5477212414861565,1.5316232403693415,0.830960803680568,1.8431955317089987,30.330453355714234,train,similarity_weighted_prior_diagnostic_only,diagnostic_prior,0.818594567097854,1.5088298483560267
B0018,B0018,66,66,0.4042888581004032,0.555101453249505,1.5222595950771978,0.8258806886677773,1.8431955317089987,30.227193745312658,train,similarity_weighted_prior_diagnostic_only,diagnostic_prior,0.8154785025218578,1.5030863320530339
B0018,B0018,67,67,0.4096211292902618,0.5624228310893956,1.5065267126851285,0.8173450329972788,1.8431955317089987,30.23535797364275,train,similarity_weighted_prior_diagnostic_only,diagnostic_prior,0.8139294830469345,1.5002311862783249
B0018,B0018,68,68,0.4149334241021796,0.569716780727387,1.5014219556532926,0.8145755183451341,1.8431955317089987,30.24972025738233,train,similarity_weighted_prior_diagnostic_only,diagnostic_prior,0.8137478128683127,1.4998963326168444
B0018,B0018,69,69,0.4202211261670159,0.576976963741909,1.4963534117486457,0.8118256506195176,1.8431955317089987,30.22285035082882,train,similarity_weighted_prior_diagnostic_only,diagnostic_prior,0.8132543622537399,1.498986806648945
B0018,B0018,70,70,0.4256571682791663,0.5844408223566591,1.5334262000312422,0.8319389742711993,1.8431955317089987,30.421961497552765,train,similarity_weighted_prior_diagnostic_only,diagnostic_prior,0.8125853157933693,1.497753623202684
B0018,B0018,71,71,0.4310371331752903,0.5918276851712858,1.523845267514426,0.8267409731085484,1.8431955317089987,30.732355198060006,train,similarity_weighted_prior_diagnostic_only,diagnostic_prior,0.8125853157933693,1.497753623202684
B0018,B0018,72,72,0.4363481702317835,0.5991199078710991,1.501192099426124,0.8144508130584652,1.8431955317089987,30.7413153557676,train,similarity_weighted_prior_diagnostic_only,diagnostic_prior,0.8089948155819638,1.4911356292564213
B0018,B0018,73,73,0.4416282304179614,0.6063695983433117,1.492417671450291,0.8096903696736565,1.8431955317089987,30.655637366064802,train,similarity_weighted_prior_diagnostic_only,diagnostic_prior,0.8061638811165356,1.4859176634991829
B0018,B0018,74,74,0.4468724110465303,0.6135700250424283,1.483323851940123,0.804756644871418,1.8431955317089987,30.466234321566052,train,similarity_weighted_prior_diagnostic_only,diagnostic_prior,0.8025183425855529,1.4791982231682026
B0018,B0018,75,75,0.4521059172585777,0.6207557954283546,1.4807376792294196,0.8033535529768181,1.8431955317089987,30.456280660056155,train,similarity_weighted_prior_diagnostic_only,diagnostic_prior,0.7993225363782658,1.473307727446723
B0018,B0018,76,76,0.45729012813759856,0.6278738817550911,1.4735077809902477,0.7994310726350454,1.8431955317089987,30.546818559363015,train,similarity_weighted_prior_diagnostic_only,diagnostic_prior,0.7968851227386787,1.4688150975173098
B0018,B0018,77,77,0.46247384143547515,0.6349912848870999,1.46801928526661,0.7964533659136381,1.8431955317089987,30.796092904194406,train,similarity_weighted_prior_diagnostic_only,diagnostic_prior,0.7944503289887643,1.4643272965568344
B0018,B0018,78,78,0.46761661930911,0.6420524823804158,1.458092355711902,0.7910676488890837,1.8431955317089987,30.657925487111118,train,similarity_weighted_prior_diagnostic_only,diagnostic_prior,0.79130097958446,1.4585224298070303
B0018,B0018,79,79,0.47271621956186555,0.6490543956277829,1.44786609888914,0.7855195360346214,1.8431955317089987,30.46482167326395,train,similarity_weighted_prior_diagnostic_only,diagnostic_prior,0.788208095719472,1.4528216400869896
B0018,B0018,80,80,0.47783754066308276,0.6560861322905257,1.4527808777541982,0.7881859806849626,1.8431955317089987,30.258099801146706,train,similarity_weighted_prior_diagnostic_only,diagnostic_prior,0.7872184905946541,1.4509976043427688
B0018,B0018,81,81,0.48289693348539325,0.6630328394578233,1.4425356364492432,0.7826275680647585,1.8431955317089987,30.360499876363807,train,similarity_weighted_prior_diagnostic_only,diagnostic_prior,0.7862736239119545,1.4492560302951563
B0018,B0018,82,82,0.4879463367352422,0.669965830624594,1.4392712877203313,0.7808565412405533,1.8431955317089987,30.643978942054655,train,similarity_weighted_prior_diagnostic_only,diagnostic_prior,0.7854874181209263,1.4478068992941293
B0018,B0018,83,83,0.4929801953827726,0.6768774785582672,1.4286475681888218,0.7750927905430571,1.8431955317089987,30.823607928042588,train,similarity_weighted_prior_diagnostic_only,diagnostic_prior,0.7837644337432618,1.4446311021880136
B0018,B0018,84,84,0.4979731507291588,0.6837329649592814,1.4249026750004896,0.7730610510320244,1.8431955317089987,30.666742673509223,train,similarity_weighted_prior_diagnostic_only,diagnostic_prior,0.7808565412405531,1.439271287720331
B0018,B0018,85,85,0.503160287037293,0.6908550679931806,1.4698115324524124,0.7974257245999359,1.8431955317089987,30.601798568281296,train,similarity_weighted_prior_diagnostic_only,diagnostic_prior,0.7777493863694925,1.4335441937456643
B0018,B0018,86,86,0.5082821767482195,0.6978875853751287,1.4525819651050202,0.7880780634044809,1.8431955317089987,30.70725458137669,train,similarity_weighted_prior_diagnostic_only,diagnostic_prior,0.7756822817609701,1.4297341157676606
B0018,B0018,87,87,0.5133419734316327,0.7048348470565579,1.442834198908794,0.7827895489584915,1.8431955317089987,30.469681824434915,test,similarity_weighted_prior_diagnostic_only,diagnostic_prior,0.7733646588942725,1.425462283655577
B0018,B0018,88,88,0.5183639803054616,0.711730222128208,1.428376058807949,0.7749454869194308,1.8431955317089987,30.347814854008035,test,similarity_weighted_prior_diagnostic_only,diagnostic_prior,0.7701501953669375,1.4195373988451516
B0018,B0018,89,89,0.5233162477756707,0.7185298427818907,1.4154547844370715,0.7679352299235834,1.8431955317089987,30.065771235504585,test,similarity_weighted_prior_diagnostic_only,diagnostic_prior,0.7684254499957699,1.4163583558836796
B0018,B0018,90,90,0.5284208500679832,0.7255386239885688,1.454576670077708,0.7891602627362243,1.8431955317089987,30.69900317711178,test,similarity_weighted_prior_diagnostic_only,diagnostic_prior,0.7666797772855033,1.4131407397442899
B0018,B0018,91,91,0.5334499366667566,0.73244371974761,1.4283179548274056,0.7749139634160672,1.8431955317089987,30.8136682132841,test,similarity_weighted_prior_diagnostic_only,diagnostic_prior,0.7638924846511149,1.4080032144150199
B0018,B0018,92,92,0.538446223273397,0.7393037800748435,1.4197026883204058,0.7702398708638724,1.8431955317089987,30.927051623429325,test,similarity_weighted_prior_diagnostic_only,diagnostic_prior,0.762547320412772,1.4055238137014914
B0018,B0018,93,93,0.5434258225268331,0.7461409281356889,1.4155606630306516,0.7679926728761941,1.8431955317089987,30.964717818208584,test,similarity_weighted_prior_diagnostic_only,diagnostic_prior,0.7623267664204594,1.4051172895683604
B0018,B0018,94,94,0.5483616261502309,0.7529179434043655,1.405680035419228,0.7626320763244748,1.8431955317089987,30.78830077129346,test,similarity_weighted_prior_diagnostic_only,diagnostic_prior,0.7622831139235212,1.405036829481056
B0018,B0018,95,95,0.5533099893512444,0.7597122033723382,1.4084461071166137,0.7641327699024486,1.8431955317089987,30.804915199635328,test,similarity_weighted_prior_diagnostic_only,diagnostic_prior,0.7622831139235212,1.405036829481056
B0018,B0018,96,96,0.5582147384980201,0.7664465798574881,1.3968547782872414,0.7578440562907001,1.8431955317089987,30.822008843961612,test,similarity_weighted_prior_diagnostic_only,diagnostic_prior,0.7610513245154485,1.40276640074809
B0018,B0018,97,97,0.5630854027816333,0.7731341567420649,1.3935670371440676,0.7560603382387551,1.8431955317089987,30.825899764467348,test,similarity_weighted_prior_diagnostic_only,diagnostic_prior,0.7587638173184995,1.3985500777039213
B0018,B0018,98,98,0.5679411344232489,0.7798012306345168,1.3893644292809475,0.7537802720217849,1.8431955317089987,30.930035313115848,test,similarity_weighted_prior_diagnostic_only,diagnostic_prior,0.7562023128736108,1.3938287241566498
B0018,B0018,99,99,0.5727775589648542,0.7864417952649423,1.378565141566671,0.7479212692581099,1.8431955317089987,30.911924838618532,test,similarity_weighted_prior_diagnostic_only,diagnostic_prior,0.7539080314712613,1.389599914927356
B0018,B0018,100,100,0.5776147079223164,0.7930833545413664,1.384901110085747,0.7513587605117921,1.8431955317089987,30.82018744327065,test,similarity_weighted_prior_diagnostic_only,diagnostic_prior,0.7514694372745055,1.3851051090002444
B0018,B0018,101,101,0.5824162452293488,0.7996760178897673,1.3703251814242443,0.7434507939337764,1.8431955317089987,30.834899963261606,test,similarity_weighted_prior_diagnostic_only,diagnostic_prior,0.7489537151745062,1.3804681412665039
B0018,B0018,102,102,0.5872079007552069,0.8062551132385051,1.3733464385229082,0.7450899347881721,1.8431955317089987,30.95314789426414,test,similarity_weighted_prior_diagnostic_only,diagnostic_prior,0.7464469639334257,1.3758477085798384
B0018,B0018,103,103,0.5919805084492111,0.8128080553086364,1.3679487285504814,0.7421614826084829,1.8431955317089987,31.018878296607838,test,similarity_weighted_prior_diagnostic_only,diagnostic_prior,0.7453993669890766,1.373916782572982
B0018,B0018,104,104,0.5967310335386369,0.8193306772607447,1.3567141087089647,0.7360662964775248,1.8431955317089987,31.012275385513618,test,similarity_weighted_prior_diagnostic_only,diagnostic_prior,0.7450164489831841,1.37321098981551
B0018,B0018,105,105,0.6018618233429249,0.8263754147537842,1.4604310209194575,0.792336459043689,1.8431955317089987,29.919480476758313,test,similarity_weighted_prior_diagnostic_only,diagnostic_prior,0.744961519796815,1.3731097445846343
B0018,B0018,106,106,0.6069576712640796,0.8333721759305884,1.4500998937104097,0.7867314502254065,1.8431955317089987,30.48480307233291,test,similarity_weighted_prior_diagnostic_only,diagnostic_prior,0.7443085702912552,1.3719062309735548
B0018,B0018,107,107,0.6120119075579162,0.8403118030203817,1.4381406901824496,0.7802431513324118,1.8431955317089987,30.850564878616186,test,similarity_weighted_prior_diagnostic_only,diagnostic_prior,0.742391935632399,1.3683734985344325
B0018,B0018,108,108,0.6170287780173903,0.8472001256318521,1.4283681980964316,0.7749412222001526,1.8431955317089987,30.690895482776472,test,similarity_weighted_prior_diagnostic_only,diagnostic_prior,0.7398993639845941,1.363779201610734
B0018,B0018,109,109,0.6219892619265783,0.8540110277174278,1.4147874517552432,0.7675731778947302,1.8431955317089987,30.49073598905972,test,similarity_weighted_prior_diagnostic_only,diagnostic_prior,0.7374852564728974,1.3593295294321095
B0018,B0018,110,110,0.6269440628584149,0.8608141268944558,1.413889163393182,0.7670858240862993,1.8431955317089987,30.310898552777907,test,similarity_weighted_prior_diagnostic_only,diagnostic_prior,0.7355978585684498,1.3558506860480748
B0018,B0018,111,111,0.6318432770305658,0.8675409036835063,1.3989331662177225,0.7589716566427659,1.8431955317089987,30.461628896605163,test,similarity_weighted_prior_diagnostic_only,diagnostic_prior,0.7332787638586961,1.3515761410414466
B0018,B0018,112,112,0.6367541435055016,0.8742836794546709,1.3953322584033976,0.7570180343859964,1.8431955317089987,30.901592836716652,test,similarity_weighted_prior_diagnostic_only,diagnostic_prior,0.7298040113421254,1.345171492729109
B0018,B0018,113,113,0.6416488129317344,0.8810042161631125,1.390046129540245,0.7541501189791858,1.8431955317089987,31.353823188034173,test,similarity_weighted_prior_diagnostic_only,diagnostic_prior,0.7286960996407693,1.3431293948316414
B0018,B0018,114,114,0.6464996076438563,0.8876645114944401,1.3860271454209647,0.7519696752605783,1.8431955317089987,31.144265239223852,test,similarity_weighted_prior_diagnostic_only,diagnostic_prior,0.7266770626989458,1.339407914962117
B0018,B0018,115,115,0.6513774020124865,0.8943618782123882,1.388215260193751,0.7531568063788691,1.8431955317089987,30.724882812676064,test,similarity_weighted_prior_diagnostic_only,diagnostic_prior,0.725788972785706,1.3377709916022773
B0018,B0018,116,116,0.6561848223868375,0.9009626191992219,1.3761826562394497,0.7466286851094209,1.8431955317089987,30.532597653810644,test,similarity_weighted_prior_diagnostic_only,diagnostic_prior,0.7252894304427211,1.3368502373877882
B0018,B0018,117,117,0.6609695233305852,0.9075321656856578,1.3647168898640163,0.7404080936538837,1.8431955317089987,30.36947364911525,test,similarity_weighted_prior_diagnostic_only,diagnostic_prior,0.7251431526264766,1.336580618770498
B0018,B0018,118,118,0.6657314337910445,0.9140704201141003,1.3589854739373584,0.7372985939681158,1.8431955317089987,30.280660852913975,test,similarity_weighted_prior_diagnostic_only,diagnostic_prior,0.7245355006857082,1.3354605974284395
B0018,B0018,119,119,0.6704433510452786,0.9205400322812682,1.34623087640088,0.7303787651615363,1.8431955317089987,30.073419058972085,test,similarity_weighted_prior_diagnostic_only,diagnostic_prior,0.7238965044044087,1.3342828023379696
B0018,B0018,120,120,0.6754464811435418,0.9274094889400329,1.4268427818454643,0.7741136289119066,1.8431955317089987,29.92886232854612,test,similarity_weighted_prior_diagnostic_only,diagnostic_prior,0.723286311556376,1.333158097606995
B0018,B0018,121,121,0.6803754255214672,0.9341770862466422,1.4064481483279665,0.7630488052582881,1.8431955317089987,30.358162779285898,test,similarity_weighted_prior_diagnostic_only,diagnostic_prior,0.7180815223983569,1.3235646534874468
B0018,B0018,122,122,0.6852797073666513,0.9409108211118528,1.3934907492075153,0.7560189492839535,1.8431955317089987,30.538278845342294,test,similarity_weighted_prior_diagnostic_only,diagnostic_prior,0.7149520247741937,1.3177963774500951
B0018,B0018,123,123,0.6901394050324079,0.9475833404815177,1.3882493512249316,0.753175301991838,1.8431955317089987,30.453708477709622,test,similarity_weighted_prior_diagnostic_only,diagnostic_prior,0.7129058077429462,1.3140247993611929
B0018,B0018,124,124,0.6949536618432006,0.9541934681128948,1.3701878338420928,0.743376277920804,1.8431955317089987,30.36433934962128,test,similarity_weighted_prior_diagnostic_only,diagnostic_prior,0.7096279144968772,1.3079830011766196
B0018,B0018,125,125,0.6997770561266704,0.9608161417847092,1.379695166560862,0.7485343485406661,1.8431955317089987,30.341783049577174,test,similarity_weighted_prior_diagnostic_only,diagnostic_prior,0.7076755314521535,1.3043843774724002
B0018,B0018,126,126,0.7045835319921862,0.9674155859308892,1.3686586323935683,0.7425466310264744,1.8431955317089987,30.690713233762086,test,similarity_weighted_prior_diagnostic_only,diagnostic_prior,0.7056262292346438,1.3006071127819652
B0018,B0018,127,127,0.7093732725651279,0.9739920519884024,1.3627371779096438,0.7393340285748864,1.8431955317089987,31.2027076776165,test,similarity_weighted_prior_diagnostic_only,diagnostic_prior,0.703978820219897,1.2975706158470868
B0018,B0018,128,128,0.7141447534193535,0.9805434468716989,1.3634051133928071,0.7396964076451872,1.8431955317089987,31.393369740072536,test,similarity_weighted_prior_diagnostic_only,diagnostic_prior,0.7031781125647529,1.29609475507492
B0018,B0018,129,129,0.7188629844892966,0.9870217281085317,1.3518646035305233,0.7334352651544697,1.8431955317089987,31.104476936258568,test,similarity_weighted_prior_diagnostic_only,diagnostic_prior,0.7029727706049755,1.2957162696921858
B0018,B0018,130,130,0.7236141344547279,0.9935452080352585,1.3547969729652622,0.7350261812479023,1.8431955317089987,30.91385867412369,test,similarity_weighted_prior_diagnostic_only,diagnostic_prior,0.701835810212916,1.2936206293778116
B0018,B0018,131,131,0.7283152579294093,1.0,1.341051440640485,0.727568734607918,1.8431955317089987,30.645630535920944,test,similarity_weighted_prior_diagnostic_only,diagnostic_prior,0.6998562726570484,1.2899719545999864
