battery_id,discharge_index,number_of_steps,baseline_rmse_v,hybrid_rmse_v,mlp_hybrid_rmse_v,temperature_hybrid_rmse_v,baseline_mae_v,hybrid_mae_v,mlp_hybrid_mae_v,temperature_hybrid_mae_v,hybrid_rmse_improvement_v,mlp_rmse_improvement_v,mlp_vs_rf_rmse_gain_v,temperature_rmse_gain_v,hybrid_mae_improvement_v,mlp_mae_improvement_v,mlp_vs_rf_mae_gain_v,temperature_mae_gain_v
B0005,117,272,0.06677479971927891,0.005507153265217856,0.007391814270717875,0.005589805877948859,0.05103724254115349,0.003519213566182821,0.004162920606258855,0.0037732964627083957,0.061267646454061055,0.059382985448561035,-0.001884661005500019,-8.265261273100299e-05,0.047518028974970664,0.04687432193489463,-0.0006437070400760344,-0.0002540828965255748
B0005,118,271,0.06153021009276907,0.00307099304084037,0.00968471979851014,0.0038870041075266767,0.04743119545892729,0.0022758430931889245,0.007412311817529088,0.0027441067873646093,0.058459217051928705,0.05184549029425893,-0.006613726757669769,-0.0008160110666863068,0.045155352365738366,0.0400188836413982,-0.005136468724340164,-0.00046826369417568483
B0005,119,276,0.06044995592234582,0.005792905760277533,0.011070335425110212,0.005638002661074797,0.0443998285284928,0.003987640026118492,0.009484617411146477,0.003796370880988871,0.05465705016206829,0.049379620497235606,-0.005277429664832679,0.00015490309920273594,0.04041218850237431,0.03491521111734632,-0.005496977385027985,0.00019126914512962055
B0005,120,277,0.058309687714699514,0.009568134348369603,0.015667527594000544,0.010064848497065392,0.03980932798408008,0.008244640069297145,0.014411104216733722,0.008505575476438758,0.04874155336632991,0.04264216012069897,-0.006099393245630941,-0.0004967141486957889,0.03156468791478294,0.025398223767346358,-0.006166464147436577,-0.0002609354071416124
B0005,121,273,0.05896034290180492,0.0060758108069944115,0.015126843189562152,0.00592511651785476,0.044361421658313596,0.003983180136244452,0.012344888703442044,0.003796667179353927,0.05288453209481051,0.04383349971224277,-0.00905103238256774,0.00015069428913965129,0.04037824152206915,0.03201653295487155,-0.008361708567197593,0.0001865129568905245
B0005,122,271,0.06160108205191819,0.004568687246336958,0.014143041559796973,0.0042105294482799,0.048333871320148554,0.00328748536835666,0.010538112380173612,0.0031761219636690648,0.057032394805581234,0.04745804049212122,-0.009574354313460015,0.0003581577980570575,0.0450463859517919,0.037795758939974944,-0.007250627011816952,0.00011136340468759524
B0005,123,270,0.06476250078762531,0.0046564772169582404,0.012974060850497864,0.005136740428397127,0.05153416784013477,0.003869395187886705,0.00924449967595666,0.004274433813450234,0.06010602357066707,0.05178843993712745,-0.008317583633539623,-0.00048026321143888624,0.04766477265224807,0.04228966816417811,-0.005375104488069955,-0.0004050386255635284
B0005,124,269,0.0668387912336762,0.006055818143349716,0.0128484700312076,0.006808437720136346,0.0535230887540089,0.005466600648152559,0.00911289294330654,0.006176852665195815,0.06078297309032648,0.0539903212024686,-0.006792651887857884,-0.0007526195767866301,0.04805648810585634,0.04441019581070236,-0.003646292295153981,-0.0007102520170432563
B0005,125,268,0.06785204411784344,0.007234144426637275,0.013754965634721113,0.008134414236626916,0.054945885701459724,0.0067059772220471455,0.009436646734029322,0.007527219046489615,0.06061789969120617,0.05409707848312233,-0.006520821208083839,-0.0009002698099896409,0.04823990847941258,0.0455092389674304,-0.002730669511982176,-0.0008212418244424695
B0005,126,267,0.07001178293747246,0.00914548409417305,0.013877476364272948,0.01016547817916242,0.05716675307102153,0.008662597992837869,0.009631864045105546,0.009533633422757235,0.0608662988432994,0.05613430657319951,-0.004731992270099898,-0.0010199940849893695,0.04850415507818366,0.04753488902591598,-0.0009692660522676779,-0.0008710354299193666
B0005,127,266,0.07107007095751075,0.010697138687764842,0.015291993269850541,0.012399231114877264,0.05891378340631707,0.010238655278422937,0.010424777692725115,0.0116667567693896,0.06037293226974591,0.05577807768766021,-0.0045948545820857,-0.0017020924271124224,0.04867512812789413,0.04848900571359195,-0.000186122414302178,-0.0014281014909666625
B0005,128,265,0.07061883070243462,0.011179680339448269,0.017929195029141247,0.013048678130662007,0.059209731813930126,0.010715546728569452,0.012071438998107736,0.012254695867009087,0.059439150362986345,0.05268963567329337,-0.006749514689692978,-0.0018689977912137376,0.04849418508536067,0.047138292815822394,-0.0013558922695382832,-0.0015391491384396348
B0005,129,264,0.07410614872972138,0.013830553333286255,0.017242475218602917,0.015528437103671813,0.062227406730151195,0.013329899296534648,0.011902126122453508,0.014797530056892062,0.06027559539643512,0.05686367351111846,-0.003411921885316662,-0.0016978837703855582,0.048897507433616545,0.050325280607697684,0.0014277731740811404,-0.0014676307603574135
B0005,130,264,0.07629185354833785,0.015511545979435146,0.017193339385663677,0.01683418461495275,0.06358405441746183,0.014694654480311228,0.01246773203703277,0.015871809277103258,0.06078030756890271,0.05909851416267418,-0.0016817934062285309,-0.0013226386355176048,0.0488893999371506,0.05111632238042906,0.0022269224432784583,-0.0011771547967920296
B0005,131,263,0.07645074886952524,0.01609299340900077,0.019376019676507598,0.017750862263203597,0.06457259795408625,0.015459364855125435,0.013759374008371262,0.0168750777058783,0.06035775546052447,0.05707472919301765,-0.003283026267506827,-0.0016578688542028264,0.04911323309896082,0.05081322394571499,0.001699990846754174,-0.0014157128507528635
B0005,132,265,0.0700218164278146,0.01041885368746858,0.025431146125621477,0.010560799234422425,0.05839711762436411,0.009796146752794718,0.01829844008953709,0.009893083079108717,0.05960296274034602,0.04459067030219313,-0.015012292438152896,-0.0001419455469538443,0.04860097087156939,0.040098677534827015,-0.008502293336742371,-9.693632631399898e-05
B0005,133,267,0.06421219372617464,0.005331666234977759,0.032262159478616395,0.005775904459025506,0.05132204786446875,0.0040316434187479926,0.024438404041014737,0.0044617755543974475,0.05888052749119688,0.03195003424755824,-0.026930493243638637,-0.00044423822404774695,0.04729040444572076,0.026883643823454012,-0.020406760622266745,-0.00043013213564945495
B0005,134,264,0.06799997427738942,0.009133126051783621,0.0317235772136433,0.009308990818017601,0.056506150373602786,0.0081357837540586,0.023051175606089973,0.008218621245159345,0.0588668482256058,0.03627639706374612,-0.02259045116185968,-0.0001758647662339803,0.048370366619544185,0.033454974767512816,-0.014915391852031374,-8.283749110074567e-05
B0005,135,263,0.07586876653328271,0.01492742292688597,0.027180002400780386,0.015095633695002249,0.06328592637422732,0.014132447337980901,0.020190326005593846,0.014295112263868181,0.06094134360639675,0.048688764132502324,-0.012252579473894416,-0.00016821076811627915,0.04915347903624642,0.043095600368633476,-0.006057878667612945,-0.0001626649258872799
B0005,136,261,0.07364822416863741,0.015273803990040137,0.032271109684759915,0.016513683184673486,0.06359825404112585,0.014652560068755063,0.022612943802441027,0.01569824905666903,0.05837442017859727,0.04137711448387749,-0.01699730569471978,-0.0012398791946333487,0.04894569397237078,0.04098531023868482,-0.007960383733685964,-0.0010456889879139689
B0005,137,261,0.07431338040759092,0.014579286993970582,0.033277403819156066,0.014680728936491272,0.06327558556767872,0.013890124069027137,0.02399408714517675,0.013956839782259988,0.059734093413620334,0.04103597658843485,-0.018698116825185483,-0.00010144194252069069,0.049385461498651584,0.03928149842250197,-0.010103963076149613,-6.671571323285143e-05
B0005,138,261,0.07691502385807356,0.015843300317398886,0.03293586658680662,0.01590158426537601,0.0645177959227589,0.014996602175641577,0.024530600298503093,0.015091434912226661,0.061071723540674666,0.04397915727126694,-0.017092566269407732,-5.8283947977123135e-05,0.049521193747117324,0.0399871956242558,-0.009533998122861516,-9.483273658508415e-05
B0005,139,260,0.0788765906480086,0.018252353161394383,0.03395174446104215,0.0183292152164846,0.06703419659525839,0.017394844645811383,0.025114669718571167,0.01747187664005374,0.06062423748661422,0.044924846186966454,-0.015699391299647765,-7.686205509021757e-05,0.049639351949447005,0.04191952687668722,-0.007719825072759784,-7.703199424235682e-05
B0005,140,259,0.08258797272008979,0.021920450769807878,0.033574077970503345,0.022760676664261893,0.07079162340294702,0.020990411707675925,0.02490187570331516,0.021803920931547944,0.06066752195028191,0.049013894749586444,-0.011653627200695467,-0.0008402258944540143,0.049801211695271096,0.04588974769963186,-0.003911463995639235,-0.0008135092238720186
B0005,141,258,0.08395801515727493,0.023724021126854657,0.03505449962436768,0.02500212487522902,0.07286412103169145,0.022851754737401943,0.02585437069658442,0.02402055124840159,0.06023399403042027,0.04890351553290725,-0.011330478497513022,-0.0012781037483743617,0.0500123662942895,0.04700975033510703,-0.0030026159591824766,-0.001168796510999645
B0005,142,258,0.08272125130182365,0.02223567277649121,0.03771679386598427,0.022547326973569093,0.0713566501244841,0.021332177331439973,0.027832294604938145,0.02163421332064377,0.060485578525332435,0.045004457435839376,-0.01548112108949306,-0.0003116541970778833,0.050024472793044124,0.04352435551954595,-0.006500117273498172,-0.00030203598920379784
B0005,143,257,0.08066054265696965,0.021260293398957627,0.041945746619763996,0.02151072308343466,0.07033179756635283,0.02035821030374605,0.03042307561882209,0.020560676191159706,0.05940024925801202,0.03871479603720565,-0.02068545322080637,-0.000250429684477034,0.049973587262606776,0.039908721947530736,-0.010064865315076041,-0.00020246588741365534
B0005,144,256,0.08482749945645769,0.0250240753849471,0.04122998256936348,0.02599351668746885,0.07431625432016353,0.02410965393903397,0.03033160762484474,0.025010257909019222,0.0598034240715106,0.04359751688709421,-0.01620590718441638,-0.0009694413025217521,0.05020660038112956,0.04398464669531879,-0.006221953685810768,-0.0009006039699852517
B0005,145,255,0.08624061710644161,0.027179910487976484,0.04315231645294287,0.02920300704501936,0.07658695055402033,0.026168229782235538,0.031451771382940634,0.02796500257274864,0.05906070661846513,0.043088300653498744,-0.015972405964966383,-0.0020230965570428756,0.05041872077178479,0.045135179171079697,-0.005283541600705096,-0.0017967727905131015
B0005,146,254,0.08545492813108138,0.027521168670652643,0.04697269403162676,0.02982625340635174,0.07670020732681664,0.02657067859552562,0.033488328042199325,0.028487357510337024,0.05793375946042874,0.03848223409945462,-0.019451525360974116,-0.0023050847356990978,0.05012952873129102,0.04321187928461731,-0.006917649446673706,-0.0019166789148114052
B0005,147,254,0.08376760351342705,0.02559115569415526,0.04947215471113948,0.026513968222096177,0.07477324114844268,0.024607879328204393,0.03526491719656766,0.025411617494416085,0.05817644781927179,0.03429544880228757,-0.02388099901698422,-0.0009228125279409187,0.050165361820238286,0.03950832395187502,-0.010657037868363264,-0.000803738166211692
B0005,148,254,0.08722024512197835,0.02768599031476278,0.04835021066718812,0.028631409521316785,0.07710964246271992,0.02662184221596568,0.03540904066567207,0.027494298946272405,0.05953425480721557,0.038870034454790224,-0.020664220352425343,-0.000945419206554006,0.05048780024675424,0.041700601797047855,-0.00878719844970639,-0.0008724567303067254
B0005,149,255,0.08808102030472684,0.02980913126006726,0.04859418339230662,0.032602131077016705,0.07951386791434532,0.029203991331369993,0.035166330221467326,0.031656452189031466,0.058271889044659575,0.03948683691242022,-0.01878505213223936,-0.0027929998169494465,0.05030987658297533,0.044347537692878,-0.005962338890097334,-0.002452460857661473
B0005,150,262,0.07688713596793059,0.01575064558209979,0.05701500602455295,0.016160660101771106,0.06396986931516156,0.014696989571675869,0.042442575831475766,0.01505094443352912,0.0611364903858308,0.019872129943377642,-0.04126436044245316,-0.0004100145196713166,0.049272879743485695,0.021527293483685796,-0.0277455862597999,-0.00035395486185325203
B0005,151,258,0.07862119422952113,0.019192405159765433,0.05869595345532894,0.019779669497718175,0.06818163101695285,0.01833587350342665,0.04255291226356822,0.01881279802626875,0.0594287890697557,0.019925240774192186,-0.03950354829556351,-0.0005872643379527427,0.0498457575135262,0.025628718753384627,-0.02421703876014157,-0.0004769245228420996
B0005,152,256,0.07980946249127086,0.021793702441296827,0.06089062440428552,0.023001215206768254,0.07054673209579457,0.020954921947453034,0.04350914269340429,0.021944366786780564,0.058015760049974024,0.018918838086985336,-0.039096921962988695,-0.0012075127654714267,0.049591810148341534,0.027037589402390275,-0.02255422074595126,-0.0009894448393275301
B0005,153,255,0.08201495919080867,0.023823864639562067,0.06161158072954236,0.025328347112249343,0.0728833892958575,0.022908308754301193,0.04406266593944993,0.02413349180229779,0.0581910945512466,0.02040337846126631,-0.0377877160899803,-0.0015044824726872762,0.049975080541556305,0.02882072335640757,-0.021154357185148735,-0.0012251830479965975
B0005,154,254,0.08478671708864344,0.026330265993428668,0.061823047193306155,0.028023573600568254,0.0756689469724756,0.025343442795910158,0.044348031922114124,0.026753020194254594,0.05845645109521477,0.022963669895337283,-0.03549278119987749,-0.0016933076071395867,0.05032550417656544,0.03132091505036148,-0.019004589126203966,-0.001409577398344436
B0005,155,253,0.08487237687071003,0.02733594621224088,0.06446679235969718,0.029129528404066896,0.07632335915254888,0.026345046890531413,0.04570948575142414,0.027838299388125622,0.057536430658469154,0.020405584511012848,-0.037130846147456306,-0.0017935821918260153,0.049978312262017474,0.030613873401124744,-0.019364438860892726,-0.0014932524975942094
B0005,156,253,0.08796215359982218,0.02893469870278784,0.06350646151954818,0.030639237132416366,0.07849785018615982,0.027800149522757615,0.04579671800994796,0.029263000597335973,0.05902745489703434,0.024455692080273997,-0.034571762816760346,-0.0017045384296285257,0.050697700663402206,0.03270113217621186,-0.017996568487190345,-0.0014628510745783585
B0005,157,252,0.08829988554319533,0.029964323825569142,0.06584369609875707,0.03188392710085836,0.07947047413019862,0.02877836566033172,0.046998923259464656,0.030392063728266968,0.05833556171762619,0.022456189444438265,-0.03587937227318792,-0.0019196032752892209,0.050692108469866895,0.03247155087073396,-0.018220557599132936,-0.001613698067935248
B0005,158,251,0.08768758190232544,0.030548529787475426,0.06889002667457353,0.0325071115795236,0.07955780161764688,0.02937466984406431,0.048425103673392395,0.031021388897878432,0.057139052114850014,0.018797555227751908,-0.038341496887098106,-0.0019585817920481745,0.050183131773582565,0.03113269794425448,-0.019050433829328084,-0.0016467190538141212
B0005,159,251,0.09038485562663913,0.03180917569920265,0.06781374185759029,0.03345238132597697,0.08132700379940079,0.030542809181357707,0.048326221096454895,0.03197030938087639,0.05857567992743648,0.022571113769048842,-0.03600456615838764,-0.0016432056267743217,0.05078419461804308,0.033000782702945895,-0.017783411915097188,-0.001427500199518681
B0005,160,251,0.09355044628221221,0.03379246311306979,0.06661749929355754,0.03513271238679347,0.08343859300312843,0.032541630927342864,0.04813279333077652,0.03376563417756341,0.059757983169142416,0.02693294698865467,-0.032825036180487745,-0.0013402492737236774,0.05089696207578557,0.035305799672351916,-0.015591162403433653,-0.001224003250220547
B0005,161,250,0.09096058993550371,0.03266677685601409,0.07111131145179558,0.03398972284854299,0.08218768290279134,0.03126102874733012,0.050222490123904305,0.03242114487383555,0.05829381307948962,0.019849278483708127,-0.038444534595781496,-0.0013229459925289053,0.05092665415546122,0.031965192778887035,-0.018961461376574187,-0.0011601161265054338
B0005,162,250,0.09516177536321013,0.035588434808884274,0.06920298992558228,0.03709546615211724,0.08527218170092009,0.03428605558636273,0.049767567555452405,0.03566199856260485,0.05957334055432586,0.02595878543762785,-0.03361455511669801,-0.0015070313432329688,0.050986126114557356,0.03550461414546768,-0.015481511969089673,-0.00137594297624212
B0005,163,249,0.09293256803260808,0.03458762311624783,0.073498467472416,0.03614494371502809,0.08417494935676278,0.033066326011415965,0.051697419693737826,0.03441525894239009,0.05834494491636025,0.019434100560192083,-0.038910844356168164,-0.0015573205987802624,0.05110862334534682,0.03247752966302496,-0.01863109368232186,-0.0013489329309741213
B0005,164,248,0.09140558083964415,0.03437810686001328,0.07683343817387513,0.035781801872802485,0.08344191003576887,0.03294575785153311,0.05331240068287822,0.034171232051110285,0.057027473979630865,0.01457214266576902,-0.042455331313861845,-0.0014036950127892037,0.05049615218423576,0.030129509352890646,-0.020366642831345115,-0.0012254741995771784
B0005,165,248,0.09308865806194482,0.035178261033141485,0.07706189216716024,0.03646066690762146,0.0847053536394874,0.033595047857351644,0.05364609996214425,0.03473326667202556,0.05791039702880333,0.016026765894784578,-0.04188363113401875,-0.001282405874479975,0.05111030578213576,0.031059253677343156,-0.020051052104792605,-0.001138218814673915
B0005,166,252,0.08346483167922317,0.024937821117927052,0.08300657794290546,0.025179320136971127,0.07438616059372248,0.02391242511002732,0.0569603207472243,0.024126043952259972,0.05852701056129611,0.00045825373631770694,-0.058068756824978404,-0.00024149901904407453,0.05047373548369516,0.017425839846498183,-0.033047895637196976,-0.00021361884223265043
B0005,167,255,0.0802835209068094,0.0195244465116393,0.08929744199639265,0.019868170478504078,0.06809871129507196,0.017856585057469506,0.062306648906482034,0.018171085539943753,0.0607590743951701,-0.009013921089583252,-0.06977299548475335,-0.0003437239668647764,0.05024212623760245,0.005792062388589925,-0.044450063849012525,-0.00031450048247424686
B0006,117,264,0.09674719621028431,0.00895990809870019,0.016249849569347278,0.011360135068817598,0.08592470341247627,0.003097626221521932,0.007023961151848224,0.003525502577239013,0.08778728811158412,0.08049734664093704,-0.0072899414706470884,-0.0024002269701174084,0.08282707719095433,0.07890074226062804,-0.003926334930326292,-0.000427876355717081
B0006,118,264,0.09785199847474901,0.015026014955535762,0.022644557388432934,0.01670920206951864,0.08426976537143642,0.0055326804171851604,0.010224689941506427,0.006614027301629034,0.08282598351921325,0.07520744108631608,-0.007618542432897172,-0.0016831871139828779,0.07873708495425126,0.07404507542993,-0.0046920095243212665,-0.0010813468844438736
B0006,119,269,0.09273363670682405,0.013332833615141737,0.019628591568793662,0.012041306773877252,0.07970039442768333,0.008790560747929704,0.011110486864301264,0.009465547989621946,0.07940080309168232,0.07310504513803039,-0.006295757953651926,0.0012915268412644846,0.07090983367975362,0.06858990756338207,-0.00231992611637156,-0.0006749872416922428
B0006,120,273,0.08431069511454847,0.019353416997295817,0.027390706100337406,0.020999796817204163,0.06911086463380638,0.015907735953172335,0.018471605450094644,0.0168737307249146,0.06495727811725266,0.05691998901421107,-0.008037289103041589,-0.001646379819908346,0.05320312868063404,0.05063925918371173,-0.0025638694969223087,-0.0009659947717422651
B0006,121,269,0.09360495152536863,0.017877509390354263,0.02745218082566564,0.014638809472508228,0.07838635960628051,0.009824786563288024,0.01573795745110138,0.009982300232317904,0.07572744213501437,0.06615277069970299,-0.009574671435311377,0.0032386999178460347,0.06856157304299249,0.06264840215517914,-0.005913170887813355,-0.00015751366902987986
B0006,122,266,0.09673282627570934,0.008514675294743259,0.02258527894340625,0.004694820724490607,0.08475308470440271,0.0028374233997103247,0.013404435398202146,0.002888051508079691,0.08821815098096608,0.07414754733230308,-0.01407060364866299,0.0038198545702526517,0.08191566130469238,0.07134864930620057,-0.010567011998491822,-5.0628108369366476e-05
B0006,123,265,0.10193332560365893,0.01291665906331738,0.02732007172175609,0.011399109252719093,0.08789002841690262,0.003910303479718297,0.01554343356458028,0.003535038213137536,0.08901666654034156,0.07461325388190285,-0.01440341265843871,0.0015175498105982864,0.08397972493718432,0.07234659485232234,-0.011633130084861984,0.00037526526658076056
B0006,124,263,0.10169938507178759,0.01069210020604979,0.024070432835195308,0.009878080289862713,0.09023950125713305,0.004392534052377732,0.015693657761564152,0.0037748359780462953,0.09100728486573781,0.07762895223659229,-0.013378332629145518,0.0008140199161870768,0.08584696720475532,0.07454584349556889,-0.01130112370918642,0.0006176980743314371
B0006,125,262,0.10424350852938144,0.009682642178909545,0.025453440303236055,0.008081799463151667,0.09259058963625333,0.00584545726902252,0.016882377092110233,0.005219435109340281,0.0945608663504719,0.07879006822614538,-0.01577079812432651,0.0016008427157578782,0.0867451323672308,0.07570821254414309,-0.011036919823087714,0.0006260221596822383
B0006,126,261,0.10545826951016553,0.01648113040000453,0.029993773349907365,0.011183868662063494,0.09300045473629956,0.007697474102536764,0.019977096189067803,0.006535600464220476,0.088977139110161,0.07546449616025816,-0.013512642949902835,0.005297261737941036,0.08530298063376279,0.07302335854723176,-0.01227962208653104,0.0011618736383162877
B0006,127,260,0.10765662116706282,0.01673322805785599,0.031177378563601716,0.01527419940803923,0.09549100469400497,0.009154089636888333,0.021587553238752274,0.008608859908672746,0.09092339310920683,0.0764792426034611,-0.014444150505745726,0.0014590286498167605,0.08633691505711663,0.07390345145525269,-0.012433463601863941,0.0005452297282155863
B0006,128,258,0.10873155644685456,0.013710054227591192,0.028621683609565112,0.013771143538029667,0.09856511359693909,0.011042487583702179,0.02131847772536262,0.01080330905542078,0.09502150221926337,0.08010987283728944,-0.01491162938197392,-6.108931043847556e-05,0.08752262601323692,0.07724663587157647,-0.01027599014166044,0.00023917852828139914
B0006,129,258,0.11129353901211889,0.017204683916472202,0.034532430059092345,0.017541529165202376,0.09904447605119322,0.011503391860206649,0.02507409130082191,0.011229429494902798,0.09408885509564668,0.07676110895302654,-0.017327746142620143,-0.00033684524873017416,0.08754108419098658,0.07397038475037132,-0.01357069944061526,0.00027396236530385053
B0006,130,257,0.1104056753005076,0.015611304233425853,0.033161948650977525,0.015339539498247092,0.10017811466420173,0.01253842683768859,0.02582672292252603,0.012218268742683239,0.09479437106708175,0.07724372664953008,-0.01755064441755167,0.0002717647351787606,0.08763968782651314,0.07435139174167571,-0.01328829608483744,0.00032015809500535175
B0006,131,256,0.11060590164371169,0.0170779273438874,0.03497036434545542,0.015399069372433976,0.10107673163793182,0.01345973130003941,0.028068218348954573,0.013008227972262316,0.09352797429982429,0.07563553729825627,-0.017892437001568017,0.0016788579714534253,0.08761700033789241,0.07300851328897726,-0.014608487048915162,0.00045150332777709433
B0006,132,257,0.10820536421405016,0.015332436067626826,0.037856447881675095,0.012384838869674033,0.09812925571529674,0.011730448197960394,0.02981382905369737,0.010702890746312671,0.09287292814642334,0.07034891633237507,-0.02252401181404827,0.0029475971979527928,0.08639880751733635,0.06831542666159937,-0.018083380855736977,0.0010275574516477228
B0006,133,262,0.09905441148108432,0.008823346103314872,0.04884434744539798,0.012362450032700633,0.08649828991588861,0.003949100767019372,0.0371382467890369,0.004321289737971286,0.09023106537776945,0.05021006403568634,-0.040021001342083105,-0.003539103929385761,0.08254918914886923,0.04936004312685171,-0.03318914602201753,-0.0003721889709519142
B0006,134,258,0.10161091402037474,0.012016201727050783,0.04802187774255727,0.009105125230964125,0.09148760835115305,0.007027007071385449,0.03753236229068793,0.00639112653067147,0.08959471229332396,0.05358903627781747,-0.036005676015506485,0.002911076496086658,0.0844606012797676,0.05395524606046512,-0.030505355219302484,0.0006358805407139789
B0006,135,256,0.10882899548689565,0.018157479475939237,0.0494709761385062,0.016303089570372662,0.09758609855112446,0.01169690591291461,0.03905538409065948,0.011314696685358684,0.09067151601095641,0.05935801934838945,-0.03131349666256696,0.0018543899055665745,0.08588919263820985,0.05853071446046498,-0.027358478177744866,0.0003822092275559269
B0006,136,254,0.1111661416286471,0.016857634321115787,0.047411221242478326,0.019081358427140104,0.10192446106785694,0.014044470750131606,0.03867401016678799,0.01496225322512947,0.09430850730753132,0.06375492038616878,-0.03055358692136254,-0.0022237241060243176,0.08787999031772534,0.06325045090106896,-0.024629539416656382,-0.0009177824749978646
B0006,137,254,0.11332300535473941,0.01738905200804562,0.052505987241312904,0.019961706049481782,0.10119136451004555,0.013396990449256983,0.04173030114154651,0.013523494730983056,0.09593395334669379,0.060817018113426505,-0.03511693523326728,-0.002572654041436164,0.08779437406078858,0.059461063368499045,-0.028333310692289525,-0.00012650428172607253
B0006,138,253,0.1110178460442682,0.01609804928134721,0.052348767659430494,0.016501995325276655,0.10070688164591007,0.01305784636222152,0.042513804363574645,0.01256635963931348,0.09491979676292099,0.05866907838483771,-0.03625071837808329,-0.00040394604392944566,0.08764903528368856,0.05819307728233543,-0.029455958001353123,0.00049148672290804
B0006,139,252,0.1158856616001933,0.020214399337119427,0.05556443255013226,0.021373491350146517,0.10405092209978015,0.015687811692248484,0.0446521054090583,0.015425822044273712,0.09567126226307388,0.060321229050061036,-0.03535003321301283,-0.0011590920130270903,0.08836311040753167,0.05939881669072185,-0.028964293716809815,0.00026198964797477173
B0006,140,250,0.11755990499820153,0.022605592970695507,0.05607040853780717,0.02480640896416107,0.10717542231908697,0.018499095317397043,0.045554710173955786,0.019260035336549408,0.09495431202750602,0.06148949646039436,-0.03346481556711166,-0.0022008159934655616,0.08867632700168993,0.061620712145131186,-0.027055614856558743,-0.0007609400191523653
B0006,141,249,0.11891480405749963,0.023257471267632612,0.05489720236252978,0.025100434472200568,0.11008356861385898,0.020406687109103122,0.045605129842784406,0.021380804119479957,0.09565733278986702,0.06401760169496984,-0.03163973109489717,-0.0018429632045679559,0.08967688150475586,0.06447843877107458,-0.025198442733681284,-0.0009741170103768348
B0006,142,249,0.11683786837659205,0.024348150213704928,0.06100370994092777,0.021837583701535653,0.10674602848198192,0.019066638530300734,0.049110349498385227,0.018540954115461212,0.09248971816288712,0.05583415843566428,-0.03665555972722284,0.0025105665121692745,0.08767938995168119,0.05763567898359669,-0.030043710968084492,0.0005256844148395223
B0006,143,248,0.11828701370700609,0.0222918819043834,0.05908768854826239,0.02202581236577726,0.10896051216822028,0.019378945661010498,0.04866864435807074,0.019083714005455867,0.09599513180262269,0.059199325158743696,-0.03679580664387899,0.0002660695386061396,0.08958156650720978,0.060291867810149544,-0.02928969869706024,0.0002952316555546314
B0006,144,246,0.12207936791186084,0.025570856245958933,0.058473353216894494,0.027957121176475516,0.11322842885999913,0.022727005345219015,0.048727798847857495,0.023624114935981683,0.09650851166590191,0.06360601469496635,-0.03290249697093556,-0.002386264930516583,0.09050142351478012,0.06450063001214164,-0.02600079350263848,-0.000897109590762668
B0006,145,245,0.1230403560265126,0.027616797895123463,0.06104275578534579,0.029799444334089823,0.11506189698026993,0.024607894281982106,0.05085532817514302,0.026071311359588442,0.09542355813138914,0.06199760024116681,-0.03342595789022233,-0.0021826464389663597,0.09045400269828782,0.0642065688051269,-0.026247433893160917,-0.0014634170776063361
B0006,146,245,0.1280480877045383,0.030232224268736153,0.06323028920798493,0.03388046745622085,0.11776904016306783,0.02610224716737178,0.05258535320293763,0.028148279546754695,0.09781586343580215,0.06481779849655336,-0.03299806493924878,-0.003648243187484697,0.09166679299569605,0.06518368696013019,-0.02648310603556585,-0.0020460323793829137
B0006,147,245,0.1250634460728231,0.027270756486245516,0.06671434345348322,0.02907174142404909,0.1145732733197335,0.02358688426089316,0.054852476093355744,0.02429629249162372,0.09779268958657758,0.058349102619339885,-0.0394435869672377,-0.001800984937803573,0.09098638905884035,0.05972079722637776,-0.03126559183246258,-0.0007094082307305613
B0006,148,243,0.12449564593803628,0.028031942025098466,0.0655213880956013,0.02996840653751965,0.11599622788396681,0.024940445639582646,0.05474233702271322,0.025806425454293545,0.0964637039129378,0.05897425784243497,-0.037489446070502835,-0.0019364645124211842,0.09105578224438417,0.06125389086125359,-0.029801891383130576,-0.0008659798147108988
B0006,149,244,0.12529229571989112,0.03133996712124626,0.06648967752950169,0.03183342870431407,0.11791107957950683,0.02784433104860657,0.05460170599520736,0.028616021247543727,0.09395232859864486,0.05880261819038943,-0.03514971040825543,-0.0004934615830678099,0.09006674853090027,0.06330937358429947,-0.02675737494660079,-0.0007716901989371569
B0006,150,251,0.10818170761258304,0.01543711945354927,0.08221514671823632,0.012935008658759602,0.0981040725899589,0.011746700550150467,0.0653905082801559,0.01084388157728668,0.09274458815903378,0.02596656089434672,-0.06677802726468705,0.002502110794789668,0.08635737203980844,0.032713564309803,-0.05364380773000543,0.0009028189728637875
B0006,151,246,0.11716085003796772,0.021271855933835338,0.07641496442805829,0.01966131863546362,0.107837154546829,0.018739591889660887,0.06227120639631658,0.017867670639266347,0.09588899410413239,0.04074588560990944,-0.05514310849422295,0.0016105372983717184,0.08909756265716812,0.045565948150512424,-0.04353161450665569,0.0008719212503945396
B0006,152,243,0.11987262757768007,0.025256453099180984,0.07653882238008326,0.0239299167923924,0.11153186001367635,0.02206932231765472,0.06263025149229604,0.02161630359181962,0.09461617447849908,0.0433338051975968,-0.05128236928090228,0.0013265363067885838,0.08946253769602162,0.04890160852138031,-0.04056092917464131,0.00045301872583509983
B0006,153,241,0.12364098020344431,0.0289769903986687,0.07892650650573671,0.027736046963521763,0.11448673706355574,0.024881648272365595,0.063952591559977,0.024645141928652102,0.09466398980477561,0.044714473697707605,-0.04994951610706801,0.0012409434351469371,0.08960508879119014,0.05053414550357874,-0.039070943287611404,0.0002365063437134926
B0006,154,240,0.12899744501716398,0.031099499113821573,0.07789457906948623,0.03156945943912463,0.11881235875038218,0.02684763339727538,0.06409148946369857,0.02700962657317229,0.09789794590334241,0.05110286594767775,-0.046795079955664655,-0.00046996032530305376,0.0919647253531068,0.05472086928668361,-0.03724385606642319,-0.00016199317589691078
B0006,155,238,0.12832631243314832,0.03138239466228889,0.07769876971698218,0.03176454470746348,0.12023271091560717,0.028167155279103708,0.06453843204234416,0.02838278360501051,0.09694391777085942,0.05062754271616614,-0.04631637505469329,-0.000382150045174591,0.09206555563650345,0.055694278873263,-0.03637127676324045,-0.0002156283259068005
B0006,156,237,0.13052571874513152,0.03246469452147135,0.08104195552704122,0.032800593117636605,0.12123081360582642,0.028965715042763636,0.06640898929043393,0.02909976157453578,0.09806102422366017,0.04948376321809031,-0.04857726100556987,-0.0003358985961652572,0.09226509856306278,0.054821824315392495,-0.03744327424767029,-0.00013404653177214246
B0006,157,236,0.1328464812775176,0.034413734548850106,0.08195300228930343,0.03441344870387427,0.12343523996621084,0.03040998779559493,0.06737116431330965,0.030467772309063425,0.0984327467286675,0.05089347898821418,-0.04753926774045332,2.8584497583500346e-07,0.09302525217061591,0.05606407565290118,-0.036961176517714724,-5.778451346849511e-05
B0006,158,235,0.13463859177164966,0.03508629985252439,0.08346407350961735,0.03603417700900253,0.12508685017856713,0.03129005949443482,0.06860657591148209,0.03161838909593336,0.09955229191912526,0.051174518262032315,-0.048377773657092955,-0.0009478771564781358,0.09379679068413231,0.056480274267085046,-0.037316516417047266,-0.0003283296014985407
B0006,159,233,0.1332646328180281,0.03573351129033959,0.08552443478246317,0.03575212516513881,0.12471604781857025,0.03188174698819942,0.06947931082341169,0.03201091888226775,0.09753112152768853,0.04774019803556494,-0.049790923492123586,-1.861387479921983e-05,0.09283430083037084,0.05523673699515856,-0.03759756383521227,-0.00012917189406833063
B0006,160,232,0.1333453885436286,0.037094983807516364,0.0878721007820199,0.03591005900180048,0.12499087075071472,0.03259916704355092,0.07101054272789693,0.03226236972757228,0.09625040473611224,0.045473287761608694,-0.05077711697450354,0.0011849248057158868,0.09239170370716379,0.05398032802281778,-0.038411375684346015,0.0003367973159786389
B0006,161,231,0.13401691549932954,0.03762755289772104,0.08970874860574303,0.03629765831915486,0.12579396890011788,0.033312652590641145,0.07234130438202174,0.032738052561265496,0.09638936260160849,0.044308166893586506,-0.05208119570802199,0.0013298945785661792,0.09248131630947673,0.05345266451809613,-0.0390286517913806,0.0005746000293756492
B0006,162,230,0.13830363983189864,0.038827932499382156,0.08891344422427233,0.0393706404092273,0.12950073238093282,0.03473764811843748,0.07237306072589582,0.034946590357322435,0.09947570733251648,0.04939019560762631,-0.050085511724890175,-0.000542707909845147,0.09476308426249534,0.057127671655037,-0.03763541260745834,-0.0002089422388849571
B0006,163,226,0.13937642920683527,0.04281367621201454,0.08836675851061361,0.042766505255545414,0.13219604116374778,0.038915587523227664,0.07102634363927542,0.03911417688916133,0.09656275299482073,0.05100967069622166,-0.04555308229859907,4.717095646912528e-05,0.09328045364052012,0.06116969752447236,-0.03211075611604775,-0.00019858936593366433
B0006,164,227,0.13892317058204412,0.04036317354807408,0.08947221645752318,0.04008870131927808,0.1316641294229572,0.03646769036945995,0.07318368648322153,0.03625209182620564,0.09855999703397003,0.04945095412452094,-0.0491090429094491,0.0002744722287960008,0.09519643905349723,0.05848044293973566,-0.03671599611376158,0.00021559854325431393
B0006,165,227,0.14310312899279282,0.041360292376426376,0.09143286141724857,0.04091027539127733,0.13375631221431888,0.03713247516482051,0.07455277565222942,0.036898937307365785,0.10174283661636643,0.05167026757554424,-0.0500725690408222,0.0004500169851490432,0.09662383704949837,0.05920353656208946,-0.037420300487408915,0.00023353785745472422
B0006,166,230,0.12925264029842815,0.03558493338086703,0.09843270773757065,0.03421503134256549,0.12157794193510452,0.03216623026359813,0.07630780687912761,0.03142371757328996,0.09366770691756111,0.030819932560857494,-0.06284777435670362,0.0013699020383015417,0.08941171167150638,0.04527013505597691,-0.044141576615529476,0.0007425126903081725
B0006,167,232,0.12561207686815365,0.026064805037947787,0.10611587406147079,0.024443340159764387,0.114444922020369,0.022015603132754073,0.0829225201585039,0.021019986751456974,0.09954727183020587,0.019496202806682864,-0.08005106902352299,0.0016214648781834005,0.09242931888761494,0.0315224018618651,-0.06090691702574983,0.0009956163812970993
B0007,117,298,0.0892127614150119,0.018491375792094904,0.024469428962231688,0.016186147984973354,0.049277545346516766,0.0038845788915215706,0.009841344878528115,0.004069842224454389,0.070721385622917,0.06474333245278022,-0.005978053170136784,0.00230522780712155,0.045392966454995194,0.03943620046798865,-0.005956765987006544,-0.00018526333293281821
B0007,118,298,0.09143770566678458,0.017517322143948334,0.02591678060749027,0.025908473121480414,0.04938427524409699,0.00365545951928872,0.009485406985870193,0.004559427160246951,0.07392038352283625,0.06552092505929431,-0.008399458463541936,-0.00839115097753208,0.04572881572480827,0.0398988682582268,-0.005829947466581473,-0.0009039676409582308
B0007,119,302,0.09371201019013545,0.023549657560732153,0.03378992510958577,0.015458056930634463,0.049839494657772,0.0045019941623477165,0.013716965656605634,0.0039634071740712725,0.07016235262940329,0.05992208508054968,-0.010240267548853616,0.00809160063009769,0.04533750049542429,0.036122529001166366,-0.009214971494257918,0.0005385869882764439
B0007,120,302,0.07713389009941629,0.03801749204079876,0.044154881956793096,0.008171506441916792,0.0463706111638833,0.007942442270141577,0.015452931315194299,0.00438373576612714,0.03911639805861753,0.032979008142623195,-0.006137389915994336,0.02984598559888197,0.038428168893741725,0.030917679848689004,-0.007510489045052722,0.003558706504014437
B0007,121,300,0.09125854787312418,0.019994428989851893,0.03247841392121637,0.019454604885391885,0.049455108874609896,0.0037888705683208988,0.013875506218127866,0.003726594718741237,0.07126411888327229,0.05878013395190781,-0.012483984931364479,0.0005398241044600079,0.045666238306289,0.03557960265648203,-0.010086635649806967,6.227584957966192e-05
B0007,122,298,0.08494578768756654,0.012573948412952254,0.029256812612115785,0.027110890501454907,0.0489406915131651,0.003771209252204429,0.014136552128871544,0.00539574289273544,0.07237183927461428,0.05568897507545076,-0.01668286419916353,-0.014536942088502654,0.045169482260960674,0.03480413938429356,-0.010365342876667115,-0.0016245336405310107
B0007,123,297,0.08447800344325843,0.027821271650211244,0.03163837383079751,0.03192975446058284,0.04916890117938205,0.006360770585747915,0.015313011543706958,0.007351625222254055,0.056656731793047185,0.052839629612460914,-0.0038171021805862675,-0.004108482810371596,0.042808130593634135,0.033855889635675096,-0.008952240957959042,-0.0009908546365061397
B0007,124,296,0.08496209119944412,0.018996403889589387,0.02887941823715358,0.028231475172177594,0.04946298292971353,0.00620065553729272,0.015590139270864738,0.007616599586873433,0.06596568730985473,0.05608267296229054,-0.009883014347564192,-0.009235071282588207,0.04326232739242081,0.033872843658848795,-0.009389483733572018,-0.0014159440495807125
B0007,125,295,0.0827492093271941,0.026910528859793392,0.0319037536225621,0.02779325743610214,0.04930397131502424,0.007878216743530968,0.01705361849999463,0.008381651654967357,0.0558386804674007,0.050845455704631996,-0.004993224762768707,-0.0008827285763087465,0.04142575457149327,0.03225035281502961,-0.00917540175646366,-0.0005034349114363887
B0007,126,294,0.08250639532385587,0.02640360429198917,0.03179371354118536,0.027566758365739498,0.0495065836098554,0.00884433119826367,0.017861570343033227,0.009079848882980716,0.0561027910318667,0.05071268178267051,-0.005390109249196192,-0.0011631540737503283,0.04066225241159173,0.031645013266822175,-0.009017239144769557,-0.00023551768471704627
B0007,127,293,0.0823963203734144,0.02153993807972138,0.026399413648394265,0.032377653380564086,0.04997984605780254,0.01051437997542046,0.01673006621492658,0.012544860998281636,0.06085638229369303,0.05599690672502014,-0.004859475568672885,-0.010837715300842706,0.03946546608238208,0.033249779842875964,-0.006215686239506118,-0.0020304810228611754
B0007,128,293,0.09518287209802953,0.030264035712084733,0.032067098543141916,0.0404491805493312,0.05250926849901718,0.011584671477527867,0.018524680257244547,0.014041581775082277,0.0649188363859448,0.06311577355488762,-0.0018030628310571825,-0.010185144837246467,0.04092459702148931,0.03398458824177263,-0.006940008779716679,-0.0024569102975544096
B0007,129,292,0.08963419651594519,0.027635792263018443,0.034005407850300914,0.035613363427355035,0.051724676088420324,0.011298612451232544,0.020707429463876575,0.013242202079746627,0.06199840425292674,0.055628788665644274,-0.006369615587282471,-0.007977571164336592,0.04042606363718778,0.03101724662454375,-0.009408817012644032,-0.0019435896285140836
B0007,130,291,0.08450879100570102,0.023095210803939115,0.030961270877727286,0.03414214534113867,0.05114002386148026,0.012719898182050892,0.020261481882128025,0.014738278062281335,0.06141358020176191,0.05354752012797374,-0.007866060073788171,-0.011046934537199557,0.03842012567942937,0.030878541979352237,-0.007541583700077133,-0.002018379880230443
B0007,131,291,0.09389539925918895,0.033885687102922425,0.03755744320186528,0.03992517515316377,0.05313933700005593,0.01393172463866707,0.023116114171540185,0.015486647263358987,0.06000971215626653,0.056337956057323675,-0.003671756098942852,-0.0060394880502413414,0.03920761236138886,0.030023222828515744,-0.009184389532873115,-0.0015549226246919165
B0007,132,292,0.08534540997105859,0.028750816719111352,0.0458638901289262,0.034593683784589296,0.050957382825483066,0.011781790987420604,0.02690828907626038,0.012559421299133787,0.05659459325194724,0.03948151984213239,-0.017113073409814848,-0.005842867065477944,0.03917559183806246,0.024049093749222688,-0.015126498088839774,-0.0007776303117131827
B0007,133,294,0.08250873903453822,0.01759476220803382,0.05473416746133789,0.024831138138918154,0.04914882271356943,0.006824473296704834,0.028121823683609288,0.007803558127652386,0.0649139768265044,0.027774571573200325,-0.03713940525330407,-0.007236375930884335,0.042324349416864596,0.02102699902996014,-0.021297350386904453,-0.0009790848309475528
B0007,134,292,0.087201500358403,0.02560665228546218,0.0526465023275652,0.03069754298463693,0.05076607587817691,0.009422544299546136,0.029390469272512695,0.010157602993491036,0.06159484807294083,0.0345549980308378,-0.027039850042103023,-0.00509089069917475,0.04134353157863077,0.02137560660566421,-0.01996792497296656,-0.0007350586939449
B0007,135,291,0.09767758105758034,0.03694739738759994,0.05051532068973114,0.04480742394002376,0.05372187679477621,0.013562015140678138,0.029852260916383485,0.015426564194907986,0.060730183669980405,0.0471622603678492,-0.013567923302131205,-0.007860026552423821,0.04015986165409807,0.023869615878392727,-0.01629024577570535,-0.0018645490542298481
B0007,136,290,0.09903635430777963,0.039852631852530795,0.05023362027628707,0.04928482008706593,0.05491235965750535,0.01605950485768741,0.03116753704514066,0.018582355449229086,0.05918372245524883,0.04880273403149256,-0.010380988423756274,-0.009432188234535135,0.03885285479981794,0.02374482261236469,-0.015108032187453251,-0.002522850591541677
B0007,137,289,0.08544585165093153,0.023794726368375183,0.05095976398813819,0.029480900734398827,0.0519361714036024,0.013466342545361883,0.03145845087753385,0.014700633732350714,0.061651125282556354,0.03448608766279335,-0.027165037619763004,-0.005686174366023644,0.03846982885824052,0.020477720526068548,-0.017992108332171967,-0.0012342911869888309
B0007,138,289,0.09093160426379188,0.03128400438471044,0.05721238367741578,0.030631888158702693,0.05259226117860264,0.013076350807056356,0.033874118488168625,0.013278052895254931,0.059647599879081435,0.033719220586376095,-0.02592837929270534,0.0006521162260077484,0.03951591037154628,0.018718142690434016,-0.02079776768111227,-0.00020170208819857496
B0007,139,288,0.0900992990935187,0.033843592488200805,0.059301683300023646,0.0364682381535612,0.053144772237462036,0.014977366684720939,0.03548120231640587,0.015460665238262719,0.056255706605317896,0.030797615793495055,-0.02545809081182284,-0.0026246456653603936,0.0381674055527411,0.017663569921056166,-0.02050383563168493,-0.0004832985535417802
B0007,140,287,0.09443552629050234,0.03356804228090201,0.05695407036945852,0.04379651783601138,0.05510235451959508,0.01718108969106257,0.035939643017502916,0.0191979762165366,0.06086748400960033,0.037481455921043814,-0.023386028088556512,-0.010228475555109369,0.03792126482853252,0.019162711502092165,-0.018758553326440348,-0.0020168865254740313
B0007,141,286,0.0912834811726442,0.03185363953442433,0.05916120953477474,0.040745458437984335,0.05533263067396647,0.018012907118430035,0.03783684933844104,0.020059441950384484,0.05942984163821988,0.032122271637869466,-0.02730757000035041,-0.008891818903560007,0.037319723555536435,0.01749578133552543,-0.019823942220011003,-0.002046534831954449
B0007,142,286,0.09127674826417519,0.028748971742759307,0.06259845482852867,0.03627079917030091,0.0546433435820517,0.016260573700827955,0.03908210343462436,0.01786296960264677,0.06252777652141588,0.028678293435646512,-0.033849483085769363,-0.007521827427541605,0.038382769881223744,0.015561240147427345,-0.022821529733796402,-0.0016023959018188136
B0007,143,285,0.08724051335918691,0.027282176922345844,0.06525653358313036,0.03478519585431497,0.05393674328871329,0.016292382102719778,0.040472878360751655,0.017668782046042504,0.059958336436841064,0.021983979776056553,-0.03797435666078451,-0.007503018931969127,0.03764436118599351,0.013463864927961637,-0.024180496258031876,-0.0013763999433227259
B0007,144,285,0.1029563995654041,0.03763781861192328,0.06421658935907024,0.04898598211770953,0.05833503956252447,0.02066256240012844,0.04076106198641363,0.023037180815652224,0.06531858095348082,0.038739810206333866,-0.026578770747146957,-0.011348163505786248,0.03767247716239603,0.017573977576110837,-0.020098499586285193,-0.002374618415523784
B0007,145,284,0.10334660858394698,0.03919789967755974,0.06515215722759249,0.04943822578510311,0.06035013454608653,0.02323438747767661,0.042537069712787735,0.02549329044770025,0.06414870890638724,0.03819445135635449,-0.02595425755003275,-0.010240326107543371,0.03711574706840992,0.017813064833298795,-0.019302682235111127,-0.0022589029700236414
B0007,146,283,0.09464364055051476,0.035541911818378576,0.06865037362481978,0.04427239811914609,0.05897790198036959,0.022402222817060873,0.04451708556839216,0.02442483094538194,0.059101728732136184,0.02599326692569498,-0.033108461806441204,-0.008730486300767518,0.036575679163308714,0.014460816411977433,-0.022114862751331284,-0.0020226081283210677
B0007,147,283,0.09881841388551782,0.03657957721144885,0.07054153974431625,0.04549180135249602,0.05888957022821275,0.02127397024455778,0.044911264823383514,0.023167323739474274,0.06223883667406897,0.02827687414120157,-0.0339619625328674,-0.00891222414104717,0.03761559998365497,0.013978305404829236,-0.023637294578825734,-0.0018933534949164936
B0007,148,283,0.10312165499022337,0.04075437545509257,0.07326320709332887,0.04915408400498845,0.06002218769274045,0.02285337680607718,0.046063289120936095,0.024673349873477177,0.0623672795351308,0.0298584478968945,-0.0325088316382363,-0.008399708549895878,0.037168810886663274,0.013958898571804358,-0.023209912314858916,-0.0018199730673999978
B0007,149,284,0.10657652730929142,0.0426589122874,0.0781968346759304,0.056702405141050585,0.06365822794349385,0.026301124397649964,0.04994147587251389,0.029306168691514315,0.06391761502189142,0.028379692633361014,-0.0355379223885304,-0.014043492853650585,0.03735710354584389,0.013716752070979964,-0.023640351474863923,-0.0030050442938643514
B0007,150,288,0.08494065984497207,0.020823683905157486,0.10530774005373586,0.0327487262266306,0.052447760190931295,0.01354746177557129,0.05381288953987383,0.016020613103759962,0.06411697593981458,-0.020367080208763794,-0.08448405614857837,-0.011925042321473116,0.03890029841536,-0.0013651293489425342,-0.04026542776430254,-0.0024731513281886722
B0007,151,286,0.0980222866369791,0.03623051349666507,0.09760817316630957,0.04478723135383074,0.056362527566840515,0.018006094961835445,0.052699048882197966,0.01986197743387273,0.061791773140314026,0.00041411347066952486,-0.0613776596696445,-0.00855671785716567,0.03835643260500507,0.0036634786846425488,-0.03469295392036252,-0.001855882472037284
B0007,152,284,0.08808267394924559,0.03133265703732538,0.09419184787348248,0.03929392318797397,0.05576133226819512,0.019450692907012394,0.052269862026368206,0.021744750145087803,0.056750016911920206,-0.006109173924236891,-0.0628591908361571,-0.007961266150648592,0.03631063936118273,0.003491470241826916,-0.03281916911935581,-0.0022940572380754087
B0007,153,283,0.08969467326688765,0.028654399113710267,0.09446081261948397,0.03875955090108542,0.05709588841110713,0.020644871861778914,0.05289979345385506,0.02301275899086172,0.061040274153177386,-0.004766139352596316,-0.06580641350577371,-0.010105151787375151,0.03645101654932822,0.004196094957252074,-0.032254921592076144,-0.002367887129082806
B0007,154,282,0.0909252692725046,0.032382610600378135,0.09743566402711605,0.04017986136640362,0.057801874706325265,0.020767579006483364,0.05494604034792646,0.022676842356222082,0.05854265867212647,-0.0065103947546114455,-0.06505305342673792,-0.007797250766025485,0.0370342956998419,0.0028558343583988052,-0.034178461341443096,-0.0019092633497387185
B0007,155,282,0.10596718073930493,0.042079844164179155,0.0952403238563641,0.05580844897605879,0.06218691527254385,0.024579769357611865,0.054472061175784604,0.0275062823297431,0.06388733657512577,0.010726856882940825,-0.05316047969218495,-0.013728604811879638,0.037607145914931986,0.007714854096759247,-0.02989229181817274,-0.002926512972131236
B0007,156,281,0.09433349565041246,0.03376386830321852,0.10087598137929857,0.0422729285965339,0.05967223449209495,0.02203850102207986,0.05673123879087117,0.024399699871030335,0.06056962734719394,-0.006542485728886105,-0.06711211307608005,-0.008509060293315378,0.03763373347001509,0.0029409957012237822,-0.03469273776879131,-0.0023611988489504743
B0007,157,280,0.09224538654295761,0.03316660158070625,0.09825280280783158,0.04199422995098742,0.06093877733828553,0.024565314471967505,0.055984476400041984,0.027004622045283703,0.05907878496225136,-0.0060074162648739715,-0.06508620122712533,-0.00882762837028117,0.036373462866318026,0.004954300938243547,-0.03141916192807448,-0.0024393075733161983
B0007,158,280,0.10353440813586695,0.042024959881562546,0.10094369687547372,0.0521571703842811,0.06353580030445914,0.026158093814398226,0.05754708174617821,0.02845545280661353,0.061509448254304405,0.0025907112603932303,-0.058918736993911175,-0.010132210502718557,0.03737770649006092,0.005988718558280932,-0.03138898793177998,-0.0022973589922153023
B0007,159,279,0.09308720143384669,0.03415372315749325,0.10748611405853636,0.041503707099813256,0.06087847109831844,0.02380350914928394,0.06018255580210078,0.025932786621295417,0.05893347827635344,-0.014398912624689675,-0.07333239090104311,-0.007349983942320004,0.0370749619490345,0.0006959152962176599,-0.03637904665281684,-0.0021292774720114774
B0007,160,279,0.10746638038872675,0.0443588786876511,0.10470911165732444,0.056922274284757525,0.06512460569508575,0.027560917160660624,0.05951785383822668,0.029998591547093126,0.06310750170107565,0.002757268731402307,-0.06035023296967334,-0.012563395597106425,0.03756368853442513,0.005606751856859077,-0.03195693667756605,-0.0024376743864325014
B0007,161,278,0.09496003983697296,0.03558295388105454,0.11257299349299965,0.04375805717777692,0.06229584788818821,0.02540897161009389,0.06277065012128824,0.027044801835798975,0.05937708595591842,-0.017612953656026692,-0.07699003961194512,-0.008175103296722379,0.036886876278094324,-0.0004748022331000287,-0.037361678511194346,-0.0016358302257050844
B0007,162,278,0.1068406204043612,0.04351260605468153,0.10913791877391774,0.05656063183471225,0.0662364671210795,0.028382101474831906,0.062019309785955934,0.03129839053869253,0.06332801434967966,-0.0022972983695565413,-0.0656253127192362,-0.013048025780030718,0.0378543656462476,0.004217157335123567,-0.03363720831112403,-0.002916289063860624
B0007,163,277,0.09751113575306822,0.04068841531704442,0.11546762140765107,0.047204608240665906,0.06412423686846347,0.027480730000137444,0.06474220710165161,0.028889173005034567,0.0568227204360238,-0.017956485654582854,-0.07477920609060665,-0.006516192923621489,0.03664350686832603,-0.0006179702331881448,-0.03726147710151417,-0.0014084430048971232
B0007,164,277,0.10723754914135719,0.0418216916844816,0.11716964988497708,0.05052157274140518,0.0670754362142519,0.029279180352262207,0.06557429879111919,0.031202788784059687,0.06541585745687559,-0.009932100743619887,-0.07534795820049547,-0.008699881056923583,0.03779625586198969,0.001501137423132709,-0.03629511843885698,-0.00192360843179748
B0007,165,276,0.09621002589908131,0.03882591958833028,0.12318876780812475,0.04471199743919862,0.06453223993965079,0.02784313961086349,0.0683586732064061,0.02930083135488137,0.05738410631075103,-0.02697874190904344,-0.08436284821979448,-0.005886077850868338,0.036689100328787305,-0.0038264332667553025,-0.04051553359554261,-0.001457691744017879
B0007,166,280,0.10453640095471198,0.03624508143218777,0.140171730897041,0.049685497973928,0.06271614924912157,0.02445508425213173,0.07344547886583153,0.027031329086487872,0.06829131952252421,-0.035635329942329014,-0.10392664946485322,-0.013440416541740233,0.038261064996989835,-0.010729329616709957,-0.04899039461369979,-0.0025762448343561416
B0007,167,282,0.08845276947061673,0.030277283732706467,0.16543093499561176,0.037462355499883054,0.05464811857501915,0.01585018735662463,0.08326103851594227,0.01707562643574316,0.05817548573791026,-0.07697816552499503,-0.1351536512629053,-0.007185071767176587,0.03879793121839452,-0.028612919940923118,-0.06741085115931764,-0.0012254390791185295
B0018,92,205,0.07948101235499128,0.01505670357836908,0.01857463000366477,0.012633073614934058,0.04989902749686348,0.0035817681040818455,0.00499076718351716,0.0038556011893339133,0.0644243087766222,0.060906382351326505,-0.003517926425295692,0.002423629963435021,0.04631725939278163,0.04490826031334632,-0.0014089990794353144,-0.0002738330852520678
B0018,93,204,0.08126459009148321,0.01568712392586647,0.019714430593500875,0.012463217139457838,0.051438674814114564,0.0038143173682981552,0.004967104267560068,0.004270704726744887,0.06557746616561674,0.06155015949798233,-0.004027306667634404,0.003223906786408633,0.04762435744581641,0.0464715705465545,-0.0011527868992619126,-0.00045638735844673144
B0018,94,202,0.08781371647191918,0.021165040974204373,0.02483782471948738,0.016669662275330576,0.057992739821730026,0.00903694589349592,0.007854453262517358,0.00930514822969661,0.0666486754977148,0.0629758917524318,-0.003672783745283008,0.004495378698873797,0.048955793928234105,0.050138286559212666,0.001182492630978563,-0.0002682023362006892
B0018,95,202,0.08554340132749265,0.017602169343664188,0.022577552527812034,0.01517315222300451,0.055995211860279025,0.007311090926214566,0.006274888847485927,0.00793183166681882,0.06794123198382845,0.06296584879968062,-0.004975383184147846,0.0024290171206596788,0.04868412093406446,0.0497203230127931,0.001036202078728639,-0.0006207407406042531
B0018,96,200,0.08591997640958281,0.01845118262907741,0.023267485531231768,0.015474180830727376,0.05829890534189039,0.009020786281281303,0.007703712021363094,0.009723255356469672,0.0674687937805054,0.06265249087835104,-0.004816302902154356,0.0029770017983500353,0.04927811906060908,0.050595193320527296,0.001317074259918209,-0.0007024690751883684
B0018,97,198,0.08070098695150395,0.016089470134918998,0.017130713374867892,0.016315384914208086,0.05960166088882816,0.011608227316133321,0.008620634208103349,0.012297441078512383,0.06461151681658495,0.06357027357663605,-0.0010412432399488948,-0.0002259147792890888,0.04799343357269484,0.05098102668072481,0.0029875931080299723,-0.0006892137623790619
B0018,98,196,0.08088638928569541,0.015527497560744183,0.017287744676262304,0.01721051501848534,0.060017988530446695,0.011740080250126456,0.008540337525420839,0.012697131647099397,0.06535889172495123,0.06359864460943311,-0.0017602471155181206,-0.0016830174577411577,0.04827790828032024,0.051477651005025854,0.003199742724705617,-0.0009570513969729411
B0018,99,194,0.08543410735889968,0.01919328421002153,0.022754853803691483,0.0214615386228253,0.06234810635149686,0.012930257733626669,0.010934622984717373,0.014273492298604584,0.06624082314887815,0.0626792535552082,-0.003561569593669954,-0.002268254412803771,0.04941784861787019,0.051413483366779485,0.0019956347489092953,-0.0013432345649779156
B0018,100,195,0.08209830745235916,0.01646396805000362,0.017621525420897465,0.018511273491914212,0.06220706692202249,0.013709384791391107,0.009605126503316333,0.014606927670926008,0.06563433940235554,0.06447678203146169,-0.001157557370893847,-0.002047305441910594,0.04849768213063138,0.05260194041870616,0.004104258288074774,-0.0008975428795349009
B0018,101,194,0.09254899585805423,0.024497238962679076,0.03010951856289095,0.023608789633320196,0.06667216226716413,0.01645118381809144,0.013022896856536388,0.01722961822626651,0.06805175689537515,0.06243947729516328,-0.0056122796002118745,0.0008884493293588799,0.050220978449072695,0.05364926541062774,0.0034282869615550517,-0.0007784344081750716
B0018,102,193,0.0866929995972597,0.02101615287348614,0.0229241259103388,0.02182480049921235,0.06606648493780569,0.017090992213983445,0.011956665785928564,0.01799999946581799,0.06567684672377357,0.06376887368692091,-0.0019079730368526601,-0.0008086476257262096,0.04897549272382225,0.054109819151877125,0.005134326428054881,-0.0009090072518345461
B0018,103,192,0.08572831865409558,0.020813477695908203,0.022102951165663316,0.02263386380050617,0.06632275384231667,0.017355476989822,0.012029585209998375,0.018402901349003447,0.06491484095818738,0.06362536748843227,-0.0012894734697551126,-0.001820386104597966,0.048967276852494676,0.0542931686323183,0.005325891779823625,-0.0010474243591814467
B0018,104,191,0.09264992024909768,0.025702506853155286,0.030872447672845426,0.02707440679644665,0.06959263598037065,0.019469012286133864,0.015500403597172835,0.020779771175502622,0.0669474133959424,0.061777472576252254,-0.00516994081969014,-0.0013718999432913645,0.050123623694236785,0.05409223238319781,0.003968608688961029,-0.0013107588893687579
B0018,105,204,0.07039705989515835,0.010234064340923388,0.019956523587249805,0.015464760087664595,0.043958635709047386,0.0052497177785377006,0.013420549230040924,0.008373848022957538,0.06016299555423496,0.05044053630790854,-0.009722459246326417,-0.0052306957467412075,0.038708917930509686,0.030538086479006462,-0.008170831451503224,-0.003124130244419838
B0018,106,202,0.07243568491206569,0.011689066179020406,0.021694584190482712,0.012474268276913938,0.04401302889592486,0.00740883820869687,0.01535316215794932,0.007405735539386499,0.06074661873304528,0.05074110072158297,-0.010005518011462307,-0.0007852020978935323,0.03660419068722799,0.028659866737975537,-0.00794432394925245,3.1026693103706343e-06
B0018,107,200,0.07105907311465084,0.011059908923328532,0.02258420739579141,0.010349592306243847,0.04395206395144598,0.007500505740769885,0.016096522235617756,0.006918556165331098,0.05999916419132231,0.048474865718859436,-0.011524298472462877,0.0007103166170846845,0.03645155821067609,0.02785554171582822,-0.008596016494847872,0.0005819495754387869
B0018,108,188,0.07319744661510626,0.010157082013042945,0.02192103746129345,0.009304766886737762,0.04578468282650183,0.005047345854397585,0.013873765523012421,0.0045121543928740016,0.06304036460206332,0.051276409153812805,-0.011763955448250504,0.0008523151263051826,0.04073733697210425,0.03191091730348941,-0.008826419668614836,0.0005351914615235832
B0018,109,196,0.07429321744388427,0.009102089666845852,0.019611117627560348,0.009017915546044922,0.04942284014434615,0.0044462787256930566,0.010663675667119355,0.00440435732694956,0.06519112777703842,0.05468209981632392,-0.010509027960714496,8.417412080092938e-05,0.04497656141865309,0.03875916447722679,-0.006217396941426299,4.1921398743496874e-05
B0018,110,185,0.0788002673811189,0.013086556961003989,0.020909276132378998,0.012500583894758565,0.051924494970313886,0.005312040542238525,0.010995712271325675,0.005029174968786775,0.06571371042011491,0.05789099124873989,-0.007822719171375008,0.0005859730662454241,0.046612454428075364,0.04092878269898821,-0.0056836717290871495,0.0002828655734517507
B0018,111,193,0.07625037908816264,0.012763823249197268,0.020122791288795697,0.012320475726025367,0.05321224604867607,0.006727736898669451,0.011093738573981115,0.006619955072315095,0.06348655583896537,0.05612758779936694,-0.007358968039598429,0.0004433475231719001,0.04648450915000662,0.04211850747469495,-0.004366001675311664,0.00010778182635435597
B0018,112,193,0.08215603166303533,0.01707538201573542,0.02953980188790958,0.01420699136603393,0.05178178974157605,0.006243656561412679,0.01479130479109865,0.006216970967760426,0.0650806496472999,0.05261622977512574,-0.01246441987217416,0.0028683906497014907,0.04553813318016337,0.0369904849504774,-0.008547648229685971,2.6685593652252607e-05
B0018,113,192,0.08019064342695968,0.017770167082739253,0.03048385580904246,0.019136837899900973,0.05051172879009818,0.00654482059490584,0.016213229989313717,0.007089757596892542,0.06242047634422043,0.04970678761791722,-0.012713688726303206,-0.0013666708171617206,0.04396690819519234,0.03429849880078446,-0.009668409394407877,-0.0005449370019867021
B0018,114,190,0.07915618821282351,0.013033006294513575,0.02279920118434319,0.0145030173723728,0.05599363864858671,0.008338789541120899,0.013167178159642441,0.009160382086530387,0.06612318191830993,0.05635698702848032,-0.009766194889829617,-0.0014700110778592245,0.04765484910746581,0.04282646048894427,-0.0048283886185215424,-0.0008215925454094879
B0018,115,191,0.08809003933202891,0.01887508401406325,0.03144799831727316,0.014457817261005342,0.05770770917714939,0.008333633863230041,0.0166712919199083,0.008251570520649246,0.06921495531796566,0.056642041014755756,-0.012572914303209906,0.004417266753057909,0.049374075313919345,0.04103641725724109,-0.008337658056678259,8.20633425807956e-05
B0018,116,188,0.08394780272348648,0.016807185483878894,0.02407688066702205,0.01671048701858268,0.06251460861587282,0.013380932259740592,0.015444215742528215,0.013846990228974237,0.06714061723960758,0.05987092205646443,-0.0072696951831431565,9.669846529621398e-05,0.049133676356132236,0.04707039287334461,-0.002063283482787623,-0.00046605796923364536
B0018,117,187,0.09200971404407422,0.02329200426806956,0.03268114757932504,0.022166439418462455,0.06599489507975828,0.01564725904164339,0.018620572487692232,0.015739156402255112,0.06871770977600467,0.05932856646474918,-0.009389143311255479,0.001125564849607106,0.05034763603811489,0.047374322592066045,-0.002973313446048842,-9.189736061172155e-05
B0018,118,186,0.09297744622575364,0.0261072165683543,0.03329046871610206,0.026987751288023786,0.06818399743079874,0.018045496005703203,0.020043591007059946,0.017889194772650534,0.06687022965739935,0.05968697750965158,-0.007183252147747763,-0.000880534719669486,0.05013850142509554,0.04814040642373879,-0.001998095001356743,0.0001563012330526685
B0018,119,180,0.09515058344662375,0.029833083388295725,0.034415310026471344,0.029532149458760287,0.07315849595567792,0.023423791152387956,0.022278378249481555,0.021987694573577663,0.06531750005832802,0.060735273420152405,-0.004582226638175618,0.00030093392953543796,0.04973470480328996,0.05088011770619636,0.0011454129029064009,0.0014360965788102927
B0018,120,193,0.07620366943536093,0.008763409389044907,0.029584504414466205,0.014236457539866455,0.04931975084423314,0.004149355859746732,0.01986245472243181,0.0056675440733484446,0.06744026004631602,0.04661916502089472,-0.0208210950254213,-0.005473048150821547,0.045170394984486405,0.029457296121801327,-0.015713098862685078,-0.0015181882136017129
B0018,121,190,0.07794702169360922,0.013097583590161738,0.029429665323430616,0.01335897255192752,0.051432449292499155,0.005901716568085359,0.018969176824941408,0.005844126548682109,0.06484943810344748,0.0485173563701786,-0.016332081733268878,-0.00026138896176578115,0.0455307327244138,0.032463272467557744,-0.01306746025685605,5.7590019403249565e-05
B0018,122,189,0.08410734975904942,0.018777339547073918,0.036753465446334864,0.019410964453566503,0.05282296592847762,0.007151160345287836,0.022374606697407325,0.007236222477852994,0.0653300102119755,0.047353884312714555,-0.017976125899260946,-0.0006336249064925852,0.045671805583189784,0.030448359231070296,-0.015223446352119488,-8.506213256515797e-05
B0018,123,187,0.07918588107550337,0.01238258819221333,0.029983879933257913,0.014147546036743843,0.05538781966408356,0.007899994693471434,0.020492440418433917,0.008253400987674001,0.06680329288329004,0.049202001142245454,-0.017601291741044585,-0.0017649578445305125,0.04748782497061212,0.034895379245649644,-0.012592445724962483,-0.0003534062942025674
B0018,124,185,0.0847220453520077,0.02013553714541821,0.035610140037181985,0.020671255454150283,0.059069767094873486,0.011290555497132707,0.02293046411115204,0.011127885464034487,0.06458650820658948,0.04911190531482571,-0.015474602891763774,-0.0005357183087320722,0.047779211597740776,0.03613930298372145,-0.011639908614019333,0.00016267003309822052
B0018,125,185,0.08257629745967253,0.01560756657204114,0.030953575021688603,0.01563941920295711,0.06014578942045002,0.011348751078334919,0.0222520179578369,0.011329003583283013,0.06696873088763139,0.05162272243798392,-0.015346008449647463,-3.1852630915971125e-05,0.0487970383421151,0.03789377146261312,-0.01090326687950198,1.9747495051906233e-05
B0018,126,184,0.09144165704745069,0.022296131103935538,0.03996807063989844,0.01867079437767425,0.0608588617735311,0.011480332204736954,0.024867886587456523,0.01141818400304082,0.06914552594351515,0.05147358640755225,-0.017671939535962904,0.003625336726261287,0.04937852956879415,0.03599097518607458,-0.013387554382719569,6.214820169613347e-05
B0018,127,183,0.08703026688452092,0.021974113609174544,0.04019347902669295,0.021740485509515017,0.058033684476448584,0.010590124871673186,0.025801531842502175,0.011597661799701347,0.06505615327534638,0.04683678785782797,-0.018219365417518407,0.00023362809965952677,0.0474435596047754,0.03223215263394641,-0.015211406970828989,-0.0010075369280281611
B0018,128,182,0.07846781573481673,0.014148428241631157,0.034497306034108055,0.017362055586753758,0.05690471318847908,0.009917827591521385,0.024787102490974215,0.010749299547553104,0.06431938749318558,0.043970509700708676,-0.020348877792476898,-0.003213627345122601,0.0469868855969577,0.032117610697504864,-0.01486927489945283,-0.0008314719560317194
B0018,129,180,0.08961441980014295,0.024455413699656217,0.035611458897933324,0.023913605718242498,0.0664896901970856,0.017363964021374422,0.0248042125963979,0.018350460937587704,0.06515900610048674,0.05400296090220963,-0.011156045198277106,0.0005418079814137194,0.049125726175711176,0.041685477600687706,-0.007440248575023477,-0.0009864969162132822
B0018,130,181,0.09676698600242009,0.028415634658158623,0.04401471406011609,0.02406200301194303,0.06640374817032633,0.015994382349523887,0.02869211433558528,0.01616811647454491,0.06835135134426147,0.052752271942304,-0.015599079401957466,0.004353631646215595,0.05040936582080245,0.037711633834741055,-0.012697731986061393,-0.0001737341250210231
B0018,131,179,0.09254809424218491,0.02676022263242033,0.042127330322347493,0.023555651353635673,0.06807507534800922,0.018387618676117178,0.02960848787831658,0.018445724361589467,0.06578787160976457,0.050420763919837415,-0.015367107689927162,0.0032045712787846584,0.04968745667189204,0.03846658746969264,-0.011220869202199401,-5.810568547228931e-05
B0025,19,299,0.1038560016029316,0.028473893755639072,0.026592849804964243,0.0345788403137946,0.048716497023560616,0.005115910353468361,0.011948718530678033,0.006371893806392925,0.07538210784729252,0.07726315179796736,0.0018810439506748294,-0.006104946558155529,0.043600586670092256,0.03676777849288258,-0.006832808177209672,-0.0012559834529245638
B0025,20,297,0.10339111914077474,0.03448287044744424,0.030474449705278458,0.044732519594125254,0.04855600361921934,0.005982110013237567,0.016305106100545058,0.007962386699128651,0.06890824869333051,0.07291666943549628,0.004008420742165782,-0.010249649146681014,0.04257389360598177,0.032250897518674285,-0.010322996087307492,-0.001980276685891084
B0025,21,295,0.09883605716433319,0.03029227981225151,0.035014954422074605,0.044589039247661374,0.047893079008736204,0.006723024418765974,0.022857032468367823,0.008637486915464046,0.06854377735208168,0.06382110274225858,-0.004722674609823094,-0.014296759435409864,0.04117005458997023,0.02503604654036838,-0.01613400804960185,-0.001914462496698072
B0025,22,293,0.08190330377075532,0.012669414390889313,0.041496998615654555,0.028913794408221,0.04430542816376865,0.006121365376833711,0.030112384037991862,0.00917875792926597,0.069233889379866,0.04040630515510076,-0.028827584224765244,-0.016244380017331687,0.03818406278693494,0.01419304412577679,-0.023991018661158152,-0.0030573925524322596
B0025,23,291,0.0943645588370775,0.028761378526110534,0.05353208337717657,0.04534516948719687,0.04754456014889544,0.006953342192660231,0.04055955861938902,0.010214716698983235,0.06560318031096697,0.04083247545990094,-0.024770704851066035,-0.016583790961086337,0.04059121795623521,0.0069850015295064155,-0.03360621642672879,-0.0032613745063230035
B0025,24,289,0.08561921767164152,0.017757924331079703,0.06021813044165445,0.0321064196008396,0.04479940403537021,0.005669381402236889,0.047743976161281176,0.008284457348737107,0.06786129334056182,0.025401087229987067,-0.042460206110574744,-0.014348495269759894,0.03913002263313332,-0.0029445721259109686,-0.042074594759044286,-0.002615075946500218
B0025,25,287,0.08097858258441915,0.019583585297619777,0.07200349131378071,0.03350412461557359,0.04426712306248479,0.005747237991615502,0.05769322778881467,0.008264429140380964,0.06139499728679937,0.008975091270638433,-0.052419906016160936,-0.013920539317953812,0.038519885070869286,-0.013426104726329886,-0.05194598979719917,-0.002517191148765462
B0025,26,285,0.07462469382384433,0.03227186146523811,0.08402941836616394,0.035164310192932535,0.04347032278044834,0.007597705008439383,0.06773194628102669,0.009086263472499632,0.04235283235860622,-0.009404724542319609,-0.05175755690092583,-0.0028924487276944244,0.03587261777200895,-0.024261623500578353,-0.060134241272587305,-0.0014885584640602495
B0025,27,281,0.07836225756673565,0.021773643375420544,0.09230549823204463,0.032408257347176846,0.04392701509422826,0.012211434409308037,0.08016901847817375,0.012759050263200386,0.056588614191315105,-0.013943240665308984,-0.07053185485662408,-0.010634613971756302,0.03171558068492022,-0.03624200338394549,-0.0679575840688657,-0.0005476158538923488
B0026,19,297,0.08837950844536882,0.010277572020030521,0.05500605299626248,0.009828040828594772,0.04551885258982803,0.004310525409401053,0.016791743728006653,0.004150853846742581,0.0781019364253383,0.03337345544910634,-0.04472848097623196,0.00044953119143574874,0.04120832718042698,0.02872710886182138,-0.012481218318605599,0.00015967156265847202
B0026,20,295,0.0839343345897229,0.01859408080794965,0.05896268146145794,0.022121569557330016,0.04348456068536345,0.006214590733308087,0.01992181819465913,0.006570547252844213,0.06534025378177324,0.024971653128264958,-0.04036860065350829,-0.0035274887493803656,0.037269969952055365,0.023562742490704322,-0.013707227461351043,-0.0003559565195361261
B0026,21,291,0.06654672386041927,0.016253732868354607,0.04668679538203558,0.013878835565673344,0.04103266666080042,0.0039120123099772135,0.023456185648268187,0.003978719997670651,0.05029299099206466,0.019859928478383686,-0.030433062513680973,0.002374897302681263,0.03712065435082321,0.01757648101253223,-0.019544173338290973,-6.670768769343784e-05
B0026,22,291,0.06670439734476538,0.022108086627585743,0.04935627639121506,0.027709691519662946,0.04115415160683977,0.00578764171692323,0.02965767357162484,0.010149058018416882,0.044596310717179635,0.017348120953550324,-0.027248189763629315,-0.005601604892077203,0.03536650988991654,0.011496478035214933,-0.02387003185470161,-0.004361416301493652
B0026,23,289,0.08892766573532829,0.0332072400196011,0.07377924551849666,0.03776201590665709,0.045461870243882915,0.007026862749662497,0.03761696782001386,0.012108152952862232,0.05572042571572719,0.015148420216831632,-0.04057200549889556,-0.004554775887055995,0.03843500749422042,0.007844902423869059,-0.03059010507035136,-0.005081290203199735
B0026,24,287,0.09360833769325065,0.04002353305285244,0.08121182531616832,0.04225244155969708,0.045637244825081864,0.007756181420827934,0.04345905774787141,0.012257987444563384,0.05358480464039821,0.012396512377082336,-0.04118829226331588,-0.0022289085068446443,0.03788106340425393,0.0021781870772104514,-0.03570287632704348,-0.00450180602373545
B0026,25,285,0.08846146654472897,0.04127993034506149,0.08075975971413926,0.04411464469223802,0.04344877263369312,0.009300212664839262,0.048043887105079744,0.012863770493444537,0.04718153619966748,0.007701706830589711,-0.03947982936907777,-0.0028347143471765257,0.03414855996885386,-0.0045951144713866215,-0.03874367444024048,-0.003563557828605275
B0026,26,283,0.088222540576806,0.03608607490879518,0.08469185312638829,0.03801907726485357,0.043208550441636004,0.009059780173706357,0.05358367411835719,0.012113587539248771,0.05213646566801081,0.0035306874504177077,-0.048605778217593106,-0.0019330023560583873,0.034148770267929646,-0.010375123676721186,-0.04452389394465083,-0.0030538073655424144
B0026,27,281,0.07056575339082054,0.03726892032728531,0.07622688587300461,0.03655907219848955,0.0407731607763981,0.01029420217847707,0.058824833001378654,0.009173924284132128,0.03329683306353523,-0.00566113248218407,-0.0389579655457193,0.0007098481287957578,0.030478958597921033,-0.018051672224980553,-0.048530630822901585,0.001120277894344943
B0027,19,303,0.04369273446840448,0.009099717672689436,0.017553664526294893,0.008710551830288118,0.02581074876846895,0.004516954346090749,0.01231415964221321,0.004454843072249525,0.03459301679571504,0.026139069942109586,-0.008453946853605458,0.00038916584240131745,0.0212937944223782,0.01349658912625574,-0.0077972052961224605,6.211127384122411e-05
B0027,20,301,0.044808382905435845,0.014693232041944136,0.028653026585846543,0.014979805200149682,0.025545777944041295,0.007100752530690971,0.021134758660667143,0.00713763060907178,0.03011515086349171,0.016155356319589302,-0.013959794543902407,-0.0002865731582055459,0.018445025413350323,0.004411019283374153,-0.01403400612997617,-3.6878078380808525e-05
B0027,21,299,0.04091032924758142,0.013015620256958233,0.03737944858293558,0.012787290463810977,0.025087989499747967,0.00808664746192714,0.028138241348643022,0.007833598081172363,0.027894708990623192,0.0035308806646458454,-0.024363828325977346,0.00022832979314725554,0.017001342037820825,-0.0030502518488950553,-0.02005159388671588,0.00025304938075477665
B0027,22,297,0.037193865836493326,0.01482395104131094,0.0476679530129113,0.017431358092015955,0.024273566690265057,0.011285554007020384,0.035202363561505426,0.012643916564682674,0.022369914795182386,-0.010474087176417977,-0.03284400197160037,-0.0026074070507050157,0.012988012683244673,-0.010928796871240369,-0.023916809554485042,-0.0013583625576622897
B0027,23,295,0.03995579557823018,0.014632834467254538,0.056349502273557096,0.01692468863737198,0.024982299402250267,0.009538182969509612,0.04092271533962981,0.01076702155575386,0.025322961110975643,-0.016393706695326915,-0.04171666780630256,-0.0022918541701174404,0.015444116432740655,-0.01594041593737954,-0.0313845323701202,-0.001228838586244247
B0027,24,293,0.038902769775917195,0.016795510388968676,0.06533138547360128,0.018543394236396945,0.024587592221335657,0.010605699225789076,0.04834469053757009,0.011473288728383496,0.02210725938694852,-0.02642861569768408,-0.0485358750846326,-0.0017478838474282686,0.01398189299554658,-0.023757098316234432,-0.03773899131178101,-0.0008675895025944194
B0027,25,291,0.036606815571082155,0.01587039454431453,0.07366048920477702,0.018294011250748487,0.023723346897627853,0.011392977016458049,0.05586295551053467,0.01249422845191661,0.020736421026767624,-0.03705367363369487,-0.05779009466046249,-0.0024236167064339564,0.012330369881169805,-0.032139608612906816,-0.04446997849407662,-0.0011012514354585608
B0027,26,291,0.04405665450506464,0.021031824536669515,0.08364944431451471,0.02391582788971833,0.02549408580774755,0.013081815774852477,0.06541809971243824,0.01422048456991855,0.02302482996839512,-0.03959278980945007,-0.06261761977784519,-0.0028840033530488154,0.012412270032895072,-0.03992401390469069,-0.05233628393758576,-0.0011386687950660727
B0027,27,287,0.04482444217726078,0.026791247781417334,0.09824710203743696,0.02899475979730255,0.02821586918161071,0.01800070415755623,0.07988331030459973,0.019193491661278404,0.018033194395843447,-0.05342265986017618,-0.07145585425601962,-0.0022035120158852145,0.010215165024054479,-0.05166744112298902,-0.0618826061470435,-0.0011927875037221723
B0028,19,563,0.05047960427385207,0.0022851509385240425,0.013314037500491743,0.0017781306762126882,0.031008183143567295,0.0016138669985185108,0.008355064922701655,0.0011328087699743182,0.04819445333532803,0.03716556677336033,-0.0110288865619677,0.0005070202623113542,0.029394316145048786,0.022653118220865638,-0.006741197924183144,0.0004810582285441926
B0028,20,559,0.049824683504885135,0.0024743304596603066,0.01619662263886931,0.0025170186894064007,0.03086011369154824,0.0017750215068458386,0.011731271900112712,0.0013324238297776863,0.04735035304522483,0.03362806086601583,-0.013722292179209002,-4.268822974609404e-05,0.029085092184702403,0.01912884179143553,-0.009956250393266874,0.0004425976770681523
B0028,21,557,0.0545153857437359,0.007099469916925545,0.02298266714454537,0.0066461919587103525,0.03142033722153372,0.0029591821547103416,0.015485967110077836,0.0025536531380686116,0.04741591582681035,0.03153271859919053,-0.015883197227619827,0.0004532779582151923,0.02846115506682338,0.015934370111455886,-0.012526784955367494,0.00040552901664173005
B0028,22,555,0.05263798247220724,0.004442483680577254,0.025839275985925038,0.0038177102104796474,0.03125797034004883,0.0030444153661375365,0.01878192662345654,0.0027645662631556106,0.04819549879162999,0.0267987064862822,-0.021396792305347783,0.0006247734700976066,0.028213554973911297,0.012476043716592292,-0.015737511257319006,0.0002798491029819259
B0028,23,549,0.05066124761931545,0.0024233103373493096,0.02868202475044719,0.0027489727972327504,0.03084123699885502,0.0018419485862483027,0.02153048908140458,0.002008072566228652,0.04823793728196614,0.02197922286886826,-0.02625871441309788,-0.0003256624598834408,0.028999288412606718,0.00931074791745044,-0.019688540495156278,-0.00016612397998034948
B0028,24,545,0.04794111758027939,0.004357115036346432,0.03245232012497245,0.005249441371254561,0.0304938956915228,0.002614842940298779,0.025289186957348202,0.0026691415068178033,0.04358400254393296,0.015488797455306944,-0.028095205088626018,-0.0008923263349081287,0.027879052751224022,0.0052047087341745985,-0.022674344017049423,-5.4298566519024333e-05
B0028,25,541,0.048758177139218956,0.0036546187913558226,0.0369590254154137,0.004183689449156728,0.03046921457049916,0.002583855642600985,0.02905198404278765,0.0027147515360656286,0.045103558347863136,0.011799151723805253,-0.03330440662405788,-0.0005290706578009057,0.027885358927898174,0.0014172305277115084,-0.026468128400186666,-0.00013089589346464365
B0028,26,539,0.05487296054680546,0.008267256423196073,0.04360605661585284,0.007628283790787239,0.03125991446060984,0.0045837517328107405,0.03357779121107604,0.004468728363622425,0.046605704123609384,0.011266903930952622,-0.03533880019265677,0.0006389726324088334,0.026676162727799102,-0.0023178767504661996,-0.0289940394782653,0.00011502336918831589
B0028,27,531,0.050154475512722216,0.009092887920878241,0.053009486904946744,0.009060392011900448,0.030506902653211432,0.0072062525177246615,0.04303754500135755,0.0070708905156044504,0.04106158759184397,-0.002855011392224528,-0.0439165989840685,3.249590897779278e-05,0.02330065013548677,-0.012530642348146118,-0.035831292483632884,0.0001353620021202111
B0029,28,146,0.09624885768983131,0.017595890123472537,0.02267974339986914,0.007915364550371017,0.0544457066562983,0.0067750585137144066,0.009483477959547262,0.0053297281762046,0.07865296756635877,0.07356911428996217,-0.005083853276396603,0.00968052557310152,0.04767064814258389,0.04496222869675104,-0.002708419445832855,0.0014453303375098064
B0029,29,145,0.09785466726779614,0.01630590385908776,0.025330150285937107,0.007981332385032716,0.05483044292148868,0.006877683677823458,0.01147938598911713,0.005634827857989803,0.08154876340870838,0.07252451698185904,-0.009024246426849347,0.008324571474055043,0.04795275924366522,0.04335105693237155,-0.004601702311293672,0.0012428558198336551
B0029,30,145,0.11003770015106086,0.028523442842068286,0.03486054998723857,0.010235353560321202,0.05837078947244704,0.008488803151658057,0.014544578526096068,0.00588234106983975,0.08151425730899257,0.07517715016382229,-0.006337107145170287,0.018288089281747084,0.04988198632078898,0.043826210946350974,-0.006055775374438011,0.0026064620818183077
B0029,31,143,0.0996946984117954,0.018535314704335254,0.03633264534194068,0.008585370383054312,0.054927841555434516,0.007667994472577779,0.01756201280647937,0.006036142224214505,0.08115938370746015,0.06336205306985472,-0.017797330637605427,0.009949944321280942,0.047259847082856736,0.037365828748955145,-0.009894018333901591,0.001631852248363274
B0029,32,142,0.10897283967958775,0.03109068751748353,0.045179626020658656,0.008111324712681266,0.05846314670584794,0.008121492027278753,0.02145229108917879,0.004586226020211814,0.07788215216210422,0.0637932136589291,-0.014088938503175125,0.022979362804802263,0.050341654678569187,0.037010855616669155,-0.013330799061900038,0.0035352660070669395
B0029,33,141,0.10662944551366453,0.02992620770770852,0.04717022744608189,0.012668243488529176,0.05816718495734788,0.00845734491392007,0.025557170739494303,0.006000185589033866,0.076703237805956,0.05945921806758264,-0.01724401973837337,0.017257964219179342,0.04970984004342781,0.032610014217853575,-0.017099825825574233,0.0024571593248862043
B0029,34,140,0.09967166737512782,0.019998293563810166,0.05228223030723527,0.01643740619382254,0.05509686727666649,0.009390323082021966,0.031342277459212135,0.008720167440404747,0.07967337381131766,0.04738943706789255,-0.032283936743425105,0.003560887369987626,0.045706544194644524,0.023754589817454354,-0.02195195437719017,0.0006701556416172198
B0029,35,141,0.11299794419827122,0.028630275488734275,0.053934391634866456,0.015491576328137583,0.0589850016252104,0.01156818730969156,0.03393848587278192,0.009829184507287137,0.08436766870953695,0.059063552563404766,-0.02530411614613218,0.013138699160596692,0.04741681431551884,0.02504651575242848,-0.022370298563090363,0.0017390028024044223
B0029,36,139,0.09421416833902277,0.02354406571181485,0.05973208830523515,0.007925730104940137,0.054674950606269784,0.00920643585914146,0.03792060755632714,0.007003829328197098,0.07067010262720792,0.03448208003378762,-0.0361880225934203,0.015618335606874712,0.045468514747128326,0.016754343049942645,-0.02871417169718568,0.0022026065309443624
B0029,37,138,0.10794511737573928,0.034113692655657925,0.06183742757918008,0.01055644101462365,0.05859876326883687,0.010651877949495826,0.0420984232332539,0.007162372066701484,0.07383142472008136,0.0461076897965592,-0.027723734923522154,0.023557251641034276,0.04794688531934104,0.01650034003558297,-0.03144654528375807,0.0034895058827943424
B0029,38,137,0.10949597793323185,0.03321496586296368,0.06834500396677232,0.021385657901964825,0.059045293870286855,0.011417266980890618,0.04701360912058925,0.009817900062503254,0.07628101207026816,0.04115097396645953,-0.03513003810380864,0.011829307960998854,0.04762802688939624,0.012031684749697603,-0.03559634213969863,0.001599366918387364
B0029,39,136,0.11264450050019485,0.031702467117054406,0.07696946086339677,0.01328324262670364,0.05956108654131098,0.012367566857608505,0.05316428435365518,0.009418321408373415,0.08094203338314045,0.03567503963679808,-0.04526699374634237,0.018419224490350765,0.04719351968370247,0.006396802187655801,-0.04079671749604667,0.0029492454492350897
B0030,28,140,0.08614827340005546,0.030754784878086142,0.03976898482040856,0.005874481507904975,0.04712167141162826,0.007515245116249877,0.01130590056258472,0.003674635719543197,0.05539348852196932,0.0463792885796469,-0.009014199942322419,0.024880303370181166,0.03960642629537839,0.03581577084904354,-0.0037906554463348436,0.00384060939670668
B0030,29,139,0.08352558155009776,0.033409873200407635,0.04140776688120234,0.008098202643522972,0.04694479069915532,0.00714230498720704,0.013972339141595432,0.003820748182013629,0.050115708349690126,0.04211781466889542,-0.007997893680794704,0.025311670556884665,0.03980248571194828,0.03297245155755989,-0.006830034154388392,0.0033215568051934105
B0030,30,139,0.08631482831718058,0.04282158799779846,0.04152011372621701,0.00810288076386612,0.047387634698916554,0.011667773907829604,0.015690073520580904,0.005686905729447154,0.04349324031938212,0.044794714590963576,0.0013014742715814556,0.03471870723393235,0.03571986079108695,0.03169756117833565,-0.004022299612751299,0.005980868178382451
B0030,31,138,0.10350635931852578,0.03316391278145169,0.057732226613771837,0.010608525656656499,0.05175409501985375,0.006535127682930642,0.02102948223027336,0.003080941680734004,0.07034244653707408,0.045774132704753945,-0.024568313832320145,0.02255538712479519,0.045218967336923106,0.03072461278958039,-0.01449435454734272,0.0034541860021966376
B0030,32,137,0.10745732720803126,0.03460794507218623,0.0640531988371437,0.014776553714199113,0.05230022168342814,0.007496916671658749,0.027203115526934118,0.004826993121510488,0.07284938213584503,0.04340412837088757,-0.029445253764957463,0.019831391357987116,0.04480330501176939,0.025097106156494024,-0.01970619885527537,0.0026699235501482605
B0030,33,136,0.10528731587599292,0.03934027546138057,0.06880422719135941,0.017701783135930422,0.05187597579798808,0.008923009067045027,0.03266886595393291,0.006185594107280193,0.06594704041461236,0.03648308868463351,-0.029463951729978843,0.021638492325450145,0.04295296673094306,0.019207109844055173,-0.023745856886887885,0.0027374149597648332
B0030,34,135,0.08904778286317044,0.016534429842520924,0.06573565103635474,0.010914091766230951,0.047734345261535624,0.00748126510714479,0.03659252770120001,0.005736153901149114,0.07251335302064951,0.0233121318268157,-0.04920122119383382,0.005620338076289973,0.04025308015439083,0.011141817560335616,-0.029111262594055217,0.0017451112059956768
B0030,35,136,0.09298949902066735,0.055944779470898175,0.06187524141875316,0.01181544346036928,0.05046996632605492,0.013673595637624887,0.039410979263730314,0.00662954863464009,0.03704471954976917,0.031114257601914184,-0.005930461947854987,0.044129336010528895,0.03679637068843003,0.011058987062324603,-0.025737383626105427,0.007044047002984797
B0030,36,134,0.08416096785781284,0.03527176198765656,0.06556771555047852,0.005771839296362418,0.04725449347325846,0.008386806349530212,0.04294298642042082,0.0044326857218852,0.04888920587015628,0.018593252307334315,-0.030295953562821963,0.02949992269129414,0.03886768712372825,0.004311507052837643,-0.034556180070890605,0.0039541206276450126
B0030,37,133,0.09162133250308281,0.041972340145283546,0.07774369148638946,0.009866340562391124,0.0483347049225168,0.010834998813021086,0.05024377881337056,0.005931399062646953,0.049648992357799265,0.013877641016693351,-0.035771351341105914,0.032105999582892425,0.03749970610949571,-0.001909073890853763,-0.039408780000349475,0.004903599750374133
B0030,38,132,0.08881836679349957,0.04245927338512488,0.08112007499708863,0.026949943494119458,0.047963727041541296,0.01082344107938543,0.055730786184579766,0.00787387745364541,0.046359093408374685,0.007698291796410933,-0.03866080161196375,0.015509329891005424,0.037140285962155864,-0.00776705914303847,-0.044907345105194334,0.0029495636257400194
B0030,39,131,0.08784732149319795,0.04011108306951501,0.08629032553468603,0.015292311740430806,0.04789844614618147,0.010322531671946564,0.061735084531390726,0.007077333687295232,0.047736238423682936,0.0015569959585119142,-0.04617924246517102,0.024818771329084204,0.0375759144742349,-0.013836638385209259,-0.05141255285944416,0.003245197984651332
B0031,28,149,0.05747195153483915,0.010965880098676835,0.024949813473824235,0.0046963350492386455,0.037200522551438346,0.002807846419525314,0.013622268539498526,0.002421425926292545,0.04650607143616232,0.03252213806101492,-0.0139839333751474,0.006269545049438189,0.03439267613191303,0.02357825401193982,-0.010814422119973213,0.00038642049323276903
B0031,29,148,0.05922692895137208,0.011922285903282419,0.03299015397463223,0.009320351642446814,0.037518265097105374,0.0029955529217121336,0.01797443664226928,0.0035420873756400475,0.047304643048089665,0.026236774976739853,-0.02106786807134981,0.002601934260835605,0.03452271217539324,0.019543828454836095,-0.014978883720557145,-0.0005465344539279139
B0031,30,148,0.05796745289989614,0.011240554086865487,0.03276448910912764,0.005665911397577748,0.037233825333718884,0.0039007299260709156,0.02119964675463504,0.0032789668797828654,0.04672689881303065,0.0252029637907685,-0.02152393502226215,0.005574642689287739,0.03333309540764797,0.016034178579083843,-0.017298916828564125,0.0006217630462880502
B0031,31,147,0.06713828967283385,0.023728054520196804,0.04765774877257929,0.015371692896431914,0.0386443017444629,0.006265927508193947,0.027136927571464842,0.005567529411322768,0.04341023515263705,0.019480540900254556,-0.023929694252382488,0.00835636162376489,0.03237837423626895,0.011507374172998058,-0.020871000063270896,0.0006983980968711789
B0031,32,146,0.07228313721703498,0.028021644959035488,0.05435167626903176,0.005536175951707718,0.04070179709587429,0.0055435446458632675,0.030228510901775172,0.0027437129956019266,0.044261492257999496,0.017931460948003228,-0.02633003130999627,0.02248546900732777,0.03515825245001102,0.01047328619409912,-0.024684966255911905,0.002799831650261341
B0031,33,145,0.06826248144531577,0.025464369040646365,0.058880617285127695,0.009512542430952555,0.038755138996132206,0.00671931129814917,0.0378569949143754,0.004820490841210972,0.04279811240466941,0.009381864160188075,-0.033416248244481334,0.01595182660969381,0.032035827697983035,0.0008981440817568062,-0.03113768361622623,0.001898820456938198
B0031,34,144,0.0650139274741941,0.019025930223612948,0.060172972533646875,0.010034610848857164,0.03841057552460861,0.005144307673632825,0.04162543806482391,0.004649177237301677,0.045987997250581156,0.004840954940547225,-0.041147042310033924,0.008991319374755783,0.033266267850975785,-0.003214862540215302,-0.03648113039119109,0.0004951304363311482
B0031,35,145,0.06995507176438368,0.023535916460926707,0.0628131975286749,0.0058277194298299315,0.0403175069856215,0.006516990132638083,0.04485883932322618,0.0035321864076972996,0.04641915530345697,0.007141874235708778,-0.03927728106774819,0.017708197031096776,0.033800516852983416,-0.004541332337604682,-0.0383418491905881,0.0029848037249407835
B0031,36,144,0.0716035089122128,0.024762000668664158,0.0679511777150531,0.012885093000967622,0.040867027169911675,0.00584273170036479,0.047285785666083886,0.004575282911749582,0.046841508243548644,0.0036523311971597,-0.043189177046388944,0.011876907667696536,0.035024295469546884,-0.006418758496172211,-0.041443053965719095,0.0012674487886152079
B0031,37,142,0.0581216251543257,0.016865434212810237,0.06761536852034371,0.006702588023770317,0.037602762109138994,0.0039541874533364375,0.0517221882733069,0.00297765718512651,0.04125619094151546,-0.009493743366018007,-0.05074993430753347,0.010162846189039919,0.03364857465580256,-0.014119426164167906,-0.047768000819970464,0.0009765302682099276
B0031,38,141,0.059005292780110796,0.012077154854165054,0.07400796649421351,0.006161756869371244,0.03769682218533357,0.003263622884898831,0.05719870625286605,0.002881429853918694,0.046928137925945745,-0.015002673714102716,-0.06193081164004846,0.00591539798479381,0.034433199300434744,-0.019501884067532477,-0.05393508336796722,0.00038219303098013715
B0031,39,140,0.058032800769583864,0.011490785599850565,0.07882210885537662,0.006039041654582267,0.03760649050304657,0.0036170129497979137,0.06181305568498825,0.0032553300065551443,0.0465420151697333,-0.020789308085792754,-0.06733132325552606,0.005451743945268298,0.03398947755324865,-0.024206565181941683,-0.058196042735190336,0.00036168294324276937
B0032,28,146,0.03385052683597367,0.004990226179250478,0.014198459654325746,0.004856089156568536,0.02151520576463701,0.0028274212499940997,0.008694967585782518,0.0028449534755856563,0.028860300656723195,0.019652067181647925,-0.009208233475075269,0.0001341370226819417,0.01868778451464291,0.012820238178854491,-0.005867546335788417,-1.753222559155651e-05
B0032,29,146,0.0361205552378115,0.006277993071400248,0.017213064515437547,0.006121523657342678,0.022343130003103923,0.004172894322505084,0.01196326055376556,0.004121594569927108,0.02984256216641125,0.01890749072237395,-0.0109350714440373,0.0001564694140575697,0.018170235680598838,0.010379869449338363,-0.007790366231260475,5.129975257797594e-05
B0032,30,146,0.03412095802817124,0.007110384379348982,0.018822931923263196,0.006865605204780094,0.02290799713744801,0.00687771898246645,0.015447795710384835,0.006616898023645748,0.027010573648822263,0.015298026104908047,-0.011712547543914214,0.00024477917456888765,0.01603027815498156,0.007460201427063176,-0.008570076727918385,0.0002608209588207018
B0032,31,144,0.031208666866476695,0.004368425914442958,0.021756868988343277,0.004164142422752969,0.021554638133763047,0.0034004793048538267,0.017033333003157507,0.003200895131429333,0.026840240952033738,0.009451797878133418,-0.01738844307390032,0.0002042834916899895,0.01815415882890922,0.00452130513060554,-0.013632853698303679,0.00019958417342449356
B0032,32,143,0.03337042352680674,0.0046280744035541175,0.027982175982855746,0.004384065112902228,0.022004547901067047,0.004089606187955903,0.021696960095667118,0.003960258674634386,0.028742349123252624,0.005388247543950994,-0.02335410157930163,0.0002440092906518896,0.017914941713111143,0.00030758780539992883,-0.017607353907711214,0.00012934751332151738
B0032,33,141,0.031405062990221284,0.004632146520827053,0.03334167830369173,0.004538776601628316,0.021766785520398933,0.003987612828980937,0.026016013580767352,0.0038585649354202223,0.026772916469394233,-0.0019366153134704467,-0.02870953178286468,9.336991919873649e-05,0.017779172691417995,-0.004249228060368419,-0.022028400751786414,0.00012904789356071433
B0032,34,141,0.0345799459551474,0.006367083281695167,0.03881550572855837,0.006130927584336974,0.022530133900673637,0.005626815923525223,0.030222442037394555,0.005441309387644962,0.028212862673452233,-0.004235559773410967,-0.0324484224468632,0.00023615569735819294,0.016903317977148415,-0.007692308136720918,-0.024595626113869333,0.00018550653588026052
B0032,35,142,0.039354603334624864,0.012973823976683866,0.045022113897547705,0.012698728650122637,0.024624841066823337,0.011566558518867986,0.03542005067013686,0.011212823888762765,0.026380779357940996,-0.005667510562922841,-0.03204828992086384,0.00027509532656122895,0.01305828254795535,-0.01079520960331352,-0.02385349215126887,0.0003537346301052211
B0032,36,140,0.035009861174431785,0.007032976643501538,0.049000487932134996,0.006750639490494128,0.022677464713074507,0.005917747161699114,0.038070175346568404,0.005693574236859903,0.027976884530930245,-0.013990626757703212,-0.041967511288633456,0.00028233715300741025,0.016759717551375394,-0.015392710633493897,-0.03215242818486929,0.0002241729248392112
B0032,37,139,0.03727344688792659,0.008994734261636553,0.053992967262503654,0.008825820094050389,0.0232447939406801,0.007435710686997089,0.041604039518377614,0.0073193359620344805,0.028278712626290035,-0.016719520374577065,-0.0449982330008671,0.0001689141675861646,0.01580908325368301,-0.018359245577697515,-0.034168328831380525,0.00011637472496260886
B0032,38,137,0.030707086764644044,0.0067345800088667975,0.05838737432019085,0.0066683326266092895,0.021873842308434508,0.005703788211707012,0.04474405382527066,0.005524898395156692,0.023972506755777247,-0.027680287555546808,-0.05165279431132405,6.624738225750795e-05,0.016170054096727497,-0.022870211516836155,-0.03904026561356365,0.00017888981655031933
B0032,39,136,0.038152024425069105,0.010531603444481985,0.06200306739657364,0.010409195620468601,0.023362570891845034,0.008235047768076424,0.0465628994045961,0.008026779971221231,0.027620420980587118,-0.023851042971504532,-0.05147146395209165,0.0001224078240133833,0.01512752312376861,-0.023200328512751063,-0.03832785163651967,0.00020826779685519277
B0033,137,95,0.11711470635405624,0.02732611204472443,0.048214765076064973,0.027222355595912462,0.09830483895879052,0.019825765718676037,0.02973174624153526,0.019680893576151118,0.08978859430933181,0.06889994127799126,-0.020888653031340545,0.00010375644881196674,0.0784790732401145,0.06857309271725526,-0.009905980522859223,0.0001448721425249197
B0033,138,72,0.17911479960431217,0.11261643333943726,0.13236389631391696,0.09937080692939225,0.0850400302168885,0.10562927662522793,0.11708622771453753,0.09531997332809035,0.06649836626487492,0.04675090329039522,-0.0197474629744797,0.013245626410045008,-0.020589246408339437,-0.03204619749764903,-0.011456951089309594,0.010309303297137584
B0033,139,23,0.2555488289655381,0.0618610087262228,0.134252228135868,0.18343991152540523,0.13850640835724537,0.03531606404889024,0.1002020972763513,0.05798960073665762,0.1936878202393153,0.12129660082967009,-0.07239121940964521,-0.12157890279918243,0.10319034430835514,0.03830431108089406,-0.06488603322746106,-0.02267353668776738
B0033,140,19,0.375750374977416,0.07278689742625818,0.20701821260521047,0.2671395307869236,0.1646029796141901,0.047632316263031625,0.13019035989271072,0.09060475797038223,0.3029634775511578,0.1687321623722055,-0.1342313151789523,-0.1943526333606654,0.11697066335115847,0.03441261972147938,-0.08255804362967908,-0.0429724417073506
B0033,141,16,0.29790918048736725,0.07158673945298724,0.15302211840682814,0.2237654612943883,0.1410374063831589,0.041271057796902405,0.11764416985938225,0.08406876610793892,0.22632244103438,0.14488706208053911,-0.0814353789538409,-0.15217872184140105,0.09976634858625649,0.023393236523776645,-0.07637311206247985,-0.04279770831103652
B0033,142,18,0.186096449540713,0.03135934383183751,0.15737638674061122,0.11799338011132816,0.12629012999578737,0.026623887366973915,0.1108317998805014,0.05040725805026558,0.1547371057088755,0.02872006280010178,-0.1260170429087737,-0.08663403627949065,0.09966624262881346,0.015458330115285968,-0.0842079125135275,-0.023783370683291664
B0033,143,19,0.321699769835157,0.09041579241402126,0.1944123556149538,0.232132563271315,0.179310867926547,0.04395985720083978,0.12812935604426715,0.09511759869890693,0.23128397742113577,0.12728741422020323,-0.10399656320093253,-0.14171677085729376,0.1353510107257072,0.051181511882279845,-0.08416949884342736,-0.05115774149806715
B0033,144,34,0.21903465630826713,0.080227547609606,0.11227636712297141,0.14197228577617071,0.16299364201034308,0.06360624984534687,0.07632106302979882,0.08023946823200898,0.13880710869866114,0.10675828918529572,-0.03204881951336541,-0.061744738166564714,0.09938739216499622,0.08667257898054426,-0.012714813184451959,-0.01663321838666211
B0033,145,35,0.3448567895300021,0.11013041908984593,0.18433779568474612,0.2503037447482061,0.18054852579928793,0.06206152333766793,0.09574394919280896,0.08646129916770226,0.23472637044015615,0.16051899384525598,-0.07420737659490019,-0.14017332565836016,0.11848700246162,0.08480457660647897,-0.03368242585514103,-0.02439977583003433
B0033,146,30,0.2900618704650023,0.0748487529242942,0.17311855697134174,0.1989849425351572,0.15847469600787628,0.04174988219543461,0.10826423630286364,0.06622080985434059,0.2152131175407081,0.11694331349366058,-0.09826980404704753,-0.124136189610863,0.11672481381244168,0.050210459705012644,-0.06651435410742904,-0.024470927658905982
B0033,147,100,0.27569856564541373,0.19021419151359475,0.17271732365966616,0.204402479454362,0.24152058202249094,0.15699488706614112,0.15224232408735575,0.18040694829670897,0.08548437413181897,0.10298124198574757,0.017496867853928594,-0.014188287940767236,0.08452569495634982,0.08927825793513519,0.004752562978785374,-0.023412061230567854
B0033,148,95,0.1274977357059162,0.04191447404892896,0.06431278946767052,0.041725353115007476,0.11023742577847619,0.022815434398137595,0.03772921922290151,0.023901816227252206,0.08558326165698724,0.06318494623824567,-0.022398315418741564,0.00018912093392148277,0.0874219913803386,0.07250820655557468,-0.014913784824763916,-0.0010863818291146111
B0033,149,94,0.1302621142897692,0.023544994721951366,0.06407251223815374,0.02570611660876712,0.10470769726678761,0.020737615404997127,0.0496826661112908,0.02220212598011841,0.10671711956781782,0.06618960205161545,-0.04052751751620238,-0.0021611218868157547,0.08397008186179047,0.055025031155496805,-0.028945050706293676,-0.0014645105751212827
B0033,150,93,0.13513840109821282,0.04195391504655491,0.07474023479064623,0.03994487024013961,0.10052526703991797,0.02956056249737691,0.06028942420803773,0.029364132937614966,0.09318448605165791,0.060398166307566586,-0.032786319744091325,0.002009044806415297,0.07096470454254106,0.040235842831880246,-0.030728861710660818,0.0001964295597619431
B0033,151,92,0.11260681912424543,0.04184055758918804,0.08319503521080043,0.03962515884198467,0.09095936336680566,0.03346068561275205,0.07181747445036246,0.03232962163525433,0.07076626153505738,0.029411783913444997,-0.041354477621612394,0.002215398747203369,0.05749867775405361,0.019141888916443195,-0.038356788837610414,0.0011310639774977163
B0033,152,92,0.12619525320385105,0.04623358035996013,0.08276500614497945,0.041831466537231354,0.09510292605463723,0.03324364122193995,0.07229739634115734,0.03164118503192582,0.07996167284389093,0.04343024705887161,-0.03653142578501932,0.004402113822728773,0.06185928483269728,0.02280552971347989,-0.03905375511921739,0.0016024561900141315
B0033,153,92,0.13643714681498748,0.04761540808926643,0.08780551290641235,0.04486221015712835,0.09858485324033799,0.031553029176366,0.07392581839437479,0.030707650776003233,0.08882173872572105,0.048631633908575125,-0.04019010481714592,0.002753197932138081,0.06703182406397198,0.0246590348459632,-0.042372789218008786,0.000845378400362768
B0033,154,91,0.12183252684768991,0.043011790606608855,0.08526280657725878,0.040985330450863056,0.09749716277259371,0.029901288963104497,0.0752836905560115,0.02853354283993773,0.07882073624108106,0.036569720270431136,-0.042251015970649924,0.002026460155745799,0.06759587380948921,0.02221347221658221,-0.045382401592907004,0.001367746123166768
B0033,155,81,0.16206431663395443,0.11197982793014653,0.11740011258796149,0.10332882681089975,0.12673420701551857,0.06843312319504136,0.0903647673636302,0.06245391074467783,0.0500844887038079,0.044664204045992945,-0.005420284657814953,0.008651001119246784,0.05830108382047722,0.03636943965188838,-0.021931644168588837,0.005979212450363529
B0033,156,98,0.09210366609750191,0.11316302581724097,0.12009790846343688,0.10706265288552884,0.0522311592140101,0.0910878883091496,0.11194141475482179,0.090954081130918,-0.02105935971973906,-0.027994242365934965,-0.006934882646195906,0.006100372931712131,-0.0388567290951395,-0.05971025554081169,-0.02085352644567219,0.00013380717823159582
B0033,157,97,0.109893665894364,0.09856525296252486,0.11458340874944326,0.07759012636506869,0.06318922387147106,0.07643240319829503,0.10558809607086692,0.07119994209017869,0.011328412931839144,-0.004689742855079254,-0.016018155786918398,0.020975126597456165,-0.013243179326823964,-0.04239887219939585,-0.029155692872571887,0.005232461108116343
B0033,158,96,0.10289051222555974,0.09365415519284599,0.11216787527390308,0.06363031140241238,0.06634554383635942,0.06750995084617405,0.10448657241390859,0.058310382841993746,0.009236357032713749,-0.00927736304834334,-0.01851372008105709,0.030023843790433616,-0.0011644070098146275,-0.03814102857754917,-0.03697662156773454,0.0091995680041803
B0033,159,95,0.10040629119204038,0.08475016135195174,0.11681683834164995,0.057485810040326775,0.06895677090298771,0.06333692633572084,0.10944138734236253,0.052544364091106036,0.015656129840088642,-0.016410547149609572,-0.032066676989698215,0.02726435131162496,0.005619844567266871,-0.040484616439374815,-0.04610446100664169,0.010792562244614806
B0033,160,95,0.11814485939254048,0.0895721161386148,0.1350167281331881,0.0701126147705659,0.06917610725723299,0.07269817186774293,0.1260610383459547,0.06561816738662941,0.028572743253925684,-0.016871868740647625,-0.04544461199457331,0.019459501368048887,-0.0035220646105099396,-0.05688493108872171,-0.05336286647821177,0.007080004481113511
B0033,161,95,0.11569130929150154,0.09266642164571731,0.13454686791508946,0.0838066556921709,0.06293266161545,0.07607605020495609,0.1264292165873407,0.07439752234927366,0.023024887645784226,-0.018855558623587926,-0.04188044626937215,0.008859765953546414,-0.013143388589506089,-0.06349655497189069,-0.0503531663823846,0.0016785278556824268
B0033,162,93,0.1007974259214164,0.0786379882603282,0.13902729810798986,0.0654771889428798,0.06331221356330703,0.06719353812731263,0.1322380697279595,0.06205687279084529,0.022159437661088202,-0.03822987218657346,-0.060389309847661665,0.013160799317448402,-0.0038813245640055977,-0.06892585616465248,-0.06504453160064688,0.005136665336467339
B0033,163,93,0.1188531174041838,0.06270324284278805,0.14472008923371418,0.06258000883132245,0.07180733997071946,0.05747907757077422,0.13602479097308798,0.0569176908034499,0.05614987456139575,-0.025866971829530377,-0.08201684639092613,0.00012323401146560609,0.014328262399945238,-0.06421745100236852,-0.07854571340231375,0.0005613867673243261
B0033,164,92,0.11054827010282067,0.054798587279753744,0.14713362423573031,0.06363632119446774,0.07194178022593721,0.05074582283285261,0.13993105369157902,0.05627457159551268,0.05574968282306693,-0.03658535413290964,-0.09233503695597657,-0.008837733914714,0.0211959573930846,-0.0679892734656418,-0.0891852308587264,-0.005528748762660074
B0033,165,91,0.09919266767233013,0.05687096870198631,0.1561527992272862,0.06415643220034885,0.06955268959108889,0.05341513895716922,0.14852774755103632,0.05797779661292371,0.042321698970343824,-0.056960131554956064,-0.09928183052529989,-0.007285463498362538,0.016137550633919667,-0.07897505795994743,-0.0951126085938671,-0.00456265765575449
B0033,166,91,0.0922699105051294,0.05933249213137501,0.15883208510024244,0.059227401452318196,0.06502870845756646,0.05578177911730012,0.1507433530389907,0.05510087171280984,0.032937418373754385,-0.06656217459511304,-0.09949959296886743,0.00010509067905681291,0.009246929340266344,-0.08571464458142423,-0.09496157392169058,0.000680907404490276
B0033,167,91,0.09336463083783994,0.06687561041842498,0.16750146249495595,0.06547473598755603,0.0609465460781314,0.06372116407876866,0.15988081655122727,0.06151831195314963,0.026489020419414963,-0.07413683165711601,-0.10062585207653098,0.001400874430868948,-0.0027746180006372537,-0.09893427047309586,-0.09615965247245861,0.0022028521256190273
B0033,168,91,0.1009441606074503,0.06416225802897416,0.1689353752301379,0.06525030841299484,0.062175691280274524,0.06031293681078423,0.16183326995456945,0.06088575871613732,0.03678190257847615,-0.0679912146226876,-0.10477311720116375,-0.0010880503840206834,0.001862754469490295,-0.09965757867429492,-0.10152033314378522,-0.0005728219053530922
B0033,169,90,0.11650704880758624,0.06251102844091867,0.17175194710096267,0.07248651693671206,0.0727457907130636,0.05571130661230742,0.16403809613842404,0.060063876373170386,0.05399602036666756,-0.055244898293376435,-0.109240918660044,-0.009975488495793383,0.017034484100756177,-0.09129230542536045,-0.10832678952611663,-0.0043525697608629635
B0033,170,89,0.09959411448114479,0.061252291464856674,0.17660285006814067,0.0702238222989924,0.07121116720006894,0.05506725892222028,0.16897338306536813,0.0582543476894035,0.038341823016288114,-0.07700873558699588,-0.115350558603284,-0.008971530834135731,0.01614390827784866,-0.09776221586529919,-0.11390612414314785,-0.0031870887671832174
B0033,171,89,0.12199725685806868,0.06646473083635837,0.17206350008112642,0.07775745978427369,0.07944280100435419,0.05110811161354035,0.16403251061374227,0.05409643387780557,0.05553252602171031,-0.050066243223057735,-0.10559876924476805,-0.011292728947915318,0.028334689390813843,-0.08458970960938808,-0.11292439900020193,-0.0029883222642652224
B0033,172,90,0.12483314846035296,0.06789059436351887,0.19118169311852762,0.06969354557525934,0.07126316898032335,0.06147112380275051,0.18242347684368138,0.06246398790471061,0.05694255409683409,-0.06634854465817466,-0.12329109875500875,-0.0018029512117404695,0.009792045177572845,-0.11116030786335802,-0.12095235304093087,-0.000992864101960103
B0033,173,89,0.10735754991592147,0.06625251384535898,0.19194255364842439,0.06677806979959736,0.06460302612157572,0.06125766578559408,0.18467497859691628,0.06165936570868595,0.0411050360705625,-0.08458500373250291,-0.12569003980306542,-0.0005255559542383798,0.003345360335981637,-0.12007195247534057,-0.1234173128113222,-0.0004016999230918722
B0033,174,88,0.09295697233850708,0.06417166266341406,0.19849181393371146,0.06487046783276812,0.06421370642900683,0.05914090191375571,0.19074446720216767,0.0593252816476604,0.028785309675093018,-0.10553484159520438,-0.1343201512702974,-0.0006988051693540553,0.005072804515251113,-0.12653076077316083,-0.13160356528841197,-0.00018437973390468543
B0033,175,88,0.11518844375630197,0.06593816016595604,0.19757565179268904,0.06459500371578343,0.07469982489475657,0.055638702679398036,0.1892522063937524,0.05522302961285337,0.04925028359034593,-0.08238720803638708,-0.131637491626733,0.0013431564501726057,0.019061122215358536,-0.11455238149899583,-0.13361350371435438,0.00041567306654466396
B0033,176,88,0.10217677298337746,0.06508923985338165,0.2016518910563748,0.06450699931410216,0.06857903664866197,0.05729665115277303,0.1945363292213412,0.05705395348645002,0.03708753312999581,-0.09947511807299733,-0.13656265120299316,0.0005822405392794938,0.01128238549588894,-0.12595729257267924,-0.13723967806856818,0.0002426976663230107
B0033,177,88,0.10412100198554067,0.060732068740861025,0.20665711193246203,0.0637287821593021,0.07428127840019892,0.053289215205753034,0.19863182896398832,0.05422325204665326,0.04338893324467964,-0.10253610994692136,-0.145925043191601,-0.0029967134184410715,0.020992063194445888,-0.1243505505637894,-0.1453426137582353,-0.0009340368409002237
B0033,178,88,0.1244467307114802,0.07201526812591275,0.20674648567888002,0.07464768075766433,0.07957561858520307,0.0535588400023489,0.19809772998317968,0.05412325235490798,0.052431462585567454,-0.08229975496739982,-0.13473121755296727,-0.0026324126317515822,0.026016778582854165,-0.11852211139797661,-0.14453888998083078,-0.0005644123525590794
B0033,179,87,0.11007763900249329,0.0675372042460573,0.2132392287297063,0.07028744398797755,0.07726542969199099,0.05260700537230178,0.2048875930401001,0.05277641307088002,0.042540434756435985,-0.10316158972721301,-0.145702024483649,-0.002750239741920249,0.02465842431968921,-0.1276221633481091,-0.1522805876677983,-0.00016940769857824028
B0033,180,87,0.12271873100886632,0.0740923196730319,0.21532322461247766,0.07655997378696322,0.0803109905480596,0.05325003683280253,0.20686573025823768,0.053358730971638034,0.048626411335834424,-0.09260449360361134,-0.14123090493944576,-0.0024676541139313224,0.027060953715257068,-0.12655473971017808,-0.15361569342543516,-0.00010869413883550505
B0033,181,87,0.12881040584002076,0.08019890624025307,0.22279980747299757,0.08049012424229496,0.08052668162913698,0.055876313633726755,0.21377368925016285,0.05536613812375392,0.048611499599767696,-0.09398940163297681,-0.1426009012327445,-0.0002912180020418903,0.024650367995410226,-0.13324700762102587,-0.1578973756164361,0.0005101755099728364
B0033,182,86,0.12762026277961355,0.07932073515059193,0.22397466437376662,0.0801023995110118,0.08333323808342755,0.05238891365643595,0.2151411503864237,0.052035263214191024,0.04829952762902162,-0.09635440159415307,-0.1446539292231747,-0.000781664360419862,0.030944324426991597,-0.13180791230299616,-0.16275223672998776,0.0003536504422449252
B0033,183,86,0.11824022717023415,0.07490801846948276,0.2326279215480899,0.07616040343480632,0.07888196388000013,0.05382576290767756,0.22391821476941273,0.053740958683460426,0.043332208700751385,-0.11438769437785574,-0.15771990307860712,-0.0012523849653235525,0.02505620097232257,-0.1450362508894126,-0.17009245186173516,8.48042242171318e-05
B0033,184,85,0.10564074482267699,0.0697812148672276,0.24001744683986978,0.0694229892578302,0.07644553898093126,0.053965524833128324,0.23209352043023365,0.0532736146133118,0.03585952995544939,-0.1343767020171928,-0.17023623197264218,0.00035822560939739734,0.022480014147802936,-0.1556479814493024,-0.17812799559710532,0.0006919102198165231
B0033,185,85,0.11536873827842163,0.07827447522407939,0.24429260250983348,0.07600616389872032,0.07825928447716163,0.056098810022177856,0.23588806726851388,0.054827502703065835,0.03709426305434224,-0.12892386423141183,-0.1660181272857541,0.002268311325359068,0.022160474454983772,-0.15762878279135226,-0.17978925724633604,0.0012713073191120208
B0033,186,84,0.09870430039485141,0.06955007595342817,0.2529950161703275,0.06834016066497006,0.07201245219246774,0.055333234665332055,0.24517255391325377,0.053624327551858156,0.029154224441423238,-0.1542907157754761,-0.18344494021689933,0.0012099152884581105,0.016679217527135685,-0.17316010172078602,-0.18983931924792172,0.0017089071134738995
B0033,187,84,0.11194153025280626,0.07309405616077366,0.2495902873332291,0.07256098498505342,0.08123288455401913,0.05057749449964245,0.24165855217496915,0.05016986153861264,0.0388474740920326,-0.13764875708042285,-0.17649623117245544,0.00053307117572024,0.030655390054376674,-0.16042566762095,-0.19108105767532668,0.0004076329610298163
B0033,188,84,0.10827112940789177,0.07400336224972281,0.25918414670143997,0.07535811028933753,0.07795227009093748,0.05426663795618697,0.251117132969276,0.0545943721039772,0.034267767158168955,-0.1509130172935482,-0.18518078445171715,-0.0013547480396147171,0.023685632134750514,-0.17316486287833854,-0.19685049501308904,-0.00032773414779022764
B0033,189,84,0.1185584175636101,0.08250753045174067,0.2636178970011373,0.08116521615507892,0.07904877615233581,0.05577523043955195,0.2546942462214771,0.055261292725366076,0.036050887111869434,-0.1450594794375272,-0.18111036654939663,0.001342314296661748,0.02327354571278386,-0.17564547006914133,-0.19891901578192517,0.0005139377141858761
B0033,190,84,0.12790873934845018,0.09081079145069826,0.26764183697937194,0.08837280686280498,0.08145101521218552,0.058127947914447385,0.2582613485196733,0.056413829755265085,0.03709794789775192,-0.13973309763092176,-0.17683104552867368,0.00243798458789328,0.023323067297738136,-0.1768103333074878,-0.20013340060522591,0.0017141181591822999
B0033,191,83,0.1037054133565088,0.07533695243573006,0.2786665657590961,0.07470713774070416,0.07564821878998973,0.05753869321548355,0.27068646549808023,0.056580431014586964,0.028368460920778743,-0.1749611524025873,-0.20332961332336602,0.0006298146950259043,0.01810952557450618,-0.1950382467080905,-0.21314777228259668,0.0009582622008965855
B0033,192,82,0.09031531407564847,0.09011775930489832,0.3064009904181926,0.08985066862333652,0.05700245483090466,0.0806637581589757,0.29933636641560185,0.08145863879682012,0.00019755477075014682,-0.2160856763425441,-0.21628323111329426,0.0002670906815618046,-0.023661303328071037,-0.2423339115846972,-0.21867260825662616,-0.0007948806378444279
B0033,193,84,0.08824408256399083,0.08465991839078107,0.2986273200382158,0.08466732019122786,0.05394568162868484,0.07668999698135631,0.2902810334801953,0.07657389610602755,0.003584164173209753,-0.21038323747422497,-0.21396740164743472,-7.401800446782403e-06,-0.02274431535267147,-0.23633535185151044,-0.21359103649883898,0.00011610087532876179
B0033,194,84,0.12188382582374449,0.0925551416050318,0.300590447260041,0.0907550944691705,0.073149760711461,0.07007992545929384,0.29053214850578274,0.06785641206996276,0.029328684218712694,-0.17870662143629654,-0.20803530565500922,0.0018000471358612935,0.003069835252167155,-0.21738238779432173,-0.2204522230464889,0.0022235133893310777
B0033,195,83,0.11594329980108656,0.08281745117287455,0.29820126543929537,0.08007684592922283,0.07755922476986975,0.06027126838647479,0.2884252988908667,0.05809526939667936,0.03312584862821201,-0.1822579656382088,-0.21538381426642084,0.002740605243651717,0.017287956383394955,-0.21086607412099695,-0.22815403050439192,0.0021759989897954315
B0033,196,82,0.09811484713457229,0.07297736319583652,0.3000410972607522,0.07142008606336259,0.07375460645553643,0.0552287592323482,0.29135100060762215,0.05450905881916653,0.025137483938735772,-0.20192625012617987,-0.22706373406491565,0.0015572771324739304,0.01852584722318823,-0.2175963941520857,-0.23612224137527393,0.0007197004131816662
B0034,137,92,0.08194066181221105,0.04780394991306457,0.03534268947462592,0.04251964682076675,0.04930241340919466,0.014752802179191022,0.014030125914433601,0.013514385579105946,0.03413671189914648,0.04659797233758513,0.012461260438438648,0.005284303092297819,0.034549611230003635,0.03527228749476106,0.0007226762647574211,0.0012384166000850762
B0034,138,91,0.06760004251805961,0.02724241091040541,0.026714999170046595,0.02735642730038857,0.046726827570221244,0.010580672928537468,0.012201594475961954,0.01024059629908737,0.040357631607654196,0.04088504334801302,0.0005274117403588144,-0.00011401638998316185,0.036146154641683775,0.03452523309425929,-0.001620921547424485,0.00034007662945009787
B0034,139,90,0.07114677462081764,0.05194087726718009,0.04034850412896251,0.04939476515926309,0.04674483196971765,0.016532073106099165,0.01808179081707667,0.01553399514884142,0.019205897353637556,0.030798270491855136,0.01159237313821758,0.002546112107916998,0.03021275886361848,0.028663041152640976,-0.001549717710977505,0.0009980779572577453
B0034,140,91,0.06711906922382814,0.021210406995433684,0.020905149627339466,0.025777327233896433,0.04201171259566801,0.00755952835133625,0.009008018982690453,0.007403958959249859,0.04590866222839446,0.04621391959648867,0.00030525736809421805,-0.004566920238462748,0.03445218424433176,0.03300369361297756,-0.0014484906313542026,0.0001555693920863915
B0034,141,92,0.08877539047828618,0.010383367902763093,0.01646434425783606,0.01402332496825221,0.044849821087135956,0.005737919414531059,0.009316561717953883,0.005910371290713158,0.0783920225755231,0.07231104622045012,-0.006080976355072968,-0.003639957065489117,0.0391119016726049,0.03553325936918207,-0.003578642303422824,-0.00017245187618209878
B0034,142,90,0.06482778083195934,0.021426893120253893,0.02860150785260595,0.0217533609002649,0.04182481477553289,0.006358479189850824,0.01313561192396467,0.006704682822403256,0.043400887711705444,0.03622627297935339,-0.007174614732352057,-0.0003264677800110076,0.03546633558568207,0.02868920285156822,-0.006777132734113847,-0.0003462036325524321
B0034,143,89,0.06879110600914486,0.045433908363542976,0.04490198126629067,0.04871951364345021,0.04614680445876432,0.013568195632193702,0.018392968310507213,0.01411027325521125,0.02335719764560188,0.023889124742854186,0.0005319270972523049,-0.0032856052799072333,0.03257860882657061,0.027753836148257105,-0.004824772678313511,-0.0005420776230175475
B0034,144,89,0.07578025269451856,0.05163055655800908,0.05542091068127482,0.05318082785584876,0.0498194688661878,0.017850089224437222,0.023524159686504748,0.018078652765075982,0.024149696136509483,0.020359342013243742,-0.0037903541232657406,-0.0015502712978396824,0.031969379641750575,0.026295309179683053,-0.005674070462067526,-0.00022856354063876053
B0034,145,90,0.09095905182749117,0.04122205269373238,0.03952381554514277,0.0337972853467917,0.05279562191690638,0.015421256546396023,0.020468434223627905,0.013074510917156272,0.04973699913375879,0.051435236282348404,0.0016982371485896111,0.007424767346940676,0.03737436537051035,0.03232718769327847,-0.005047177677231882,0.0023467456292397514
B0034,146,90,0.06844784369840363,0.031612132041736185,0.032663698080468116,0.02696020519268239,0.042821307800002005,0.010131721482119922,0.013663637249904895,0.008721156580900002,0.03683571165666745,0.03578414561793552,-0.0010515660387319312,0.004651926849053797,0.03268958631788208,0.02915767055009711,-0.003531915767784973,0.0014105649012199194
B0034,147,91,0.06548449759191612,0.012823641120805425,0.026517531143936422,0.05964492507434927,0.041465913929713175,0.0057183081517915586,0.011703528907275215,0.020756262329551817,0.05266085647111069,0.038966966447979694,-0.013693890023130997,-0.046821283953543846,0.03574760577792162,0.02976238502243796,-0.005985220755483656,-0.015037954177760259
B0034,148,90,0.08021400391930074,0.040084679794653987,0.05095383700294036,0.022840406913223844,0.048708238249218286,0.013068344471352569,0.021582317028871235,0.009524256280838372,0.04012932412464675,0.02926016691636038,-0.010869157208286372,0.017244272881430142,0.035639893777865715,0.02712592122034705,-0.008513972557518667,0.0035440881905141972
B0034,149,89,0.08454763242255643,0.06534830137425864,0.06581783274687832,0.04138715316055441,0.053573289406753884,0.022443287145624522,0.027888998941768897,0.017782472833838027,0.019199331048297796,0.018729799675678116,-0.00046953137261968036,0.023961148213704223,0.03113000226112936,0.025684290464984987,-0.005445711796144375,0.004660814311786495
B0034,150,89,0.0961493891150887,0.07044983883663167,0.056334782491640104,0.037842269901283726,0.058901174502960806,0.026968383273390188,0.027993475106719304,0.018311091801371186,0.025699550278457037,0.0398146066234486,0.014115056344991564,0.03260756893534794,0.031932791229570615,0.0309076993962415,-0.0010250918333291163,0.008657291472019001
B0034,151,88,0.07984150584676324,0.06788692009903255,0.06953500013352108,0.04835742034663679,0.05539858773117616,0.028177655963053095,0.033495435661961885,0.023652397952730865,0.011954585747730687,0.010306505713242153,-0.0016480800344885332,0.019529499752395763,0.027220931768123065,0.021903152069214275,-0.00531777969890879,0.00452525801032223
B0034,152,88,0.08308504235384837,0.06997487518783958,0.07295796399655828,0.05022231190608425,0.05603246052237591,0.028746200679649767,0.03453894315162278,0.023894899821555217,0.013110167166008782,0.010127078357290084,-0.002983088808718698,0.019752563281755335,0.027286259842726146,0.021493517370753133,-0.005792742471973013,0.00485130085809455
B0034,153,88,0.08404787571142247,0.062145316451441376,0.07302166354159975,0.04811838000580899,0.05571523904090396,0.02652605289616836,0.03407870797307403,0.02262991032674102,0.021902559259981094,0.011026212169822719,-0.010876347090158375,0.014026936445632389,0.0291891861447356,0.02163653106782993,-0.007552655076905671,0.0038961425694273404
B0034,154,87,0.07626572554586418,0.06259427354162761,0.06888190850206939,0.0453747643938232,0.05504185145438019,0.026575025323586653,0.0330744987524013,0.022379415888434076,0.01367145200423657,0.007383817043794788,-0.006287634960441782,0.01721950914780441,0.028466826130793536,0.021967352701978887,-0.006499473428814649,0.004195609435152577
B0034,155,95,0.07472650762883468,0.08755408564916875,0.05621081154260271,0.06328893944898466,0.05319835715715309,0.03419807322061797,0.03796034847905244,0.031528598320268955,-0.012827578020334074,0.018515696086231964,0.03134327410656604,0.024265146200184093,0.01900028393653512,0.01523800867810065,-0.0037622752584344707,0.0026694749003490156
B0034,156,96,0.08764502502407057,0.09571131407983384,0.0576072390368014,0.06822903643697893,0.047520737134133684,0.026161305868239115,0.03152195306882264,0.024963740725127293,-0.008066289055763273,0.030037785987269167,0.03810407504303244,0.027482277642854908,0.02135943126589457,0.015998784065311043,-0.005360647200583525,0.0011975651431118221
B0034,157,93,0.0700022399264664,0.07056743449061813,0.04305423550542236,0.03403146823083404,0.046752730504670686,0.025447248803600657,0.026931339007807167,0.01768833100176462,-0.0005651945641517303,0.026948004421044038,0.027513198985195768,0.036535966259784086,0.02130548170107003,0.01982139149686352,-0.0014840902042065097,0.007758917801836036
B0034,158,92,0.08137757172195939,0.054233135687037685,0.04979294414459743,0.02768966354947483,0.0517134636016067,0.024220455440428466,0.02728235880556177,0.01731410611503461,0.027144436034921705,0.03158462757736196,0.0044401915424402555,0.026543472137562855,0.027493008161178237,0.024431104796044933,-0.0030619033651333033,0.006906349325393857
B0034,159,91,0.07685006448949673,0.03973391491714204,0.047860891309974625,0.01977620074174972,0.05171618866486919,0.02143249117167107,0.02685291003779588,0.015693232091110582,0.03711614957235469,0.028989173179522106,-0.008126976392832587,0.019957714175392317,0.03028369749319812,0.02486327862707331,-0.0054204188661248105,0.005739259080560489
B0034,160,91,0.08168147172390933,0.03370213428082695,0.05398692821303623,0.025878923161533205,0.051866879339285306,0.018009033501551055,0.027252758767256653,0.016420496860038557,0.04797933744308238,0.027694543510873096,-0.020284793932209284,0.007823211119293742,0.033857845837734254,0.024614120572028653,-0.009243725265705598,0.0015885366415124974
B0034,161,92,0.0914558616558016,0.041724364873614216,0.03858159114846221,0.04585379027098409,0.050917377055569514,0.015486732632857892,0.023462042796842695,0.018782721814722635,0.04973149678218739,0.052874270507339394,0.0031427737251520024,-0.004129425397369872,0.03543064442271162,0.02745533425872682,-0.007975310163984803,-0.003295989181864743
B0034,162,90,0.07607953464398559,0.03743351104368686,0.05068356387260562,0.027021044017727723,0.04927231636080193,0.015815926511799652,0.024549714951029377,0.014093857533650715,0.03864602360029873,0.02539597077137997,-0.013250052828918758,0.01041246702595914,0.033456389849002274,0.02472260140977255,-0.008733788439229725,0.001722068978148937
B0034,163,89,0.07675751746026001,0.021647446022240602,0.05807782255251673,0.020627319467077777,0.05388595900927263,0.014833424232316081,0.030704034192670034,0.013835413078340162,0.05511007143801941,0.01867969490774328,-0.03643037653027613,0.001020126555162825,0.03905253477695655,0.023181924816602594,-0.015870609960353953,0.0009980111539759189
B0034,164,89,0.08284582817276478,0.03298787067182939,0.0695720780731025,0.028069158323310025,0.055972882880359454,0.019475382583604612,0.037163583891797525,0.01787179226761375,0.04985795750093539,0.01327375009966228,-0.03658420740127311,0.004918712348519368,0.036497500296754845,0.01880929898856193,-0.017688201308192913,0.0016035903159908604
B0034,165,87,0.07739713898635257,0.03957640467216266,0.06992525407789854,0.027045384313936067,0.05770705357064745,0.02365484740137578,0.03836541317822582,0.01945723323875752,0.03782073431418991,0.007471884908454032,-0.03034884940573588,0.012531020358226595,0.03405220616927167,0.01934164039242163,-0.014710565776850038,0.004197614162618258
B0034,166,88,0.073770177287251,0.01719325153717389,0.06210247704966499,0.01937048724870053,0.05409641458178866,0.01501342852178359,0.03524593495753772,0.015645258924018236,0.056576925750077105,0.011667700237586003,-0.0449092255124911,-0.0021772357115266427,0.03908298606000507,0.01885047962425094,-0.02023250643575413,-0.0006318304022346448
B0034,167,88,0.07830174188893162,0.021962885696463947,0.06871802950635535,0.01969629314082854,0.053157635337427275,0.013984144406382782,0.033943318727824856,0.014650321921367317,0.05633885619246767,0.00958371238257627,-0.0467551438098914,0.002266592555635407,0.0391734909310445,0.01921431660960242,-0.019959174321442074,-0.0006661775149845346
B0034,168,88,0.08146996754081771,0.02421632401683282,0.07483468243097924,0.017250161975232277,0.05370167522620855,0.015195917635360257,0.03659605722433176,0.013988062063157896,0.05725364352398489,0.006635285109838476,-0.050618358414146414,0.006966162041600544,0.03850575759084829,0.017105618001876786,-0.021400139588971506,0.0012078555722023609
B0034,169,87,0.08326710870700879,0.04839152688426034,0.08150664080302572,0.030850089866466514,0.057577152302280506,0.024093903448063312,0.04136691575087624,0.019715658110393216,0.03487558182274845,0.0017604679039830706,-0.03311511391876538,0.01754143701779383,0.03348324885421719,0.016210236551404265,-0.01727301230281293,0.004378245337670096
B0034,170,87,0.09654133873070071,0.04664281489070748,0.08481360548236103,0.030581187604349008,0.06271919844152274,0.025367550201580335,0.043617819766107895,0.020054870703010957,0.049898523839993235,0.011727733248339686,-0.03817079059165355,0.01606162728635847,0.0373516482399424,0.019101378675414844,-0.01825026956452756,0.0053126794985693775
B0034,171,86,0.09482826444767078,0.06771490862560943,0.09459276626056129,0.034905931206362054,0.06550419334820594,0.033442408503702184,0.04919313051076068,0.024109039191751655,0.027113355822061355,0.00023549818710949522,-0.02687785763495186,0.032808977419247376,0.032061784844503755,0.01631106283744526,-0.015750722007058494,0.009333369311950529
B0034,172,87,0.09316288333873468,0.04068872674359762,0.07974736737345293,0.018062299404730597,0.05902430457825462,0.02107819483902521,0.04007613454894812,0.01479952828567174,0.05247415659513706,0.013415515965281746,-0.03905864062985531,0.022626427338867026,0.037946109739229406,0.018948170029306495,-0.018997939709922914,0.006278666553353468
B0034,173,87,0.07630345401356432,0.018134485801809288,0.07636815724659446,0.028353905768586526,0.05251259765232153,0.012725279407745406,0.037047195925009914,0.01720679775909922,0.05816896821175503,-6.470323303013614e-05,-0.05823367144478517,-0.010219419966777239,0.039787318244576125,0.015465401727311617,-0.024321916517264508,-0.004481518351353814
B0034,174,86,0.08153969891935493,0.04055565806001598,0.0876437390419652,0.01879532967594002,0.05658992857271456,0.022565207889467906,0.04431913880108182,0.01654237746078665,0.040984040859338954,-0.00610404012261026,-0.047088080981949214,0.02176032838407596,0.034024720683246655,0.012270789771632741,-0.021753930911613914,0.006022830428681257
B0034,175,86,0.09275524994387693,0.0423521583535147,0.09773880655445787,0.02571996012543523,0.06167576619943277,0.02651939815123116,0.04993709431918043,0.02107877877144571,0.050403091590362235,-0.004983556610580933,-0.05538664820094317,0.016632198228079466,0.03515636804820161,0.011738671880252335,-0.023417696167949274,0.00544061937978545
B0034,176,88,0.08935640956034947,0.02101574288694239,0.0848362905514233,0.040673294532175566,0.059789250022544434,0.017943794792367965,0.044888834865171735,0.02530961764193916,0.06834066667340707,0.004520119008926168,-0.06382054766448092,-0.019657551645233175,0.041845455230176465,0.014900415157372698,-0.02694504007280377,-0.007365822849571196
B0034,177,86,0.07533415533769626,0.035625072336714136,0.08098070649063902,0.026757764340583287,0.05903658737376228,0.026049340030063605,0.04835830449469101,0.02304610431625342,0.03970908300098212,-0.005646551152942755,-0.04535563415392488,0.00886730799613085,0.03298724734369868,0.010678282879071271,-0.022308964464627403,0.0030032357138101845
B0034,178,85,0.07845642472711029,0.05199103702991005,0.08413562796472059,0.036800979819315516,0.06070947608921259,0.02823611362581325,0.04682531100462675,0.024263669079081653,0.026465387697200235,-0.0056792032376103,-0.032144590934810535,0.015190057210594535,0.03247336246339934,0.013884165084585835,-0.018589197378813503,0.003972444546731596
B0034,179,85,0.08748523007563659,0.06631186231605363,0.09719257470116498,0.044275386130180575,0.0635457570352085,0.03467988139226562,0.05321098676240117,0.028638534958276153,0.021173367759582964,-0.009707344625528386,-0.03088071238511135,0.022036476185873052,0.02886587564294288,0.010334770272807325,-0.018531105370135553,0.006041346433989465
B0034,180,84,0.07893628691363173,0.062210300619911486,0.08446320966230865,0.03970790418250394,0.06223677770455591,0.032668078113057546,0.04940248985714789,0.026904854060686503,0.016725986293720248,-0.005526922748676916,-0.022252909042397163,0.02250239643740755,0.02956869959149836,0.012834287847408019,-0.016734411744090343,0.005763224052371042
B0034,181,85,0.0760288221555081,0.04242220829738438,0.08339135052311401,0.026278177152325232,0.058181983760612774,0.02402296091062537,0.04500302830378611,0.01985026274435738,0.033606613858123725,-0.007362528367605911,-0.040969142225729636,0.016144031145059145,0.034159022849987404,0.013178955456826666,-0.020980067393160738,0.004172698166267991
B0034,182,85,0.09538735815926266,0.04349584702954736,0.10259349712193891,0.030411131299128553,0.06587558204582601,0.030801270378558603,0.05708258582478371,0.02577866297543106,0.0518915111297153,-0.007206138962676245,-0.05909765009239155,0.013084715730418809,0.035074311667267405,0.0087929962210423,-0.02628131544622511,0.005022607403127544
B0034,183,84,0.10054454400719826,0.07186559895778523,0.1008259026903792,0.03837429228574441,0.06884008606288412,0.03676071111719855,0.055059180670780826,0.026885917162853795,0.028678945049413027,-0.0002813586831809378,-0.028960303732593964,0.03349130667204082,0.03207937494568557,0.013780905392103297,-0.018298469553582275,0.009874793954344756
B0034,184,83,0.08400920685772324,0.06832790628318651,0.09147760291293154,0.04450554078808941,0.06522665848529181,0.03709704004639934,0.05513920433038321,0.031026800239178084,0.015681300574536733,-0.007468396055208298,-0.02314969662974503,0.0238223654950971,0.028129618438892473,0.010087454154908602,-0.01804216428398387,0.006070239807221257
B0034,185,83,0.09539927572478978,0.0830616200009333,0.10398909383048945,0.050239056300255235,0.0688373788787974,0.04003159368345952,0.05598149715185928,0.030894079064498817,0.012337655723856478,-0.00858981810569967,-0.020927473829556148,0.03282256370067806,0.028805785195337878,0.01285588172693812,-0.015949903468399758,0.009137514618960705
B0034,186,82,0.07951480330180968,0.06600957304154434,0.08499689950888882,0.040120548680829475,0.06436832718812739,0.03630513754006607,0.05253627828315085,0.028982025998221573,0.013505230260265344,-0.005482096207079137,-0.01898732646734448,0.025889024360714864,0.028063189648061322,0.011832048904976543,-0.01623114074308478,0.0073231115418444966
B0034,187,82,0.08107514510023324,0.06809841119162727,0.0859521626093675,0.04162457642494288,0.0666325848920206,0.03952409405796789,0.05497831763975985,0.031314015142924714,0.012976733908605972,-0.00487701750913426,-0.017853751417740232,0.026473834766684384,0.027108490834052715,0.011654267252260757,-0.015454223581791958,0.008210078915043176
B0034,188,82,0.08254966193761448,0.07099809826586274,0.08906614383165928,0.04306154549378157,0.06648223825851789,0.03929298015186599,0.05593695282892523,0.031390590646901376,0.011551563671751738,-0.006516481894044801,-0.01806804556579654,0.027936552772081173,0.027189258106651897,0.010545285429592655,-0.016643972677059242,0.007902389504964615
B0034,189,83,0.10498822511884295,0.09365473166533538,0.10376138955197832,0.03955557301540667,0.07156879089726562,0.04383684332873623,0.05925293645560205,0.02921174296271519,0.011333493453507579,0.0012268355668646341,-0.010106657886642945,0.0540991586499287,0.027731947568529383,0.012315854441663568,-0.015416093126865815,0.014625100366021042
B0034,190,83,0.09103881242347772,0.06764963356125461,0.10296735199576974,0.044222346559793464,0.06675169983304373,0.038634651385618494,0.05915666641545252,0.031641292131559175,0.02338917886222311,-0.011928539572292021,-0.03531771843451513,0.02342728700146115,0.028117048447425234,0.007595033417591206,-0.02052201502983403,0.00699335925405932
B0034,191,82,0.08480907769706636,0.06923028121986696,0.09357627538171916,0.04492422590948965,0.06693300432970926,0.0398821767583986,0.057904526549461904,0.03269354916485869,0.015578796477199397,-0.008767197684652797,-0.024345994161852194,0.024306055310377314,0.027050827571310665,0.00902847778024736,-0.018022349791063305,0.007188627593539908
B0034,192,84,0.08471951744064796,0.03553036970562819,0.09799195073164835,0.06041560958093473,0.05630941558431373,0.02108194845035985,0.04820340105438771,0.03208081242858121,0.04918914773501977,-0.01327243329100039,-0.06246158102602016,-0.024885239875306546,0.03522746713395388,0.008106014529926021,-0.02712145260402786,-0.010998863978221363
B0034,193,84,0.08939786872332313,0.03701289738588932,0.10139233605259565,0.049239325454211065,0.05800016376051277,0.020144892109647233,0.04800302548147889,0.02581813827840781,0.052384971337433806,-0.01199446732927252,-0.06437943866670633,-0.012226428068321742,0.03785527165086554,0.009997138279033882,-0.027858133371831656,-0.005673246168760578
B0034,194,83,0.09153869396486586,0.06380996378310141,0.10466977516264488,0.03893894111330924,0.06327222950525835,0.03367980865685842,0.0558470750348097,0.026753607419030503,0.027728730181764444,-0.013131081197779018,-0.04085981137954346,0.024871022669792173,0.029592420848399928,0.007425154470448649,-0.02216726637795128,0.006926201237827917
B0034,195,83,0.09652612031825353,0.06766644662305313,0.10910465346153098,0.02476253529680594,0.0662942832657768,0.035585218769776314,0.05772846042878788,0.022764366637888864,0.0288596736952004,-0.012578533143277448,-0.04143820683847785,0.042903911326247185,0.030709064496000485,0.008565822836988916,-0.02214324165901157,0.01282085213188745
B0034,196,82,0.10424993980613553,0.09333937986329954,0.10856902293279931,0.032594388240651306,0.0717158320230795,0.04538351410560718,0.06345879150276659,0.028908066254814426,0.01091055994283599,-0.004319083126663778,-0.015229643069499768,0.06074499162264824,0.02633231791747232,0.008257040520312911,-0.01807527739715941,0.016475447850792756
B0036,137,209,0.043189175806151586,0.0037643647815112733,0.009278637293238074,0.0043899331529263265,0.02692568503179428,0.0023602671377471155,0.0071201756476273565,0.0025298779754815027,0.039424811024640315,0.033910538512913514,-0.0055142725117268004,-0.0006255683714150532,0.024565417894047165,0.019805509384166923,-0.004759908509880241,-0.00016961083773438723
B0036,138,208,0.04590909272627952,0.006369900873779115,0.009057315844232899,0.005663819842892767,0.027538343057443036,0.005008667480840823,0.0067601736978583965,0.0037511572521687652,0.039539191852500405,0.03685177688204662,-0.0026874149704537833,0.0007060810308863481,0.022529675576602213,0.02077816935958464,-0.001751506217017573,0.0012575102286720582
B0036,139,206,0.044703335825763565,0.00718014042107374,0.007870218494105815,0.005183591631088152,0.027511771746115847,0.006134078227969608,0.006106556375721873,0.0036640320610249583,0.037523195404689826,0.03683311733165775,-0.0006900780730320754,0.001996548789985588,0.021377693518146237,0.021405215370393974,2.7521852247735026e-05,0.0024700461669446496
B0036,140,207,0.041257881408748844,0.004798980055880289,0.01016685165890437,0.0064571615702185255,0.026916378585555477,0.0024517863063391247,0.00737750578073305,0.0035701545779423228,0.036458901352868556,0.031091029749844474,-0.005367871603024081,-0.0016581815143382368,0.02446459227921635,0.019538872804822426,-0.0049257194743939255,-0.001118368271603198
B0036,141,207,0.04217990298584706,0.004940339321102558,0.01090064371670034,0.009177005237708319,0.02712168410076869,0.004312638234089959,0.007535513827852985,0.005010461669178397,0.037239563664744506,0.03127925926914672,-0.0059603043955977816,-0.004236665916605761,0.02280904586667873,0.019586170272915704,-0.0032228755937630258,-0.0006978234350884377
B0036,142,205,0.04126206059539345,0.0036603498959539675,0.010092134133390315,0.005208213079221538,0.02669681391793119,0.0021509363062086153,0.0074726983581046725,0.0031020476292038957,0.03760171069943949,0.031169926462003138,-0.006431784237436348,-0.0015478631832675704,0.024545877611722573,0.01922411555982652,-0.005321762051896058,-0.0009511113229952804
B0036,143,204,0.04752575187555522,0.00993259018139732,0.01019722278987075,0.009158740715121247,0.028095970995945407,0.007113913394996182,0.007262103714711035,0.005848964790371534,0.0375931616941579,0.037328529085684466,-0.00026463260847342865,0.0007738494662760734,0.020982057600949226,0.02083386728123437,-0.00014819031971485298,0.0012649486046246482
B0036,144,203,0.0457857379247584,0.009307636099443434,0.009917122420797368,0.007999600277433074,0.02783757266847439,0.007361795135734276,0.00760630089015103,0.005415552194045501,0.03647810182531497,0.03586861550396103,-0.0006094863213539341,0.0013080358220103599,0.020475777532740113,0.02023127177832336,-0.0002445057544167538,0.0019462429416887755
B0036,145,203,0.042758270586767205,0.006732015790154177,0.010468559361695495,0.00759013665360126,0.02727677571913028,0.005232945052288124,0.008661047343376416,0.0052021651075817455,0.036026254796613026,0.03228971122507171,-0.003736543571541318,-0.0008581208634470825,0.022043830666842155,0.018615728375753864,-0.003428102291088292,3.0779944706378105e-05
B0036,146,204,0.0476223918047253,0.007657434074411574,0.012560057352473813,0.010115575684817295,0.027849056701556227,0.0036011893896825535,0.009406920000459253,0.00644112392391799,0.03996495773031373,0.03506233445225149,-0.004902623278062239,-0.0024581416104057204,0.024247867311873672,0.018442136701096973,-0.0058057306107767,-0.0028399345342354364
B0036,147,205,0.04543972029164414,0.007992297676211606,0.01425154615670047,0.037493005864817755,0.027519983364954453,0.005276150299248612,0.011479034025045612,0.02051413022482725,0.03744742261543253,0.031188174134943673,-0.006259248480488864,-0.02950070818860615,0.02224383306570584,0.016040949339908843,-0.006202883725797,-0.015237979925578637
B0036,148,203,0.04668460146887381,0.0075533585906564045,0.013860346818345998,0.010422815070369967,0.027620685644238665,0.004114834629510574,0.011218823059770606,0.006908493471715736,0.039131242878217405,0.03282425465052781,-0.006306988227689593,-0.0028694564797135625,0.02350585101472809,0.01640186258446806,-0.007103988430260032,-0.0027936588422051616
B0036,149,201,0.04257295300638211,0.00691086557791648,0.014890852929068615,0.007503991113403899,0.02710753535987607,0.00552782392588621,0.012603446933593035,0.00529997199828686,0.035662087428465626,0.02768210007731349,-0.007979987351152136,-0.0005931255354874191,0.02157971143398986,0.014504088426283033,-0.007075623007706825,0.00022785192759935003
B0036,150,200,0.04357366428078089,0.010204330085152253,0.015188767133576954,0.00886620655791557,0.02820130336642915,0.008757626262167884,0.012834111389830198,0.00720463909421192,0.03336933419562864,0.028384897147203936,-0.004984437048424701,0.0013381235272366832,0.019443677104261266,0.015367191976598953,-0.004076485127662314,0.0015529871679559638
B0036,151,200,0.049467630270805196,0.013979810721675413,0.017116138751478632,0.01257740184218745,0.029469842702425142,0.011059992680059591,0.0135712948940358,0.009228184015029504,0.03548781954912979,0.032351491519326564,-0.0031363280298032196,0.0014024088794879624,0.018409850022365552,0.01589854780838934,-0.0025113022139762083,0.0018318086650300873
B0036,152,199,0.04588019284337115,0.010865334316276678,0.01782049946548543,0.00939737828982675,0.02858520909675103,0.009065711659945172,0.01473509288134058,0.007343085030937834,0.035014858527094475,0.02805969337788572,-0.006955165149208754,0.0014679560264499267,0.01951949743680586,0.01385011621541045,-0.005669381221395408,0.001722626629007338
B0036,153,198,0.04329701737463429,0.00964262436063763,0.019960367600781345,0.008275486579668225,0.027891599268037227,0.008064150489907367,0.01680863091027599,0.006565525434416976,0.033654393013996656,0.023336649773852945,-0.010317743240143715,0.0013671377809694046,0.01982744877812986,0.011082968357761236,-0.008744480420368624,0.0014986250554903909
B0036,154,197,0.047814883711532,0.013033500868923133,0.020978623489683604,0.01142532073352243,0.02941179775861898,0.010716305089946617,0.017238420054381445,0.008811620320464996,0.03478138284260887,0.026836260221848398,-0.007945122620760471,0.0016081801354007035,0.01869549266867236,0.012173377704237535,-0.006522114964434828,0.001904684769481621
B0036,155,203,0.04246805333496787,0.012147945991121173,0.02468275077659037,0.011823914649430157,0.028207381812400525,0.009494205591397981,0.02009393599980743,0.00953626561130324,0.0303201073438467,0.0177853025583775,-0.012534804785469198,0.0003240313416910164,0.018713176221002544,0.008113445812593094,-0.01059973040840945,-4.206001990525801e-05
B0036,156,205,0.044348504033569665,0.012624553975609168,0.02706955326809584,0.011707655688028602,0.02899210547842049,0.011874381002986188,0.0227468106318251,0.009841259137475068,0.0317239500579605,0.017278950765473824,-0.014444999292486672,0.0009168982875805663,0.017117724475434304,0.006245294846595393,-0.010872429628838911,0.00203312186551112
B0036,157,204,0.04644110758462608,0.008614712575531109,0.02680761041536182,0.0072945760820391095,0.028530796380842008,0.007754204309710483,0.022575753405215504,0.006333754855516543,0.037826395009094974,0.01963349716926426,-0.01819289783983071,0.0013201364934919994,0.020776592071131524,0.005955042975626504,-0.01482154909550502,0.0014204494541939401
B0036,158,203,0.04796334991398078,0.006979510135783278,0.02758898892854637,0.008367590957602178,0.028408867245841112,0.004807759856478939,0.022836714129852498,0.00621320227636921,0.0409838397781975,0.020374360985434412,-0.020609478792763092,-0.0013880808218188993,0.023601107389362174,0.005572153115988614,-0.01802895427337356,-0.0014054424198902708
B0036,159,202,0.0455887696874848,0.005820147807386448,0.02842713769489004,0.00636528334062453,0.027975379037034554,0.003823606300829819,0.024422845392543354,0.00501186194209081,0.03976862188009835,0.01716163199259476,-0.022606989887503592,-0.0005451355332380817,0.024151772736204734,0.0035525336444912,-0.020599239091713534,-0.001188255641260991
B0036,160,202,0.046221575322659546,0.006226651242384063,0.03059752966918234,0.006184516985518165,0.028309245021192822,0.005071571943222945,0.026213434180935167,0.005043473049852362,0.03999492408027548,0.015624045653477206,-0.024370878426798276,4.213425686589844e-05,0.023237673077969877,0.002095810840257655,-0.021141862237712222,2.809889337058221e-05
B0036,161,202,0.04670310927560304,0.008681806620772765,0.03300265001211725,0.008325505814688532,0.028891283411889547,0.00773002736407287,0.02843725809163482,0.006246007771256046,0.03802130265483027,0.013700459263485787,-0.024320843391344486,0.0003563008060842327,0.021161256047816678,0.0004540253202547258,-0.020707230727561952,0.0014840195928168248
B0036,162,200,0.04865386712531671,0.006646152844427828,0.03376191899869922,0.007135219474342368,0.02867137562303471,0.0045264007408329565,0.0285317573434471,0.004784320003946061,0.04200771428088888,0.01489194812661749,-0.027115766154271394,-0.0004890666299145405,0.024144974882201752,0.00013961827958761108,-0.02400535660261414,-0.00025791926311310477
B0036,163,199,0.04368435651403976,0.004458563222508132,0.03330296542594181,0.004745993678331541,0.027642395891495163,0.0034794758204778225,0.029367926778007133,0.003471198559591231,0.03922579329153163,0.01038139108809795,-0.02884440220343368,-0.0002874304558234085,0.02416292007101734,-0.001725530886511971,-0.02588845095752931,8.27726088659152e-06
B0036,164,198,0.043895276139464735,0.005070753154000313,0.03402359106835661,0.004595288557533921,0.027736371340729447,0.004200272217236097,0.029986292537849762,0.003643700854268681,0.03882452298546442,0.009871685071108124,-0.028952837914356298,0.000475464596466392,0.023536099123493352,-0.002249921197120315,-0.025786020320613667,0.0005565713629674157
B0036,165,197,0.04106664174499859,0.007499102108771264,0.036228505746989464,0.007290922404041391,0.02722355468126829,0.005317406251565855,0.03219922772608574,0.004630502004665434,0.03356753963622733,0.004838135998009127,-0.0287294036382182,0.0002081797047298736,0.021906148429702434,-0.004975673044817448,-0.026881821474519882,0.0006869042469004214
B0036,166,198,0.044995906994298895,0.004599495069450327,0.0371701076299654,0.005569560519093025,0.02805746654454114,0.0034943997461823807,0.03255981108389394,0.004020126651728189,0.040396411924848566,0.007825799364333495,-0.03257061256051507,-0.0009700654496426981,0.02456306679835876,-0.0045023445393528,-0.02906541133771156,-0.0005257269055458087
B0036,167,197,0.041375533144801996,0.007974915599981078,0.040326379965672024,0.007718790019785409,0.027408812894014672,0.005461484882233468,0.0356517736992306,0.005375451792903064,0.03340061754482092,0.0010491531791299719,-0.032351464365690946,0.0002561255801956687,0.021947328011781203,-0.00824296080521593,-0.030190288816997132,8.603308933040343e-05
B0036,168,197,0.04644505010390915,0.005066413267408513,0.04057517679041414,0.005895680451680771,0.02822511208026364,0.003397303375912558,0.03502601335228424,0.0041109580577005644,0.041378636836500636,0.005869873313495005,-0.03550876352300563,-0.0008292671842722579,0.02482780870435108,-0.006800901272020599,-0.03162870997637168,-0.0007136546817880065
B0036,169,195,0.04468050007121451,0.005269649222187437,0.040249087893288835,0.004212439261399359,0.027949572296689713,0.004382968746970463,0.03493776332150559,0.003407868945663529,0.039410850849027075,0.004431412177925677,-0.0349794386711014,0.0010572099607880784,0.02356660354971925,-0.006988191024815876,-0.030554794574535128,0.0009750998013069341
B0036,170,195,0.04863931956506532,0.009340268270778943,0.041085326368756656,0.0077452202938558855,0.029035146410949425,0.00731816658841684,0.0348716134994626,0.005298018082779737,0.039299051294286375,0.007553993196308666,-0.031745058097977716,0.0015950479769230577,0.021716979822532585,-0.005836467088513174,-0.02755344691104576,0.0020201485056371028
B0036,171,194,0.04843551199693672,0.010504858219957593,0.0413648135117188,0.008429167767738907,0.029737915109737167,0.008905634402772533,0.03520380961086129,0.006727325307354333,0.03793065377697913,0.007070698485217922,-0.030859955291761207,0.002075690452218686,0.020832280706964634,-0.00546589450112412,-0.026298175208088755,0.0021783090954182
B0036,172,195,0.04869059337296371,0.009001552559108778,0.044259020460240786,0.008482339771721551,0.028631980575736383,0.0050099192911676575,0.03735709788069356,0.00539201745847217,0.03968904081385494,0.004431572912722927,-0.03525746790113201,0.0005192127873872264,0.023622061284568726,-0.008725117304957175,-0.032347178589525905,-0.00038209816730451224
B0036,173,194,0.04367225751855462,0.0059615836836191816,0.04596776970564759,0.006049844717887537,0.027711750801861168,0.004037958845427972,0.039623586715717,0.004508459881478969,0.03771067383493544,-0.0022955121870929657,-0.040006186022028406,-8.826103426835558e-05,0.023673791956433196,-0.011911835913855834,-0.03558562787028903,-0.00047050103605099716
B0036,174,193,0.04708846040640617,0.006459110006272268,0.04669247837689107,0.007441669021309418,0.02833632853865631,0.00458343106624422,0.03934239183195665,0.00520401773178877,0.04062935040013391,0.00039598202951510175,-0.040233368370618805,-0.0009825590150371504,0.02375289747241209,-0.011006063293300335,-0.03475896076571243,-0.0006205866655445503
B0036,175,192,0.04875395966113894,0.010057863537865551,0.046700520014886636,0.008723085754009569,0.029226432621720835,0.007966353500313737,0.03899431513736737,0.006365926131257002,0.03869609612327339,0.002053439646252306,-0.036642656477021085,0.0013347777838559824,0.021260079121407097,-0.009767882515646534,-0.031027961637053632,0.0016004273690567354
B0036,176,194,0.04666329327833228,0.00682661271042367,0.04658235665909803,0.008456478402438898,0.028736374054127,0.004941880381178824,0.03950895306317394,0.007021593365821816,0.039836680567908615,8.093661923425088e-05,-0.039755743948674364,-0.0016298656920152284,0.023794493672948176,-0.010772579009046938,-0.03456707268199512,-0.002079712984642992
B0036,177,192,0.044911265674748346,0.010582812033128176,0.04775657036088224,0.005795993271011564,0.028465123408097193,0.007092843275250398,0.040272908384765445,0.005016482669595523,0.03432845364162017,-0.0028453046861338926,-0.03717375832775406,0.004786818762116612,0.021372280132846797,-0.011807784976668251,-0.033180065109515045,0.0020763606056548745
B0036,178,191,0.04726858803141211,0.009513191391135127,0.04904137192904961,0.007467931810630181,0.029072248292727046,0.008174565921067908,0.040866114356650794,0.006153890632647867,0.03775539664027698,-0.001772783897637499,-0.03952818053791448,0.002045259580504946,0.020897682371659138,-0.011793866063923748,-0.03269154843558289,0.002020675288420041
B0036,179,190,0.04477706036762386,0.009111786698141399,0.050407752556240054,0.00691645428308741,0.028739819130882503,0.008065625103390426,0.041995830768427875,0.006058927352162955,0.03566527366948247,-0.005630692188616192,-0.04129596585809865,0.002195332415053989,0.020674194027492078,-0.013256011637545372,-0.03393020566503745,0.0020066977512274717
B0036,180,189,0.04491609442018976,0.009723018471813819,0.05170266493038992,0.007514537902447364,0.02903665164266666,0.008702829149806805,0.04276669386354902,0.006698955558501058,0.035193075948375944,-0.006786570510200159,-0.0419796464585761,0.0022084805693664547,0.020333822492859855,-0.013730042220882359,-0.03406386471374222,0.0020038735913057463
B0036,181,189,0.047427625135765275,0.010629807967360853,0.05289225450630376,0.00877540203740054,0.029495768090892986,0.009161454393815441,0.043663812057136445,0.007323151810779394,0.036797817168404426,-0.005464629370538487,-0.04226244653894291,0.0018544059299603118,0.020334313697077545,-0.014168043966243458,-0.03450235766332101,0.0018383025830360474
B0036,182,188,0.05004708350891893,0.013980093846668054,0.053397953165417435,0.012038343695700587,0.03116373924199081,0.011818342414099734,0.04434218708263873,0.009725672249844521,0.03606698966225087,-0.0033508696564985077,-0.03941785931874938,0.0019417501509674667,0.019345396827891076,-0.013178447840647919,-0.03252384466853899,0.002092670164255213
B0036,183,188,0.05151883516194129,0.015317953377305836,0.05575257200528272,0.013516334141462976,0.03118672448325598,0.012327237722467655,0.046205691065020885,0.010098707514003923,0.03620088178463546,-0.004233736843341426,-0.040434618627976884,0.00180161923584286,0.018859486760788323,-0.015018966581764905,-0.03387845334255323,0.002228530208463732
B0036,184,187,0.05026485734959878,0.01451659814919035,0.05660128413423459,0.012577901513185137,0.03106647525854653,0.012107635171031738,0.04670096131555547,0.009935169660205308,0.03574825920040843,-0.006336426784635814,-0.04208468598504424,0.0019386966360052122,0.01895884008751479,-0.01563448605700894,-0.034593326144523734,0.00217246551082643
B0036,185,186,0.047520608190233744,0.013237205158312611,0.057932554240390136,0.011062118455540162,0.030653390642148462,0.011563152056014308,0.046999884630447145,0.009444070807959322,0.034283403031921136,-0.010411946050156391,-0.04469534908207752,0.0021750867027724493,0.019090238586134154,-0.016346493988298683,-0.03543673257443283,0.0021190812480549864
B0036,186,185,0.04991205883082835,0.014809263179697213,0.05951122177341517,0.012837522275014506,0.03137502821670706,0.012518790491542298,0.04861640331751935,0.010426667272062366,0.03510279565113114,-0.009599162942586816,-0.04470195859371796,0.001971740904682707,0.018856237725164763,-0.017241375100812285,-0.03609761282597705,0.002092123219479932
B0036,187,185,0.04658804490717301,0.013609901984154989,0.060454290592838134,0.011354787620223775,0.03076315261998939,0.01208360883718735,0.04890337119741799,0.009922920676782628,0.032978142923018025,-0.013866245685665121,-0.046844388608683146,0.002255114363931214,0.018679543782802042,-0.0181402185774286,-0.03681976236023064,0.0021606881604047216
B0036,188,184,0.04922712772816086,0.015449052868209464,0.06246512170240458,0.013289825507596512,0.03195029029262255,0.01339243797213037,0.050428223883243695,0.011207724706156887,0.03377807485995139,-0.013237993974243717,-0.04701606883419511,0.0021592273606129524,0.01855785232049218,-0.018477933590621144,-0.037035785911113325,0.0021847132659734824
B0036,189,183,0.04676053402102811,0.01491074751099769,0.06449490394732174,0.012279021992417425,0.03163540631605094,0.013181530163273067,0.051425774533882085,0.010929267280932495,0.03184978651003042,-0.017734369926293632,-0.04958415643632405,0.0026317255185802652,0.018453876152777875,-0.019790368217831145,-0.03824424437060902,0.002252262882340572
B0036,190,182,0.046920700663656695,0.014675099148759876,0.06617348823616745,0.01244140231879197,0.03188600084387234,0.013192523110237723,0.05265896559469033,0.011146773582118756,0.03224560151489682,-0.019252787572510754,-0.05149838908740757,0.002233696829967907,0.018693477733634615,-0.02077296475081799,-0.03946644248445261,0.0020457495281189664
B0036,191,182,0.05035290503338132,0.016981016336356406,0.06688607052971093,0.014882629717981414,0.03326335449504756,0.014726921967745681,0.053562859540305215,0.012612919615578205,0.03337188869702491,-0.016533165496329612,-0.04990505419335453,0.0020983866183749925,0.01853643252730188,-0.020299505045257654,-0.038835937572559535,0.002114002352167476
B0036,192,184,0.0436969014576509,0.009637477262230864,0.0703941164698542,0.013973386525501367,0.027716551297787374,0.006237851163206291,0.05574776394677923,0.011060597204761545,0.03405942419542003,-0.026697215012203304,-0.060756639207623336,-0.004335909263270503,0.021478700134581082,-0.028031212648991857,-0.04950991278357294,-0.004822746041555253
B0036,193,184,0.049849207671494214,0.011523921780232147,0.07159416983706487,0.016043139259918376,0.02898714593736651,0.007645872913914495,0.05696595416422427,0.011901427041255897,0.038325285891262065,-0.02174496216557066,-0.060070248056832726,-0.004519217479686229,0.021341273023452016,-0.027978808226857763,-0.049320081250309775,-0.004255554127341402
B0036,194,182,0.04873050427921411,0.012469987803924958,0.07280977440482501,0.014022954566076263,0.02957564380955653,0.010093730062006355,0.05750612305957938,0.010968543795351421,0.036260516475289155,-0.024079270125610903,-0.06033978660090006,-0.001552966762151305,0.019481913747550178,-0.02793047925002285,-0.04741239299757303,-0.0008748137333450656
B0036,195,180,0.046214234616825674,0.013673984609814577,0.07459886770158074,0.012815990650310886,0.030654949328974033,0.012215834297795386,0.058894147281618334,0.01123359080056088,0.03254025000701109,-0.028384633084755063,-0.06092488309176616,0.0008579939595036914,0.01843911503117865,-0.0282391979526443,-0.046678312983822946,0.000982243497234506
B0036,196,179,0.047855050505772365,0.015181794167156003,0.07584359732798693,0.013849646588435483,0.03179856892819508,0.0134395513226384,0.06015124632756119,0.01209717637263303,0.03267325633861636,-0.027988546822214563,-0.060661803160830925,0.00133214757872052,0.018359017605556683,-0.02835267739936611,-0.046711695004922796,0.0013423749500053699
B0038,32,587,0.08899400894269403,0.006997039040327527,0.027278875729992044,0.003800212652562224,0.04945559649285294,0.0017586654802953438,0.010795926406005322,0.00145826918895667,0.0819969699023665,0.061715133212701986,-0.020281836689664517,0.0031968263877653028,0.0476969310125576,0.03865967008684762,-0.00903726092570998,0.00030039629133867376
B0038,33,585,0.08775474090881825,0.004105463278825442,0.0314318523592862,0.008047172656504393,0.04934175398131181,0.00132620057383267,0.017095949495881092,0.001915421246894152,0.08364927762999282,0.05632288854953205,-0.02732638908046076,-0.0039417093776789505,0.04801555340747914,0.03224580448543072,-0.015769748922048424,-0.0005892206730614821
B0038,34,583,0.08952755826285935,0.005288759425807709,0.03794499588978285,0.008978097725752003,0.04944850478889602,0.002216905717444635,0.022365971573500718,0.002793356432817336,0.08423879883705164,0.051582562373076506,-0.03265623646397514,-0.0036893382999442937,0.047231599071451386,0.027082533215395305,-0.02014906585605608,-0.0005764507153727012
B0038,35,580,0.09043284952438359,0.00952599321241892,0.0445376612588205,0.006011043223511318,0.04960442831454112,0.0025537466792789508,0.027230675418279438,0.0022231948486590644,0.08090685631196468,0.04589518826556309,-0.03501166804640158,0.0035149499889076015,0.04705068163526217,0.022373752896261683,-0.024676928739000487,0.00033055183061988635
B0038,36,577,0.08671939944540771,0.012140237361356273,0.045803313362632436,0.006232406536907688,0.04881387954425728,0.0038875361157499925,0.03114342073249669,0.003212297486875669,0.07457916208405144,0.04091608608277528,-0.03366307600127616,0.005907830824448585,0.04492634342850729,0.017670458811760593,-0.027255884616746696,0.0006752386288743236
B0038,37,575,0.08980757991917925,0.015423135886735788,0.05287822837019673,0.008265634763046911,0.049491086722435275,0.003648313489958555,0.037484142469268865,0.0027768996117786097,0.07438444403244346,0.03692935154898252,-0.03745509248346094,0.007157501123688877,0.04584277323247672,0.01200694425316641,-0.03383582897931031,0.0008714138781799451
B0038,38,571,0.08284634301126698,0.017386837445329515,0.0547566816828844,0.01071891296476291,0.048196013301003954,0.00412809365193155,0.04308549234199873,0.00357166537272287,0.06545950556593746,0.028089661328382573,-0.03736984423755489,0.006667924480566604,0.044067919649072404,0.005110520959005223,-0.03895739869006718,0.0005564282792086799
B0038,39,281,0.08039112205952524,0.0288257172808545,0.34480148139186173,0.04032932439378632,0.049852728094028194,0.014191159296548626,0.1469670864245383,0.019018209463654952,0.05156540477867074,-0.2644103593323365,-0.31597576411100725,-0.011503607112931823,0.035661568797479566,-0.0971143583305101,-0.13277592712798966,-0.0048270501671063264
B0038,40,281,0.0900435617159089,0.03054017653367972,0.3385038910593142,0.03948175704405239,0.051436691132280964,0.015165819360458414,0.1442414421082997,0.018744244894104704,0.059503385182229175,-0.24846032934340534,-0.3079637145256345,-0.008941580510372672,0.036270871771822547,-0.09280475097601873,-0.1290756227478413,-0.00357842553364629
B0038,41,280,0.09140307906850897,0.030061660803513877,0.3288235046534266,0.039937017632106636,0.05169849070927557,0.015319172743404396,0.13941432001558454,0.018865766714611043,0.0613414182649951,-0.2374204255849176,-0.2987618438499127,-0.009875356828592759,0.03637931796587117,-0.08771582930630897,-0.12409514727218014,-0.003546593971206647
B0038,42,278,0.08673121190902269,0.02613285358422143,0.3172333062507701,0.04015316973073822,0.05071066390357758,0.013884804392384287,0.13427139040224884,0.018486155757206423,0.06059835832480126,-0.23050209434174743,-0.2911004526665487,-0.014020316146516793,0.03682585951119329,-0.08356072649867126,-0.12038658600986454,-0.004601351364822136
B0038,43,277,0.08904105886674758,0.026525324109505498,0.31161188687901553,0.04034763657337756,0.05098177934271213,0.013543026059721991,0.13349009545707655,0.01805918808300979,0.06251573475724209,-0.22257082801226796,-0.28508656276951005,-0.013822312463872062,0.037438753282990136,-0.08250831611436442,-0.11994706939735456,-0.004516162023287799
B0038,44,275,0.07701569672029113,0.019248134814858497,0.30465336801653303,0.03162966279316672,0.04852102473941904,0.011522614050404308,0.13174945524435747,0.015504569431253685,0.05776756190543263,-0.2276376712962419,-0.28540523320167455,-0.012381527978308226,0.03699841068901474,-0.08322843050493842,-0.12022684119395316,-0.003981955380849377
B0038,45,129,0.0877759153982253,0.11930616312948181,1.2490888065250525,0.1417760194545863,0.06123580790601888,0.057302067831289424,0.8542594910568033,0.06391846148835781,-0.03153024773125651,-1.1613128911268271,-1.1297826433955707,-0.02246985632510448,0.003933740074729457,-0.7930236831507844,-0.7969574232255139,-0.006616393657068384
B0038,46,129,0.08555403535536503,0.11342253566957229,1.2494235713989572,0.13588517283600746,0.05624700012231361,0.04360362079836049,0.8583927698526718,0.053767915400598935,-0.027868500314207262,-1.1638695360435922,-1.1360010357293848,-0.022462637166435165,0.012643379323953118,-0.8021457697303581,-0.8147891490543113,-0.010164294602238444
B0039,32,583,0.07467188007654756,0.00712804075883117,0.018792353767821686,0.0060469462867205805,0.0397558347318618,0.0019919531054337684,0.007912327809671106,0.0018398446297313506,0.06754383931771639,0.05587952630872587,-0.011664313008990516,0.0010810944721105897,0.03776388162642803,0.03184350692219069,-0.005920374704237338,0.00015210847570241775
B0039,33,580,0.07286280586297712,0.008599435687140439,0.019994658632233573,0.0076143793899001505,0.039442603260150554,0.00269174513783341,0.011043891273613597,0.0025800627453843187,0.06426337017583668,0.052868147230743553,-0.011395222945093134,0.0009850562972402886,0.03675085812231714,0.028398711986536956,-0.008352146135780187,0.00011168239244909155
B0039,34,577,0.06911601536634013,0.005857023266337086,0.022928753780588042,0.005883338309187444,0.038511171798874436,0.003609673128467949,0.016873783899057245,0.0035070073287401097,0.06325899210000305,0.046187261585752086,-0.017071730514250955,-2.6315042850357656e-05,0.03490149867040648,0.02163738789981719,-0.013264110770589296,0.00010266579972783912
B0039,35,574,0.0692700177762781,0.005681340727576439,0.03334927568793774,0.005921852671888884,0.03859245326184793,0.003168602586249019,0.027903036624961335,0.0030916092995119855,0.06358867704870166,0.03592074208834036,-0.0276679349603613,-0.00024051194431244476,0.03542385067559891,0.010689416636886596,-0.024734434038712318,7.699328673703345e-05
B0039,36,571,0.07126392081116527,0.007841518526698005,0.0463875128602802,0.007479482927952835,0.03888463684689802,0.004056519138110163,0.0397876058899326,0.003956657693208662,0.06342240228446726,0.02487640795088507,-0.0385459943335822,0.0003620355987451699,0.034828117708787854,-0.0009029690430345794,-0.03573108675182243,9.986144490150076e-05
B0039,37,569,0.07479801145762885,0.009954802176953324,0.059821607080021634,0.00947692454336896,0.03959151410874504,0.004310556840533536,0.050143875792453434,0.004160103935783834,0.06484320928067552,0.014976404377607215,-0.04986680490306831,0.0004778776335843636,0.0352809572682115,-0.010552361683708392,-0.045833318951919895,0.00015045290474970194
B0039,38,565,0.0683463147133246,0.006837212383697832,0.06991037246115564,0.006925125249010796,0.03834425043885182,0.004450118881272232,0.05838525487346758,0.004428325368689561,0.061509102329626766,-0.0015640577478310408,-0.06307316007745781,-8.79128653129644e-05,0.03389413155757959,-0.02004100443461576,-0.05393513599219535,2.179351258267074e-05
B0039,39,270,0.07540951822600293,0.06525039173694505,0.374886312981739,0.06476245429732738,0.05579338417488312,0.051173477575078986,0.2774082509688845,0.05036861663024341,0.010159126489057882,-0.2994767947557361,-0.309635921244794,0.00048793743961766944,0.004619906599804137,-0.22161486679400139,-0.22623477339380552,0.0008048609448355754
B0039,40,267,0.07622239020938179,0.06820944466962466,0.35783762088128473,0.06759435498075655,0.0577903539046448,0.05381275592093992,0.27165812039003717,0.05292399007751899,0.008012945539757135,-0.28161523067190297,-0.2896281762116601,0.0006150896888681007,0.003977597983704881,-0.21386776648539238,-0.21784536446909725,0.00088876584342093
B0039,41,265,0.0772795735522885,0.07028388056636763,0.34403184238641676,0.06962843141447533,0.05779416452527762,0.05409657427795038,0.2683181617074125,0.053152393214403036,0.0069956929859208705,-0.2667522688341283,-0.2737479618200491,0.0006554491518922928,0.0036975902473272426,-0.21052399718213488,-0.21422158742946212,0.0009441810635473433
B0039,42,263,0.07699580232019482,0.07073514873614949,0.3328368106023431,0.07007446173549337,0.056818893490629754,0.05353409734017374,0.2658132833586848,0.05256415901985647,0.006260653584045331,-0.2558410082821483,-0.2621016618661936,0.0006606870006561211,0.0032847961504560153,-0.20899438986805507,-0.2122791860185111,0.0009699383203172693
B0039,43,261,0.0759929380165319,0.0699031640750275,0.32335543066913963,0.06920951593375456,0.0558366610467528,0.05266085925845525,0.26345438162647644,0.051635991202132976,0.006089773941504395,-0.24736249265260773,-0.25345226659411213,0.0006936481412729428,0.003175801788297551,-0.20761772057972364,-0.21079352236802118,0.0010248680563222715
B0039,44,259,0.07550435657081885,0.06980508651582412,0.31351453234797344,0.06905580552218864,0.054860973573738765,0.0518535896340437,0.2606398157604672,0.050729857643512996,0.005699270054994723,-0.2380101757771546,-0.24370944583214932,0.0007492809936354844,0.003007383939695067,-0.20577884218672843,-0.2087862261264235,0.001123731990530702
B0039,45,109,0.137493326234834,0.1395742915156837,0.9134797943126916,0.13898106395606002,0.13457833181591614,0.13671182526130524,0.5930492416490613,0.1354397410518369,-0.002080965280849695,-0.7759864680778575,-0.7739055027970079,0.0005932275596236825,-0.002133493445389101,-0.4584709098331451,-0.45633741638775605,0.0012720842094683382
B0039,46,109,0.15051431848559316,0.15332916968359966,0.9315743655001019,0.1527103967243075,0.14705095393990134,0.14965875722105748,0.6067273851362471,0.14840713720573773,-0.002814851198006507,-0.7810600470145087,-0.7782451958165022,0.0006187729592921631,-0.002607803281156146,-0.4596764311963458,-0.45706862791518965,0.0012516200153197543
B0040,32,571,0.05857741928570427,0.00318674191061618,0.010607614841586016,0.0033399457316732927,0.03514626410626817,0.0017010806485709524,0.005866927508347805,0.0017599598466259516,0.05539067737508809,0.047969804444118254,-0.007420872930969836,-0.00015320382105711268,0.03344518345769722,0.029279336597920366,-0.004165846859776853,-5.887919805499923e-05
B0040,33,568,0.055867259965831306,0.0018948133828822198,0.014485352044233813,0.001865956426789346,0.034705898479552647,0.0013217104605905213,0.009439666690952326,0.00132474563309656,0.053972446582949085,0.041381907921597495,-0.012590538661351593,2.8856956092873772e-05,0.033384188018962126,0.02526623178860032,-0.008117956230361805,-3.035172506038724e-06
B0040,34,566,0.05673205736531079,0.0024526577098356274,0.018279543404926237,0.002583967360319552,0.034702768291247375,0.0021732570888704232,0.013945656168101154,0.0022806226431970737,0.054279399655475166,0.03845251396038456,-0.01582688569509061,-0.00013130965048392456,0.03252951120237695,0.020757112123146224,-0.01177239907923073,-0.00010736555432665044
B0040,35,564,0.058787374326703445,0.0037331731442695392,0.02205010450524216,0.003927657361966705,0.035178324216999665,0.0024422223821060182,0.017702630604467882,0.0025454149484285637,0.055054201182433905,0.036737269821461284,-0.01831693136097262,-0.00019448421769716583,0.032736101834893644,0.017475693612531783,-0.015260408222361865,-0.0001031925663225455
B0040,36,561,0.05830744545907181,0.003445707399122375,0.02498220021462384,0.0036296883195170776,0.03505550050344026,0.0026490469382192015,0.020235233685393737,0.0027334394283143704,0.054861738059949434,0.033325245244447965,-0.021536492815501462,-0.00018398092039470255,0.03240645356522106,0.014820266818046521,-0.017586186747174534,-8.439249009516885e-05
B0040,37,559,0.058029308035800364,0.0035353180247835615,0.028488461597174494,0.003641848182367764,0.03499539854798211,0.0027684714615980586,0.02377776346254154,0.002823777513301977,0.054493990011016805,0.02954084643862587,-0.02495314357239093,-0.00010653015758420271,0.03222692708638405,0.011217635085440568,-0.02100929200094348,-5.530605170391825e-05
B0040,38,556,0.05702795798360225,0.002968054404824564,0.0320552829809062,0.0031535432172588693,0.034829618279280807,0.0026529775463600158,0.02783243693813411,0.002801446481289159,0.054059903578777685,0.02497267500269605,-0.029087228576081637,-0.0001854888124343053,0.03217664073292079,0.006997181341146696,-0.025179459391774094,-0.00014846893492914334
B0040,39,269,0.05187078069462691,0.025179687631112196,0.30437317639193656,0.02403559680733521,0.03857129943625473,0.022047821283594886,0.15664248754436902,0.0207350650895276,0.026691093063514713,-0.25250239569730965,-0.2791934887608244,0.001144090823776988,0.016523478152659844,-0.11807118810811429,-0.13459466626077413,0.0013127561940672848
B0040,40,268,0.05434092719646901,0.028571031152180845,0.2957462761895426,0.027410516541924987,0.039839154968212956,0.02399200229606669,0.1544510175311552,0.022665560586414963,0.025769896044288167,-0.24140534899307356,-0.26717524503736173,0.0011605146102558576,0.015847152672146265,-0.11461186256294224,-0.13045901523508852,0.0013264417096517274
B0040,41,266,0.05361821942826116,0.03389866515792542,0.28523651181792303,0.03280126631241074,0.03998354280525313,0.026061488775306896,0.1523675535240444,0.024685126617594526,0.01971955427033574,-0.23161829238966186,-0.2513378466599976,0.0010973988455146785,0.013922054029946236,-0.11238401071879128,-0.1263060647487375,0.00137636215771237
B0040,42,264,0.05227334536132922,0.03702099994883746,0.2762567998270279,0.03603385674782904,0.03956138542759755,0.026589001159528582,0.15185577437515632,0.02526443254266054,0.015252345412491763,-0.22398345446569867,-0.23923579987819044,0.000987143201008421,0.01297238426806897,-0.11229438894755878,-0.12526677321562774,0.001324568616868041
B0040,43,263,0.054642552304035336,0.04225733458013451,0.26643031643069653,0.04139824980221149,0.039589822968241206,0.026936423456468645,0.15233074779389383,0.025631143186020347,0.012385217723900825,-0.2117877641266612,-0.22417298185056203,0.0008590847779230207,0.012653399511772561,-0.11274092482565262,-0.12539432433742517,0.0013052802704482981
B0040,44,261,0.052189092596019206,0.041355216165659604,0.2616544437743832,0.040395599607049665,0.03896267012360134,0.026745567431646865,0.15337662800053706,0.025365970630596445,0.010833876430359601,-0.20946535117836398,-0.22029922760872359,0.0009596165586099395,0.012217102691954477,-0.11441395787693572,-0.1266310605688902,0.0013795968010504207
B0040,45,36,0.2572703591040456,0.26483623528592265,0.6040937433301389,0.2581863666780037,0.2189645488544839,0.20671872382043713,0.5253422299425191,0.20313433049541788,-0.00756587618187704,-0.34682338422609327,-0.3392575080442162,0.006649868607918941,0.012245825034046781,-0.3063776810880352,-0.318623506122082,0.003584393325019253
B0040,46,46,0.15408157941572692,0.13858342167795318,0.5751123074841217,0.13431363541642383,0.14751429487404175,0.1305498508937856,0.48878306242462033,0.1307231282420956,0.015498157737773743,-0.42103072806839476,-0.4365288858061685,0.004269786261529351,0.01696444398025615,-0.34126876755057856,-0.35823321153083476,-0.00017327734830999142
B0041,46,333,0.0935361953801954,0.07401745094496696,0.046296696944550936,0.08942181501916885,0.06852672979511416,0.04237526883664071,0.03343943820588933,0.03692799248641813,0.01951874443522844,0.04723949843564447,0.02772075400041603,-0.015404364074201884,0.026151460958473455,0.035087291589224835,0.00893583063075138,0.005447276350222581
B0041,47,327,0.09550454465480653,0.07939496706870332,0.09699392270527162,0.04623192727515312,0.06606413317323563,0.03923961169573111,0.08193941809534189,0.026708957705137586,0.016109577586103208,-0.00148937805046509,-0.017598955636568298,0.033163039793550196,0.02682452147750452,-0.015875284922106256,-0.042699806399610775,0.012530653990593527
B0041,48,318,0.09973129159106595,0.07949016214875898,0.18100045104539098,0.10922581425836911,0.07490958727984302,0.04548888100669675,0.16604062256244304,0.05701708658529262,0.020241129442306965,-0.08126915945432503,-0.101510288896632,-0.029735652109610128,0.029420706273146274,-0.09113103528260001,-0.12055174155574629,-0.011528205578595872
B0041,49,313,0.09952961268652265,0.08011574685543842,0.25076467610356945,0.12458887470541011,0.07447498865053685,0.04659190323664958,0.2329889044673027,0.06613100615193032,0.01941386583108423,-0.1512350634170468,-0.17064892924813102,-0.04447312784997169,0.027883085413887274,-0.15851391581676583,-0.18639700123065311,-0.019539102915280743
B0041,50,306,0.10231504870078384,0.08089063297332562,0.32859594933235464,0.10321494184295739,0.0752321227844747,0.04549529286301779,0.31062275213163915,0.054807877348490276,0.02142441572745822,-0.2262809006315708,-0.24770531635902904,-0.02232430886963177,0.029736829921456917,-0.23539062934716443,-0.26512745926862136,-0.009312584485472487
B0041,51,302,0.1069766938553039,0.08509582703637689,0.40363780996733745,0.13693063520281878,0.07645896790399909,0.05001495597876148,0.3824553902330522,0.0762204201897122,0.02188086681892701,-0.29666111611203355,-0.3185419829309606,-0.0518348081664419,0.026444011925237605,-0.3059964223290531,-0.3324404342542907,-0.02620546421095072
B0041,52,298,0.10443730502744342,0.0836489475276071,0.4727518186379737,0.13840893071316418,0.07569926225199729,0.04989862858812976,0.45161959810887187,0.07553883002047398,0.02078835749983632,-0.3683145136105303,-0.3891028711103666,-0.05475998318555708,0.025800633663867527,-0.37592033585687457,-0.4017209695207421,-0.025640201432344224
B0041,53,294,0.11171218170638447,0.09018357276976802,0.5481082909319648,0.15110425120834628,0.08271413149529225,0.05790981732695348,0.5279550858810761,0.08642783747289506,0.021528608936616456,-0.4363961092255803,-0.45792471816219676,-0.06092067843857826,0.024804314168338767,-0.4452409543857838,-0.4700452685541226,-0.028518020145941583
B0041,54,290,0.11370454620676226,0.08414060495024066,0.6040770942029339,0.16566593853326245,0.08108511153500539,0.055199977899845105,0.5801722092740886,0.09980877611955209,0.029563941256521606,-0.4903725479961716,-0.5199364892526932,-0.08152533358302179,0.025885133635160283,-0.4990870977390832,-0.5249722313742435,-0.04460879821970699
B0041,55,287,0.1151902472112828,0.08303758592909807,0.6680421976876499,0.1662152415727393,0.0820720476044966,0.05607916683455399,0.6431050477148134,0.10299431112405755,0.03215266128218473,-0.5528519504763671,-0.5850046117585519,-0.08317765564364121,0.025992880769942613,-0.5610330001103168,-0.5870258808802594,-0.04691514428950356
B0041,56,283,0.1164426427846632,0.08484679958299271,0.7297571368005491,0.1816124332267233,0.08503128180399515,0.05882561881326463,0.7039397647088993,0.11194701930608106,0.031595843201670484,-0.6133144940158859,-0.6449103372175564,-0.09676563364373059,0.026205662990730516,-0.6189084829049042,-0.6451141458956346,-0.053121400492816426
B0041,57,284,0.11058903246486167,0.08871162756485036,0.7826549126372379,0.1569254746294735,0.08522836787065545,0.058891932599841795,0.7585903419125963,0.09603406821916216,0.021877404900011305,-0.6720658801723762,-0.6939432850723875,-0.06821384706462315,0.026336435270813655,-0.6733619740419409,-0.6996984093127545,-0.037142135619320366
B0041,58,276,0.12066051662798798,0.09021635536513778,0.8471015202378637,0.18048921218713565,0.09281988934039881,0.06762190521050233,0.8224922348173855,0.11850926136920199,0.030444161262850197,-0.7264410036098757,-0.756885164872726,-0.09027285682199787,0.025197984129896475,-0.7296723454769867,-0.7548703296068832,-0.05088735615869966
B0041,59,280,0.11136810397245543,0.08983547976055108,0.884338525056261,0.1755999577601271,0.0862143636131192,0.06136606278541327,0.858166809049658,0.1106365443624995,0.021532624211904355,-0.7729704210838055,-0.7945030452957099,-0.08576447799957602,0.02484830082770593,-0.7719524454365388,-0.7968007462642448,-0.04927048157708624
B0041,60,278,0.11184957181985965,0.08989853960643675,0.9359427343059645,0.16065093976109568,0.08643798306950123,0.060572736902838785,0.9092624047492854,0.0994967874549359,0.0219510322134229,-0.8240931624861049,-0.8460441946995277,-0.07075240015465893,0.02586524616666245,-0.8228244216797842,-0.8486896678464466,-0.03892405055209711
B0041,61,272,0.1199999819390185,0.08904585632997845,0.9891410141561319,0.17394630948349116,0.08825648604331873,0.06305832856868383,0.9587286367833637,0.11114143624218725,0.03095412560904004,-0.8691410322171134,-0.9000951578261535,-0.0849004531535127,0.0251981574746349,-0.870472150740045,-0.8956703082146799,-0.04808310767350342
B0041,62,274,0.11513755695360818,0.09210479848001923,1.0302589904295065,0.16117922645700908,0.08621622119669543,0.06070818698857537,1.0001842569780544,0.09997006202523995,0.023032758473588946,-0.9151214334758984,-0.9381541919494873,-0.06907442797698984,0.02550803420812006,-0.9139680357813589,-0.939476069989479,-0.039261875036664576
B0041,63,269,0.12473177807034969,0.099978742277994,1.0854879253212637,0.1728133964290094,0.09469796289581635,0.07386532504121922,1.0556821932932223,0.11380734738777853,0.024753035792355688,-0.9607561472509141,-0.9855091830432697,-0.0728346541510154,0.02083263785459713,-0.960984230397406,-0.9818168682520031,-0.03994202234655932
B0041,64,268,0.12272211641231455,0.09139508685310625,1.122603487918896,0.1685654131158764,0.09159481186860427,0.06699393463417458,1.0866865856173986,0.11035189649861646,0.0313270295592083,-0.9998813715065814,-1.0312084010657898,-0.07717032626277014,0.02460087723442969,-0.9950917737487943,-1.019692650983224,-0.04335796186444188
B0041,65,267,0.12140704688106779,0.09517305583865883,1.1608574636377962,0.17108091686584315,0.08995439200916043,0.06762752765635889,1.1247544123314925,0.10854335725666842,0.026233991042408963,-1.0394504167567284,-1.0656844077991374,-0.07590786102718432,0.02232686435280154,-1.0348000203223322,-1.0571268846751336,-0.040915829600309525
B0041,66,265,0.11863591798306904,0.09559527406023771,1.2030344624719025,0.1695456978423018,0.08903900151220381,0.06753935863464557,1.1665029953768937,0.10749732045521389,0.023040643922831325,-1.0843985444888335,-1.1074391884116648,-0.0739504237820641,0.021499642877558248,-1.07746399386469,-1.0989636367422482,-0.03995796182056832
B0052,2,263,0.11758138543568021,0.04555150327241056,0.19344281735649163,0.0449220641588948,0.10812815452116568,0.04065030471726362,0.17406306200934943,0.0401147420828426,0.07202988216326965,-0.07586143192081142,-0.14789131408408107,0.0006294391135157618,0.06747784980390206,-0.06593490748818374,-0.1334127572920858,0.000535562634421019
B0052,3,258,0.1256493892116801,0.05491368506413991,0.32314588978331443,0.052178684431612256,0.11700249550360974,0.049480849520705486,0.3011841188718385,0.047628363099792764,0.07073570414754018,-0.19749650057163434,-0.2682322047191745,0.0027350006325276566,0.06752164598290425,-0.18418162336822874,-0.251703269351133,0.0018524864209127218
B0055,71,176,0.04947840367229162,0.028051792714948568,0.016757333435547715,0.015018594032547034,0.039323758265930306,0.020884319253549433,0.01327119611846657,0.010446158949619911,0.021426610957343054,0.03272107023674391,0.011294459279400853,0.013033198682401534,0.018439439012380873,0.026052562147463737,0.007613123135082863,0.010438160303929522
B0055,72,171,0.04427551328546351,0.02269290317147923,0.014916423220620905,0.016879489467781866,0.03683954889383094,0.01879460212088993,0.011537689865911098,0.013113216812244798,0.02158261011398428,0.029359090064842604,0.0077764799508583254,0.005813413703697364,0.01804494677294101,0.025301859027919843,0.007256912254978832,0.005681385308645133
B0055,73,171,0.04509238340836265,0.032014149731759985,0.033025818924936855,0.02448185545983898,0.03330340137722495,0.021216799586913974,0.0228593104348762,0.015721009161077507,0.013078233676602664,0.012066564483425794,-0.00101166919317687,0.007532294271921005,0.012086601790310975,0.01044409094234875,-0.0016425108479622245,0.005495790425836467
B0055,74,176,0.051738720980150345,0.030737668435505027,0.028509565153282974,0.01768765083117158,0.04177085900689748,0.02303090915358146,0.022073056585937063,0.012765999580355453,0.021001052544645318,0.02322915582686737,0.0022281032822220534,0.013050017604333448,0.018739949853316024,0.01969780242096042,0.0009578525676443954,0.010264909573226006
B0055,75,166,0.041028708312373326,0.024676506377681862,0.033941262720632574,0.023927941543158446,0.03059249266149487,0.014924314845857442,0.021444219943999476,0.01370999288261769,0.016352201934691463,0.007087445591740751,-0.009264756342950712,0.0007485648345234158,0.01566817781563743,0.009148272717495395,-0.006519905098142034,0.0012143219632397527
B0055,76,166,0.04278251606915392,0.02625335288098048,0.03072421275379996,0.020156863823815704,0.03538191803812045,0.021204532598660567,0.024263880091802123,0.015585080596288103,0.016529163188173438,0.012058303315353958,-0.0044708598728194805,0.0060964890571647765,0.014177385439459882,0.011118037946318327,-0.003059347493141556,0.005619452002372464
B0055,77,170,0.04709549917754441,0.03181432441736495,0.04681350397879724,0.020047868203081808,0.035261719487918855,0.021056106689352636,0.033386909240486595,0.012568848800716854,0.015281174760179456,0.00028199519874717166,-0.014999179561432284,0.011766456214283145,0.01420561279856622,0.0018748102474322598,-0.01233080255113396,0.008487257888635781
B0055,78,161,0.0440052357552812,0.021320506290966386,0.034943634112106624,0.021894415550745956,0.03650902317354693,0.014553406998890022,0.0255242260920311,0.014928714035856789,0.022684729464314816,0.009061601643174579,-0.013623127821140238,-0.0005739092597795703,0.021955616174656904,0.01098479708151583,-0.010970819093141076,-0.0003753070369667665
B0055,79,164,0.040888042844830025,0.03142655929104305,0.05659673966743644,0.028657177334078496,0.028527720171405126,0.017963980077347237,0.03769914600762165,0.016288475622382666,0.009461483553786974,-0.015708696822606415,-0.02517018037639339,0.002769381956964554,0.010563740094057888,-0.009171425836216524,-0.019735165930274412,0.0016755044549645708
B0055,80,167,0.04666736305884901,0.029347709494180196,0.04686047410425158,0.02292759078729927,0.038819443488883255,0.02420920875616018,0.03676457843265251,0.01813874708551544,0.017319653564668816,-0.0001931110454025664,-0.017512764610071382,0.006420118706880928,0.014610234732723076,0.0020548650562307452,-0.012555369676492331,0.00607046167064474
B0055,81,172,0.054726850899419,0.033937039431013574,0.05859367023729849,0.020398097725967825,0.04385213170591255,0.026282205886177978,0.04480685490559114,0.015158456700792945,0.020789811468405424,-0.0038668193378794888,-0.024656630806284913,0.01353894170504575,0.017569925819734575,-0.0009547231996785838,-0.01852464901941316,0.011123749185385032
B0055,82,169,0.052841902806154764,0.032749727274724756,0.06139371405602552,0.017862595412718434,0.04324243482045379,0.025211733242606768,0.04567573871543095,0.013260516388494238,0.020092175531430008,-0.008551811249870755,-0.028643986781300763,0.014887131862006322,0.018030701577847023,-0.0024333038949771596,-0.020464005472824183,0.01195121685411253
B0055,83,163,0.04216034910676552,0.03185314395957677,0.06780582056915688,0.025598743188082806,0.030959544314909448,0.018780306557945325,0.04644488858610731,0.015104960400858297,0.010307205147188747,-0.025645471462391357,-0.035952676609580105,0.006254400771493966,0.012179237756964122,-0.015485344271197864,-0.027664582028161987,0.0036753461570870286
B0055,84,170,0.0534372657124818,0.031902723214229295,0.06739556212979947,0.018361271393660308,0.04352407679822172,0.02454866565345836,0.05185417979913845,0.013295230860130753,0.021534542498252505,-0.013958296417317669,-0.035492838915570174,0.013541451820568987,0.01897541114476336,-0.00833010300091673,-0.02730551414568009,0.011253434793327608
B0055,85,161,0.04169586485394887,0.03366551537846109,0.07608600607889389,0.029919726682338502,0.02952704393056355,0.01917829693166097,0.05163122120518563,0.016975446394745825,0.00803034947548778,-0.03439014122494502,-0.0424204907004328,0.0037457886961225866,0.010348746998902578,-0.02210417727462208,-0.032452924273524655,0.002202850536915147
B0055,86,157,0.04606014429006787,0.02596007008221388,0.06434779600028957,0.02473982217672108,0.03818364194302949,0.018328620570177097,0.046717209622414456,0.016174304880539937,0.02010007420785399,-0.018287651710221703,-0.038387725918075696,0.0012202479054927995,0.019855021372852395,-0.008533567679384964,-0.02838858905223736,0.0021543156896371603
B0055,87,168,0.05562061388906453,0.036314919261381216,0.08286153233926534,0.02276331120440989,0.04558152126829943,0.029279748741261723,0.06434992881411362,0.017412579342114844,0.019305694627683313,-0.02724091845020081,-0.04654661307788412,0.013551608056971327,0.016301772527037708,-0.018768407545814193,-0.0350701800728519,0.011867169399146879
B0055,88,159,0.047649673096715355,0.03769312015504223,0.09043292807705741,0.02659383226920104,0.03689636058651466,0.024449528360779616,0.06435677024242738,0.016975430135144447,0.009956552941673122,-0.04278325498034206,-0.05273980792201518,0.011099287885841191,0.012446832225735043,-0.027460409655912718,-0.039907241881647765,0.007474098225635169
B0055,89,190,0.055092545580766865,0.0457155979206929,0.06489138450865294,0.03553325828842034,0.040774741338933114,0.03412637438512728,0.052998242438477214,0.027022740426467462,0.009376947660073964,-0.00979883892788607,-0.019175786587960035,0.01018233963227256,0.006648366953805836,-0.0122235010995441,-0.018871868053349936,0.007103633958659816
B0055,90,180,0.05457158728002445,0.03194296795124668,0.060048838349009453,0.022014004381833093,0.04426892473314785,0.024579601355262062,0.04941998241302796,0.015188698433875422,0.02262861932877777,-0.005477251068985001,-0.028105870397762772,0.009928963569413588,0.019689323377885787,-0.005151057679880111,-0.024840381057765898,0.00939090292138664
B0055,91,162,0.04576784745822411,0.016483186759334207,0.06704447528733959,0.020046311151920366,0.03613073839197392,0.010231353587720182,0.046397905610312026,0.01309903520259997,0.029284660698889905,-0.021276627829115477,-0.050561288528005385,-0.003563124392586159,0.025899384804253738,-0.010267167218338105,-0.03616655202259184,-0.002867681614879788
B0055,92,172,0.05530277120810623,0.028644867048039282,0.0796970848748202,0.018445503798457576,0.044651830829140364,0.022484881657096823,0.062138570802581984,0.01479540128674433,0.026657904160066945,-0.024394313666713976,-0.05105221782678092,0.010199363249581705,0.02216694917204354,-0.01748673997344162,-0.03965368914548516,0.007689480370352494
B0055,93,161,0.042383621746253534,0.023137779437198396,0.07306088139889039,0.017427969411750337,0.03530086464759034,0.01968990105219312,0.05851641653388246,0.013385862253800075,0.019245842309055138,-0.030677259652636853,-0.04992310196169199,0.0057098100254480595,0.015610963595397216,-0.023215551886292124,-0.03882651548168934,0.006304038798393046
B0055,94,156,0.0480584102964805,0.024262349046148497,0.08343349639522758,0.02586333145062385,0.03815510405170485,0.010249555918063983,0.05729841202291724,0.01370969093037567,0.023796061250332005,-0.03537508609874708,-0.059171147349079085,-0.0016009824044753533,0.027905548133640868,-0.019143307971212387,-0.04704885610485325,-0.0034601350123116877
B0055,95,153,0.04251625182584076,0.018588490618342335,0.07882790470934721,0.016890771994841423,0.03407570496272236,0.01004197263555764,0.06119365122705519,0.008754742001165912,0.023927761207498427,-0.03631165288350645,-0.060239414091004875,0.0016977186235009115,0.02403373232716472,-0.02711794626433283,-0.05115167859149755,0.001287230634391727
B0055,96,166,0.05325954859778266,0.03449990028421961,0.11158549193817222,0.028376240369581227,0.04084956872817338,0.023501189112128,0.0825491682250906,0.018687791381604302,0.018759648313563047,-0.058325943340389555,-0.0770855916539526,0.006123659914638386,0.01734837961604538,-0.041699599496917227,-0.059047979112962605,0.004813397730523698
B0055,97,158,0.04579628360007667,0.03236703934380803,0.09463584071597742,0.02333210191831556,0.03775545189969414,0.027662766565012844,0.07587172467418128,0.019318667233081545,0.013429244256268638,-0.048839557115900746,-0.062268801372169384,0.009034937425492471,0.010092685334681297,-0.03811627277448714,-0.048208958109168434,0.008344099331931299
B0055,98,157,0.04581631436719134,0.032104499312515154,0.11321686544388206,0.031236180996921548,0.03200658927506858,0.018970417890680463,0.08102335168849753,0.01891197572415403,0.013711815054676182,-0.06740055107669071,-0.08111236613136691,0.0008683183155936067,0.013036171384388118,-0.04901676241342895,-0.06205293379781707,5.844216652643383e-05
B0055,99,161,0.05314400265631899,0.03536568694988782,0.11097592643940538,0.024422337781446916,0.04400262038123859,0.030044057400885366,0.08866196673303778,0.020513997693423842,0.017778315706431166,-0.05783192378308639,-0.07561023948951756,0.010943349168440905,0.013958562980353223,-0.04465934635179919,-0.05861790933215241,0.009530059707461524
B0055,100,158,0.0493655088363279,0.037388591604016176,0.1106065969513632,0.026318956493661533,0.04081196787941341,0.031070674138836334,0.09039894897021665,0.02210099621546431,0.011976917232311722,-0.0612410881150353,-0.07321800534734701,0.011069635110354643,0.009741293740577073,-0.04958698109080324,-0.05932827483138031,0.008969677923372023
B0055,101,158,0.048579826618163104,0.03861848738874791,0.12470464508287923,0.03245337825603531,0.03644116546104664,0.02455641157099577,0.09278142250489381,0.020349418937081885,0.009961339229415195,-0.07612481846471614,-0.08608615769413133,0.0061651091327126,0.011884753890050871,-0.05634025704384717,-0.06822501093389804,0.004206992633913886
B0056,71,179,0.03276118861968239,0.031102539646019153,0.013938732395879665,0.029041126094138135,0.029490298888108255,0.024581132774429273,0.01250049567873344,0.02094878527347656,0.001658648973663239,0.018822456223802728,0.01716380725013949,0.002061413551881018,0.004909166113678982,0.016989803209374814,0.012080637095695833,0.0036323475009527144
B0056,72,175,0.030143143563499793,0.01993508998507815,0.022620067697923088,0.019696775701906703,0.022843521264733907,0.01815556570312385,0.017796792712090857,0.01711987020090426,0.010208053578421642,0.007523075865576705,-0.0026849777128449374,0.00023831428317144798,0.004687955561610058,0.00504672855264305,0.00035877299103299204,0.0010356955022195885
B0056,73,175,0.032838436966171336,0.034572693091008876,0.024551347694441932,0.03286744970183346,0.030208716782972066,0.024053501226521418,0.017063766201566233,0.020933779675107365,-0.0017342561248375396,0.008287089271729404,0.010021345396566943,0.0017052433891754162,0.006155215556450648,0.013144950581405832,0.006989735024955184,0.0031197215514140522
B0056,74,177,0.031278281947764386,0.033083203998577615,0.021351131211951473,0.03074766189893971,0.028405124196350325,0.026153817027348317,0.018521241601925413,0.021542411061781525,-0.001804922050813229,0.009927150735812913,0.011732072786626142,0.002335542099637905,0.002251307169002008,0.009883882594424912,0.007632575425422904,0.004611405965566792
B0056,75,172,0.027649151312147225,0.02701827041820156,0.026488506961182552,0.025684849340926682,0.02442235624580334,0.01772200464739859,0.016800666624310765,0.015295749414974009,0.0006308808939456644,0.0011606443509646729,0.0005297634570190085,0.0013334210772748788,0.00670035159840475,0.007621689621492574,0.000921338023087824,0.00242625523242458
B0056,76,170,0.03113919065957173,0.018828819714003915,0.021163958659086657,0.018021380283338953,0.023835832189295064,0.017057553519479914,0.019102331087653208,0.015880472535903457,0.012310370945567816,0.009975232000485074,-0.0023351389450827417,0.0008074394306649621,0.00677827866981515,0.004733501101641856,-0.0020447775681732942,0.0011770809835764569
B0056,77,172,0.032006054376491545,0.032807356835624135,0.03332773632945439,0.0308348560502119,0.029484988583089053,0.023502122447504256,0.02487209181662967,0.02031223103991822,-0.0008013024591325899,-0.0013216819529628457,-0.0005203794938302558,0.001972500785412234,0.005982866135584797,0.004612896766459384,-0.001369969369125413,0.0031898914075860346
B0056,78,165,0.03447722454166237,0.016570966859943935,0.0222456235579764,0.017854781992048485,0.028921358233250767,0.012765244489882146,0.020148888340604826,0.012590343924785662,0.017906257681718434,0.012231600983685968,-0.005674656698032465,-0.0012838151321045502,0.016156113743368623,0.008772469892645941,-0.00738364385072268,0.0001749005650964839
B0056,79,168,0.02757375614751612,0.030217911594807394,0.04303318709006083,0.028856226933609574,0.02372130023016581,0.01949088089453946,0.030045073235175062,0.017220438731747476,-0.0026441554472912757,-0.015459430942544709,-0.012815275495253433,0.0013616846611978206,0.004230419335626352,-0.006323773005009251,-0.010554192340635603,0.0022704421627919823
B0056,80,170,0.028307517372459897,0.022876244178231583,0.03162381801223477,0.021654996935026215,0.020621995206803183,0.020974553351293092,0.029079831906599542,0.019582487820571835,0.005431273194228314,-0.0033163006397748697,-0.008747573834003184,0.0012212472432053673,-0.00035255814448990896,-0.00845783669979636,-0.00810527855530645,0.0013920655307212565
B0056,81,171,0.03301470346561178,0.03359235149309183,0.04392268365068744,0.030415685052443034,0.029924550592030138,0.028702798177660933,0.03709576973210806,0.024170848967527744,-0.000577648027480053,-0.01090798018507566,-0.010330332157595608,0.003176666440648797,0.0012217524143692052,-0.0071712191400779245,-0.00839297155444713,0.004531949210133189
B0056,82,169,0.03245559392762876,0.031772306588800876,0.04586866442059031,0.029380145870285673,0.029008454347570378,0.02608587991759277,0.03798549739297911,0.02216049179580802,0.0006832873388278871,-0.013413070492961546,-0.014096357831789433,0.002392160718515203,0.0029225744299776098,-0.00897704304540873,-0.01189961747538634,0.003925388121784747
B0056,83,166,0.029692775830889022,0.030672196638184858,0.052165584688610746,0.029075688369537524,0.02659360766217506,0.020710964970438898,0.03831318629894053,0.01849880097949474,-0.000979420807295836,-0.022472808857721724,-0.021493388050425888,0.0015965082686473335,0.005882642691736162,-0.011719578636765472,-0.017602221328501633,0.0022121639909441562
B0056,84,169,0.032473936128198724,0.035193488871726894,0.05265044779446044,0.0323868182467141,0.030148475128719928,0.02874345166980473,0.042612354803758065,0.023941798355946658,-0.0027195527435281697,-0.020176511666261714,-0.017456958922733544,0.0028066706250127957,0.0014050234589151993,-0.012463879675038137,-0.013868903133953336,0.004801653313858071
B0056,85,165,0.030445452921987515,0.03179271859075167,0.05780204822174509,0.030289696447939208,0.026941030429480563,0.02089290699598138,0.042040412770034376,0.01910569510267315,-0.001347265668764152,-0.027356595299757574,-0.026009329630993422,0.0015030221428124595,0.0060481234334991835,-0.015099382340553812,-0.021147505774052996,0.0017872118933082298
B0056,86,160,0.03515770893925609,0.01682683503715137,0.04042745860790206,0.01763110883232182,0.02922179363376868,0.013991515247229344,0.03575539041771504,0.013703126526429538,0.018330873902104722,-0.005269749668645969,-0.02360062357075069,-0.000804273795170448,0.015230278386539335,-0.006533596783946362,-0.021763875170485697,0.0002883887207998058
B0056,87,167,0.03418264395376262,0.03576668116004691,0.06067941924961771,0.032248143483184076,0.03106278836930244,0.03154341398754925,0.051067344323367535,0.026703595413495793,-0.0015840372062842847,-0.026496775295855084,-0.0249127380895708,0.003518537676862832,-0.0004806256182468098,-0.020004555954065095,-0.019523930335818285,0.004839818574053457
B0056,88,160,0.03347357369449029,0.03524731819945357,0.06489984317018926,0.033336156575434456,0.03092584495566416,0.025121410666863197,0.04931304414301851,0.022238715608632338,-0.0017737445049632802,-0.03142626947569897,-0.029652524970735693,0.0019111616240191157,0.005804434288800963,-0.018387199187354347,-0.02419163347615531,0.0028826950582308587
B0056,89,187,0.03934938621704696,0.04860099646709687,0.0449642271303423,0.0468426738237985,0.03475164228774493,0.037051580952502286,0.03890801420593248,0.03713570807481053,-0.009251610250049912,-0.005614840913295345,0.0036367693367545667,0.0017583226432983656,-0.0022999386647573547,-0.004156371918187546,-0.0018564332534301911,-8.412712230824321e-05
B0056,90,182,0.032700966415758356,0.033164522268658625,0.03835049979489877,0.030755052015150598,0.029827694708833424,0.027429705594923456,0.03226240939783138,0.023595444969842942,-0.0004635558529002687,-0.005649533379140412,-0.005185977526240143,0.0024094702535080274,0.002397989113909968,-0.0024347146889979535,-0.004832703802907921,0.003834260625080514
B0056,91,172,0.02859395614397955,0.019172497106676,0.04461284458243533,0.01925235258014955,0.024486096458540815,0.011836091275095054,0.03176539145145254,0.01254954231944919,0.00942145903730355,-0.016018888438455777,-0.025440347475759326,-7.985547347354877e-05,0.012650005183445761,-0.007279294992911724,-0.019929300176357485,-0.0007134510443541353
B0056,92,175,0.0341640539006962,0.03194708026507928,0.05074294828549851,0.02906795676523801,0.03015510525082843,0.02824724736661333,0.04309781176161367,0.02436753449470654,0.0022169736356169173,-0.016578894384802312,-0.01879586802041923,0.00287912349984127,0.0019078578842150994,-0.012942706510785239,-0.014850564395000338,0.0038797128719067903
B0056,93,167,0.031052906750740086,0.018423940358490806,0.03926778385559234,0.01844008542887853,0.024257487544518813,0.016281057708855497,0.03523408414575282,0.015261679824949314,0.01262896639224928,-0.008214877104852254,-0.020843843497101534,-1.6145070387722088e-05,0.007976429835663316,-0.010976596601234005,-0.01895302643689732,0.0010193778839061828
B0056,94,164,0.02866651133184012,0.01589257090258611,0.05481424342121191,0.016079611326718608,0.02469300766790798,0.010177314275957342,0.04035541813820195,0.01094854355720543,0.012773940429254008,-0.02614773208937179,-0.0389216725186258,-0.00018704042413249591,0.014515693391950637,-0.01566241047029397,-0.030178103862244607,-0.0007712292812480873
B0056,95,161,0.03048478925496253,0.007537135473299309,0.04589402121063941,0.0076158347652505315,0.026112250181151257,0.005884024355833075,0.03710795807542253,0.005327566544133347,0.02294765378166322,-0.01540923195567688,-0.0383568857373401,-7.869929195122253e-05,0.020228225825318184,-0.010995707894271275,-0.03122393371958946,0.000556457811699728
B0056,96,167,0.03697398995868637,0.038213543738100375,0.07052219556577748,0.03587706348387047,0.03447196461528101,0.028077845418292568,0.054182180912635165,0.024484385129389847,-0.001239553779414003,-0.033548205607091104,-0.0323086518276771,0.002336480254229903,0.00639411919698844,-0.019710216297354158,-0.026104335494342597,0.003593460288902721
B0056,97,163,0.03062533439274723,0.02089313833178662,0.05327931714133606,0.01983380040785152,0.022505320903752155,0.01948415460533839,0.04761028742216797,0.018226767699360085,0.00973219606096061,-0.02265398274858883,-0.03238617880954944,0.0010593379239351025,0.0030211662984137647,-0.025104966518415813,-0.028126132816829578,0.0012573869059783055
B0056,98,162,0.0316815740858109,0.03191704538638119,0.07408511821190143,0.03058883832437374,0.02832225397133154,0.020842236834050013,0.05424012511133797,0.019276320611151428,-0.00023547130057029186,-0.042403544126090535,-0.04216807282552024,0.0013282070620074492,0.007480017137281528,-0.025917871140006425,-0.03339788827728796,0.0015659162228985855
B0056,99,164,0.030914720841117453,0.029239069419590414,0.06917537858577415,0.026769563350710995,0.024430895461047937,0.026393179400051932,0.05967456783061883,0.02351153993863539,0.0016756514215270392,-0.038260657744656694,-0.03993630916618374,0.0024695060688794193,-0.0019622839390039948,-0.03524367236957089,-0.0332813884305669,0.002881639461416542
B0056,100,162,0.027922187321737606,0.026443451348381098,0.06752803632111802,0.02469974257302499,0.020785972842843076,0.023736175103777755,0.05785484799019746,0.021710222431221893,0.0014787359733565084,-0.03960584899938041,-0.041084584972736926,0.0017437087753561092,-0.002950202260934679,-0.03706887514735438,-0.034118672886419704,0.0020259526725558627
B0056,101,161,0.035231864585164134,0.036680008004294974,0.08261054374745283,0.03482238822853139,0.03238486015512263,0.025897450681038322,0.0619605648517502,0.023246895408692674,-0.00144814341913084,-0.047378679162288696,-0.045930535743157856,0.0018576197757635832,0.0064874094740843095,-0.02957570469662757,-0.03606311417071188,0.0026505552723456484
